36.41971319 0.00000000 0.00000000 0.00000000 0.00000000 0.00000000 0.00000000 0.00000000 0.00000000 0.00000000 0.00000000 0.00000000 0.00000000 0.00000000 0.00000000 0.00000000 0.00000000 0.00000000 0.00000000 0.00000000 0.00000000 0.00000000 0.00000000 0.00000000 0.00000000 0.00000000 0.00000000 0.00000000 0.00000000 0.00000000 0.00000000 0.00000000 0.00000000 0.00000000 0.00000000 0.00000000 0.00000000 0.00000000 0.00000000 0.00000000 0.00000000 0.00000000 0.00000000 0.00000000 0.00000000 0.00000000 0.00000000 0.00000000 0.00000000 0.00000000 0.00000000 0.00000000 0.00000000 0.00000000 0.00000000 0.00000000 0.00000000 0.00000000 0.00000000 0.00000000 0.00000000 0.00000000 0.00000000 0.00000000 0.00000000 0.00000000 0.00000000 0.00000000 0.00000000 0.00000000 0.00000000 0.00000000 0.00000000 0.00000000 0.00000000 0.00000000 0.00000000 0.00000000 0.00000000 0.00000000 0.00000000 0.00000000 0.00000000 0.00000000 0.00000000 0.00000000 0.00000000 0.00000000 0.00000000 0.00000000 0.00000000 0.00000000 0.00000000 0.00000000 0.00000000 0.00000000 0.00000000 0.00000000 0.00000000 0.00000000
-46.52301455 89.88858898 0.00000000 0.00000000 0.00000000 0.00000000 0.00000000 0.00000000 0.00000000 0.00000000 0.00000000 0.00000000 0.00000000 0.00000000 0.00000000 0.00000000 0.00000000 0.00000000 0.00000000 0.00000000 0.00000000 0.00000000 0.00000000 0.00000000 0.00000000 0.00000000 0.00000000 0.00000000 0.00000000 0.00000000 0.00000000 0.00000000 0.00000000 0.00000000 0.00000000 0.00000000 0.00000000 0.00000000 0.00000000 0.00000000 0.00000000 0.00000000 0.00000000 0.00000000 0.00000000 0.00000000 0.00000000 0.00000000 0.00000000 0.00000000 0.00000000 0.00000000 0.00000000 0.00000000 0.00000000 0.00000000 0.00000000 0.00000000 0.00000000 0.00000000 0.00000000 0.00000000 0.00000000 0.00000000 0.00000000 0.00000000 0.00000000 0.00000000 0.00000000 0.00000000 0.00000000 0.00000000 0.00000000 0.00000000 0.00000000 0.00000000 0.00000000 0.00000000 0.00000000 0.00000000 0.00000000 0.00000000 0.00000000 0.00000000 0.00000000 0.00000000 0.00000000 0.00000000 0.00000000 0.00000000 0.00000000 0.00000000 0.00000000 0.00000000 0.00000000 0.00000000 0.00000000 0.00000000 0.00000000 0.00000000
61.23217823 -138.64332536 125.82417957 0.00000000 0.00000000 0.00000000 0.00000000 0.00000000 0.00000000 0.00000000 0.00000000 0.00000000 0.00000000 0.00000000 0.00000000 0.00000000 0.00000000 0.00000000 0.00000000 0.00000000 0.00000000 0.00000000 0.00000000 0.00000000 0.00000000 0.00000000 0.00000000 0.00000000 0.00000000 0.00000000 0.00000000 0.00000000 0.00000000 0.00000000 0.00000000 0.00000000 0.00000000 0.00000000 0.00000000 0.00000000 0.00000000 0.00000000 0.00000000 0.00000000 0.00000000 0.00000000 0.00000000 0.00000000 0.00000000 0.00000000 0.00000000 0.00000000 0.00000000 0.00000000 0.00000000 0.00000000 0.00000000 0.00000000 0.00000000 0.00000000 0.00000000 0.00000000 0.00000000 0.00000000 0.00000000 0.00000000 0.00000000 0.00000000 0.00000000 0.00000000 0.00000000 0.00000000 0.00000000 0.00000000 0.00000000 0.00000000 0.00000000 0.00000000 0.00000000 0.00000000 0.00000000 0.00000000 0.00000000 0.00000000 0.00000000 0.00000000 0.00000000 0.00000000 0.00000000 0.00000000 0.00000000 0.00000000 0.00000000 0.00000000 0.00000000 0.00000000 0.00000000 0.00000000 0.00000000 0.00000000
-74.08780223 7.67260974 -61.79962766 156.41818473 0.00000000 0.00000000 0.00000000 0.00000000 0.00000000 0.00000000 0.00000000 0.00000000 0.00000000 0.00000000 0.00000000 0.00000000 0.00000000 0.00000000 0.00000000 0.00000000 0.00000000 0.00000000 0.00000000 0.00000000 0.00000000 0.00000000 0.00000000 0.00000000 0.00000000 0.00000000 0.00000000 0.00000000 0.00000000 0.00000000 0.00000000 0.00000000 0.00000000 0.00000000 0.00000000 0.00000000 0.00000000 0.00000000 0.00000000 0.00000000 0.00000000 0.00000000 0.00000000 0.00000000 0.00000000 0.00000000 0.00000000 0.00000000 0.00000000 0.00000000 0.00000000 0.00000000 0.00000000 0.00000000 0.00000000 0.00000000 0.00000000 0.00000000 0.00000000 0.00000000 0.00000000 0.00000000 0.00000000 0.00000000 0.00000000 0.00000000 0.00000000 0.00000000 0.00000000 0.00000000 0.00000000 0.00000000 0.00000000 0.00000000 0.00000000 0.00000000 0.00000000 0.00000000 0.00000000 0.00000000 0.00000000 0.00000000 0.00000000 0.00000000 0.00000000 0.00000000 0.00000000 0.00000000 0.00000000 0.00000000 0.00000000 0.00000000 0.00000000 0.00000000 0.00000000 0.00000000
89.24016266 -41.55554180 233.76607604 -172.92432104 76.92234105 0.00000000 0.00000000 0.00000000 0.00000000 0.00000000 0.00000000 0.00000000 0.00000000 0.00000000 0.00000000 0.00000000 0.00000000 0.00000000 0.00000000 0.00000000 0.00000000 0.00000000 0.00000000 0.00000000 0.00000000 0.00000000 0.00000000 0.00000000 0.00000000 0.00000000 0.00000000 0.00000000 0.00000000 0.00000000 0.00000000 0.00000000 0.00000000 0.00000000 0.00000000 0.00000000 0.00000000 0.00000000 0.00000000 0.00000000 0.00000000 0.00000000 0.00000000 0.00000000 0.00000000 0.00000000 0.00000000 0.00000000 0.00000000 0.00000000 0.00000000 0.00000000 0.00000000 0.00000000 0.00000000 0.00000000 0.00000000 0.00000000 0.00000000 0.00000000 0.00000000 0.00000000 0.00000000 0.00000000 0.00000000 0.00000000 0.00000000 0.00000000 0.00000000 0.00000000 0.00000000 0.00000000 0.00000000 0.00000000 0.00000000 0.00000000 0.00000000 0.00000000 0.00000000 0.00000000 0.00000000 0.00000000 0.00000000 0.00000000 0.00000000 0.00000000 0.00000000 0.00000000 0.00000000 0.00000000 0.00000000 0.00000000 0.00000000 0.00000000 0.00000000 0.00000000
1.09378741 -40.03475391 -88.26184583 -48.65637492 -51.52509802 -291.34147604 0.00000000 0.00000000 0.00000000 0.00000000 0.00000000 0.00000000 0.00000000 0.00000000 0.00000000 0.00000000 0.00000000 0.00000000 0.00000000 0.00000000 0.00000000 0.00000000 0.00000000 0.00000000 0.00000000 0.00000000 0.00000000 0.00000000 0.00000000 0.00000000 0.00000000 0.00000000 0.00000000 0.00000000 0.00000000 0.00000000 0.00000000 0.00000000 0.00000000 0.00000000 0.00000000 0.00000000 0.00000000 0.00000000 0.00000000 0.00000000 0.00000000 0.00000000 0.00000000 0.00000000 0.00000000 0.00000000 0.00000000 0.00000000 0.00000000 0.00000000 0.00000000 0.00000000 0.00000000 0.00000000 0.00000000 0.00000000 0.00000000 0.00000000 0.00000000 0.00000000 0.00000000 0.00000000 0.00000000 0.00000000 0.00000000 0.00000000 0.00000000 0.00000000 0.00000000 0.00000000 0.00000000 0.00000000 0.00000000 0.00000000 0.00000000 0.00000000 0.00000000 0.00000000 0.00000000 0.00000000 0.00000000 0.00000000 0.00000000 0.00000000 0.00000000 0.00000000 0.00000000 0.00000000 0.00000000 0.00000000 0.00000000 0.00000000 0.00000000 0.00000000
-77.71542995 -11.61693448 -186.49414012 178.15457258 -23.30047262 16.56814661 21.32829741 0.00000000 0.00000000 0.00000000 0.00000000 0.00000000 0.00000000 0.00000000 0.00000000 0.00000000 0.00000000 0.00000000 0.00000000 0.00000000 0.00000000 0.00000000 0.00000000 0.00000000 0.00000000 0.00000000 0.00000000 0.00000000 0.00000000 0.00000000 0.00000000 0.00000000 0.00000000 0.00000000 0.00000000 0.00000000 0.00000000 0.00000000 0.00000000 0.00000000 0.00000000 0.00000000 0.00000000 0.00000000 0.00000000 0.00000000 0.00000000 0.00000000 0.00000000 0.00000000 0.00000000 0.00000000 0.00000000 0.00000000 0.00000000 0.00000000 0.00000000 0.00000000 0.00000000 0.00000000 0.00000000 0.00000000 0.00000000 0.00000000 0.00000000 0.00000000 0.00000000 0.00000000 0.00000000 0.00000000 0.00000000 0.00000000 0.00000000 0.00000000 0.00000000 0.00000000 0.00000000 0.00000000 0.00000000 0.00000000 0.00000000 0.00000000 0.00000000 0.00000000 0.00000000 0.00000000 0.00000000 0.00000000 0.00000000 0.00000000 0.00000000 0.00000000 0.00000000 0.00000000 0.00000000 0.00000000 0.00000000 0.00000000 0.00000000 0.00000000
-84.03788160 116.44115833 -72.71200812 -20.55779900 -62.35010834 -198.57228271 -184.82016663 52.32439924 0.00000000 0.00000000 0.00000000 0.00000000 0.00000000 0.00000000 0.00000000 0.00000000 0.00000000 0.00000000 0.00000000 0.00000000 0.00000000 0.00000000 0.00000000 0.00000000 0.00000000 0.00000000 0.00000000 0.00000000 0.00000000 0.00000000 0.00000000 0.00000000 0.00000000 0.00000000 0.00000000 0.00000000 0.00000000 0.00000000 0.00000000 0.00000000 0.00000000 0.00000000 0.00000000 0.00000000 0.00000000 0.00000000 0.00000000 0.00000000 0.00000000 0.00000000 0.00000000 0.00000000 0.00000000 0.00000000 0.00000000 0.00000000 0.00000000 0.00000000 0.00000000 0.00000000 0.00000000 0.00000000 0.00000000 0.00000000 0.00000000 0.00000000 0.00000000 0.00000000 0.00000000 0.00000000 0.00000000 0.00000000 0.00000000 0.00000000 0.00000000 0.00000000 0.00000000 0.00000000 0.00000000 0.00000000 0.00000000 0.00000000 0.00000000 0.00000000 0.00000000 0.00000000 0.00000000 0.00000000 0.00000000 0.00000000 0.00000000 0.00000000 0.00000000 0.00000000 0.00000000 0.00000000 0.00000000 0.00000000 0.00000000 0.00000000
-24.67689787 -43.08555524 -120.62457341 -26.38797727 -67.98585881 -426.21361375 -209.71531574 -32.46453012 -912.67664845 0.00000000 0.00000000 0.00000000 0.00000000 0.00000000 0.00000000 0.00000000 0.00000000 0.00000000 0.00000000 0.00000000 0.00000000 0.00000000 0.00000000 0.00000000 0.00000000 0.00000000 0.00000000 0.00000000 0.00000000 0.00000000 0.00000000 0.00000000 0.00000000 0.00000000 0.00000000 0.00000000 0.00000000 0.00000000 0.00000000 0.00000000 0.00000000 0.00000000 0.00000000 0.00000000 0.00000000 0.00000000 0.00000000 0.00000000 0.00000000 0.00000000 0.00000000 0.00000000 0.00000000 0.00000000 0.00000000 0.00000000 0.00000000 0.00000000 0.00000000 0.00000000 0.00000000 0.00000000 0.00000000 0.00000000 0.00000000 0.00000000 0.00000000 0.00000000 0.00000000 0.00000000 0.00000000 0.00000000 0.00000000 0.00000000 0.00000000 0.00000000 0.00000000 0.00000000 0.00000000 0.00000000 0.00000000 0.00000000 0.00000000 0.00000000 0.00000000 0.00000000 0.00000000 0.00000000 0.00000000 0.00000000 0.00000000 0.00000000 0.00000000 0.00000000 0.00000000 0.00000000 0.00000000 0.00000000 0.00000000 0.00000000
81.33486414 -163.74602988 198.11838050 88.90462391 58.06289571 303.24731685 -17.86512772 -6.03807881 -41.25215929 291.22930700 0.00000000 0.00000000 0.00000000 0.00000000 0.00000000 0.00000000 0.00000000 0.00000000 0.00000000 0.00000000 0.00000000 0.00000000 0.00000000 0.00000000 0.00000000 0.00000000 0.00000000 0.00000000 0.00000000 0.00000000 0.00000000 0.00000000 0.00000000 0.00000000 0.00000000 0.00000000 0.00000000 0.00000000 0.00000000 0.00000000 0.00000000 0.00000000 0.00000000 0.00000000 0.00000000 0.00000000 0.00000000 0.00000000 0.00000000 0.00000000 0.00000000 0.00000000 0.00000000 0.00000000 0.00000000 0.00000000 0.00000000 0.00000000 0.00000000 0.00000000 0.00000000 0.00000000 0.00000000 0.00000000 0.00000000 0.00000000 0.00000000 0.00000000 0.00000000 0.00000000 0.00000000 0.00000000 0.00000000 0.00000000 0.00000000 0.00000000 0.00000000 0.00000000 0.00000000 0.00000000 0.00000000 0.00000000 0.00000000 0.00000000 0.00000000 0.00000000 0.00000000 0.00000000 0.00000000 0.00000000 0.00000000 0.00000000 0.00000000 0.00000000 0.00000000 0.00000000 0.00000000 0.00000000 0.00000000 0.00000000
-9.68404357 19.59283265 -91.42096494 -64.28879454 -53.76918993 -256.55762452 -123.72792000 -105.25483465 -1127.00998829 -0.73252773 -71.56221813 0.00000000 0.00000000 0.00000000 0.00000000 0.00000000 0.00000000 0.00000000 0.00000000 0.00000000 0.00000000 0.00000000 0.00000000 0.00000000 0.00000000 0.00000000 0.00000000 0.00000000 0.00000000 0.00000000 0.00000000 0.00000000 0.00000000 0.00000000 0.00000000 0.00000000 0.00000000 0.00000000 0.00000000 0.00000000 0.00000000 0.00000000 0.00000000 0.00000000 0.00000000 0.00000000 0.00000000 0.00000000 0.00000000 0.00000000 0.00000000 0.00000000 0.00000000 0.00000000 0.00000000 0.00000000 0.00000000 0.00000000 0.00000000 0.00000000 0.00000000 0.00000000 0.00000000 0.00000000 0.00000000 0.00000000 0.00000000 0.00000000 0.00000000 0.00000000 0.00000000 0.00000000 0.00000000 0.00000000 0.00000000 0.00000000 0.00000000 0.00000000 0.00000000 0.00000000 0.00000000 0.00000000 0.00000000 0.00000000 0.00000000 0.00000000 0.00000000 0.00000000 0.00000000 0.00000000 0.00000000 0.00000000 0.00000000 0.00000000 0.00000000 0.00000000 0.00000000 0.00000000 0.00000000 0.00000000
51.56570477 -84.38897498 151.74087921 -69.40858303 -8.21362466 -125.45687371 -128.47721723 11.04510099 -105.81655729 116.81767455 -50.97262244 116.73241758 0.00000000 0.00000000 0.00000000 0.00000000 0.00000000 0.00000000 0.00000000 0.00000000 0.00000000 0.00000000 0.00000000 0.00000000 0.00000000 0.00000000 0.00000000 0.00000000 0.00000000 0.00000000 0.00000000 0.00000000 0.00000000 0.00000000 0.00000000 0.00000000 0.00000000 0.00000000 0.00000000 0.00000000 0.00000000 0.00000000 0.00000000 0.00000000 0.00000000 0.00000000 0.00000000 0.00000000 0.00000000 0.00000000 0.00000000 0.00000000 0.00000000 0.00000000 0.00000000 0.00000000 0.00000000 0.00000000 0.00000000 0.00000000 0.00000000 0.00000000 0.00000000 0.00000000 0.00000000 0.00000000 0.00000000 0.00000000 0.00000000 0.00000000 0.00000000 0.00000000 0.00000000 0.00000000 0.00000000 0.00000000 0.00000000 0.00000000 0.00000000 0.00000000 0.00000000 0.00000000 0.00000000 0.00000000 0.00000000 0.00000000 0.00000000 0.00000000 0.00000000 0.00000000 0.00000000 0.00000000 0.00000000 0.00000000 0.00000000 0.00000000 0.00000000 0.00000000 0.00000000 0.00000000
-77.85431081 97.58247742 -216.58792213 9.17104704 15.45394286 -206.89836719 84.98045709 76.23696984 566.56423209 -295.45817814 258.34839517 279.49401911 2915.09674231 0.00000000 0.00000000 0.00000000 0.00000000 0.00000000 0.00000000 0.00000000 0.00000000 0.00000000 0.00000000 0.00000000 0.00000000 0.00000000 0.00000000 0.00000000 0.00000000 0.00000000 0.00000000 0.00000000 0.00000000 0.00000000 0.00000000 0.00000000 0.00000000 0.00000000 0.00000000 0.00000000 0.00000000 0.00000000 0.00000000 0.00000000 0.00000000 0.00000000 0.00000000 0.00000000 0.00000000 0.00000000 0.00000000 0.00000000 0.00000000 0.00000000 0.00000000 0.00000000 0.00000000 0.00000000 0.00000000 0.00000000 0.00000000 0.00000000 0.00000000 0.00000000 0.00000000 0.00000000 0.00000000 0.00000000 0.00000000 0.00000000 0.00000000 0.00000000 0.00000000 0.00000000 0.00000000 0.00000000 0.00000000 0.00000000 0.00000000 0.00000000 0.00000000 0.00000000 0.00000000 0.00000000 0.00000000 0.00000000 0.00000000 0.00000000 0.00000000 0.00000000 0.00000000 0.00000000 0.00000000 0.00000000 0.00000000 0.00000000 0.00000000 0.00000000 0.00000000 0.00000000
-79.15669759 118.43300866 -129.08872005 103.45600616 122.57321783 130.56542416 197.60764705 182.06363162 1797.10991118 -187.15850001 289.02412515 490.14222787 3264.92373739 220.12171176 0.00000000 0.00000000 0.00000000 0.00000000 0.00000000 0.00000000 0.00000000 0.00000000 0.00000000 0.00000000 0.00000000 0.00000000 0.00000000 0.00000000 0.00000000 0.00000000 0.00000000 0.00000000 0.00000000 0.00000000 0.00000000 0.00000000 0.00000000 0.00000000 0.00000000 0.00000000 0.00000000 0.00000000 0.00000000 0.00000000 0.00000000 0.00000000 0.00000000 0.00000000 0.00000000 0.00000000 0.00000000 0.00000000 0.00000000 0.00000000 0.00000000 0.00000000 0.00000000 0.00000000 0.00000000 0.00000000 0.00000000 0.00000000 0.00000000 0.00000000 0.00000000 0.00000000 0.00000000 0.00000000 0.00000000 0.00000000 0.00000000 0.00000000 0.00000000 0.00000000 0.00000000 0.00000000 0.00000000 0.00000000 0.00000000 0.00000000 0.00000000 0.00000000 0.00000000 0.00000000 0.00000000 0.00000000 0.00000000 0.00000000 0.00000000 0.00000000 0.00000000 0.00000000 0.00000000 0.00000000 0.00000000 0.00000000 0.00000000 0.00000000 0.00000000 0.00000000
43.27661217 -108.88788926 3.12519030 88.85812719 70.76967872 215.04432316 225.73245543 96.27732554 1274.50159945 -100.92905005 210.30611041 375.46404731 2691.68753039 19.76519333 -43.37936610 0.00000000 0.00000000 0.00000000 0.00000000 0.00000000 0.00000000 0.00000000 0.00000000 0.00000000 0.00000000 0.00000000 0.00000000 0.00000000 0.00000000 0.00000000 0.00000000 0.00000000 0.00000000 0.00000000 0.00000000 0.00000000 0.00000000 0.00000000 0.00000000 0.00000000 0.00000000 0.00000000 0.00000000 0.00000000 0.00000000 0.00000000 0.00000000 0.00000000 0.00000000 0.00000000 0.00000000 0.00000000 0.00000000 0.00000000 0.00000000 0.00000000 0.00000000 0.00000000 0.00000000 0.00000000 0.00000000 0.00000000 0.00000000 0.00000000 0.00000000 0.00000000 0.00000000 0.00000000 0.00000000 0.00000000 0.00000000 0.00000000 0.00000000 0.00000000 0.00000000 0.00000000 0.00000000 0.00000000 0.00000000 0.00000000 0.00000000 0.00000000 0.00000000 0.00000000 0.00000000 0.00000000 0.00000000 0.00000000 0.00000000 0.00000000 0.00000000 0.00000000 0.00000000 0.00000000 0.00000000 0.00000000 0.00000000 0.00000000 0.00000000 0.00000000
8.92468242 8.37314977 -59.08235199 34.84704137 82.92702172 141.72320584 264.28393679 97.47712970 1200.66809619 -301.49854214 184.92143768 199.78787132 1373.76149596 150.99602716 -69.28026673 157.18738573 0.00000000 0.00000000 0.00000000 0.00000000 0.00000000 0.00000000 0.00000000 0.00000000 0.00000000 0.00000000 0.00000000 0.00000000 0.00000000 0.00000000 0.00000000 0.00000000 0.00000000 0.00000000 0.00000000 0.00000000 0.00000000 0.00000000 0.00000000 0.00000000 0.00000000 0.00000000 0.00000000 0.00000000 0.00000000 0.00000000 0.00000000 0.00000000 0.00000000 0.00000000 0.00000000 0.00000000 0.00000000 0.00000000 0.00000000 0.00000000 0.00000000 0.00000000 0.00000000 0.00000000 0.00000000 0.00000000 0.00000000 0.00000000 0.00000000 0.00000000 0.00000000 0.00000000 0.00000000 0.00000000 0.00000000 0.00000000 0.00000000 0.00000000 0.00000000 0.00000000 0.00000000 0.00000000 0.00000000 0.00000000 0.00000000 0.00000000 0.00000000 0.00000000 0.00000000 0.00000000 0.00000000 0.00000000 0.00000000 0.00000000 0.00000000 0.00000000 0.00000000 0.00000000 0.00000000 0.00000000 0.00000000 0.00000000 0.00000000 0.00000000
-68.54221051 117.82538807 -161.34304576 -84.05781003 17.59441280 -262.53186725 -77.92266778 -44.45707977 -737.58206705 -231.13109344 101.09965377 183.80356681 1904.51154685 24.83080727 -65.70943772 74.12468810 -226.44198990 0.00000000 0.00000000 0.00000000 0.00000000 0.00000000 0.00000000 0.00000000 0.00000000 0.00000000 0.00000000 0.00000000 0.00000000 0.00000000 0.00000000 0.00000000 0.00000000 0.00000000 0.00000000 0.00000000 0.00000000 0.00000000 0.00000000 0.00000000 0.00000000 0.00000000 0.00000000 0.00000000 0.00000000 0.00000000 0.00000000 0.00000000 0.00000000 0.00000000 0.00000000 0.00000000 0.00000000 0.00000000 0.00000000 0.00000000 0.00000000 0.00000000 0.00000000 0.00000000 0.00000000 0.00000000 0.00000000 0.00000000 0.00000000 0.00000000 0.00000000 0.00000000 0.00000000 0.00000000 0.00000000 0.00000000 0.00000000 0.00000000 0.00000000 0.00000000 0.00000000 0.00000000 0.00000000 0.00000000 0.00000000 0.00000000 0.00000000 0.00000000 0.00000000 0.00000000 0.00000000 0.00000000 0.00000000 0.00000000 0.00000000 0.00000000 0.00000000 0.00000000 0.00000000 0.00000000 0.00000000 0.00000000 0.00000000 0.00000000
-63.32019987 -10.91220214 -226.23744112 139.89588040 -91.77336630 -113.98965339 -38.43785183 -12.45364788 -111.12041297 148.14002225 -185.90384024 -224.45345904 -2662.54560090 102.74321763 95.38098076 54.43457663 215.01314012 -369.23860717 0.00000000 0.00000000 0.00000000 0.00000000 0.00000000 0.00000000 0.00000000 0.00000000 0.00000000 0.00000000 0.00000000 0.00000000 0.00000000 0.00000000 0.00000000 0.00000000 0.00000000 0.00000000 0.00000000 0.00000000 0.00000000 0.00000000 0.00000000 0.00000000 0.00000000 0.00000000 0.00000000 0.00000000 0.00000000 0.00000000 0.00000000 0.00000000 0.00000000 0.00000000 0.00000000 0.00000000 0.00000000 0.00000000 0.00000000 0.00000000 0.00000000 0.00000000 0.00000000 0.00000000 0.00000000 0.00000000 0.00000000 0.00000000 0.00000000 0.00000000 0.00000000 0.00000000 0.00000000 0.00000000 0.00000000 0.00000000 0.00000000 0.00000000 0.00000000 0.00000000 0.00000000 0.00000000 0.00000000 0.00000000 0.00000000 0.00000000 0.00000000 0.00000000 0.00000000 0.00000000 0.00000000 0.00000000 0.00000000 0.00000000 0.00000000 0.00000000 0.00000000 0.00000000 0.00000000 0.00000000 0.00000000 0.00000000
-63.63016174 33.18364660 -28.28737985 10.55944406 -130.38097142 -109.50558926 -156.08972329 -2.75103023 -170.05722205 320.14373452 -304.85523436 -552.69687412 -4717.34578708 119.36777691 273.39524518 75.60405648 367.58894535 -1146.92460743 295.92084661 0.00000000 0.00000000 0.00000000 0.00000000 0.00000000 0.00000000 0.00000000 0.00000000 0.00000000 0.00000000 0.00000000 0.00000000 0.00000000 0.00000000 0.00000000 0.00000000 0.00000000 0.00000000 0.00000000 0.00000000 0.00000000 0.00000000 0.00000000 0.00000000 0.00000000 0.00000000 0.00000000 0.00000000 0.00000000 0.00000000 0.00000000 0.00000000 0.00000000 0.00000000 0.00000000 0.00000000 0.00000000 0.00000000 0.00000000 0.00000000 0.00000000 0.00000000 0.00000000 0.00000000 0.00000000 0.00000000 0.00000000 0.00000000 0.00000000 0.00000000 0.00000000 0.00000000 0.00000000 0.00000000 0.00000000 0.00000000 0.00000000 0.00000000 0.00000000 0.00000000 0.00000000 0.00000000 0.00000000 0.00000000 0.00000000 0.00000000 0.00000000 0.00000000 0.00000000 0.00000000 0.00000000 0.00000000 0.00000000 0.00000000 0.00000000 0.00000000 0.00000000 0.00000000 0.00000000 0.00000000 0.00000000
64.64309942 -109.75708149 104.74093916 59.65144794 45.97127877 112.44635031 105.20977533 190.69499922 1967.50548006 226.88791488 105.87974240 160.73243777 856.96146742 342.07028303 359.26875602 93.62212564 9.33683896 -2313.59706382 716.18469373 -520.06729387 0.00000000 0.00000000 0.00000000 0.00000000 0.00000000 0.00000000 0.00000000 0.00000000 0.00000000 0.00000000 0.00000000 0.00000000 0.00000000 0.00000000 0.00000000 0.00000000 0.00000000 0.00000000 0.00000000 0.00000000 0.00000000 0.00000000 0.00000000 0.00000000 0.00000000 0.00000000 0.00000000 0.00000000 0.00000000 0.00000000 0.00000000 0.00000000 0.00000000 0.00000000 0.00000000 0.00000000 0.00000000 0.00000000 0.00000000 0.00000000 0.00000000 0.00000000 0.00000000 0.00000000 0.00000000 0.00000000 0.00000000 0.00000000 0.00000000 0.00000000 0.00000000 0.00000000 0.00000000 0.00000000 0.00000000 0.00000000 0.00000000 0.00000000 0.00000000 0.00000000 0.00000000 0.00000000 0.00000000 0.00000000 0.00000000 0.00000000 0.00000000 0.00000000 0.00000000 0.00000000 0.00000000 0.00000000 0.00000000 0.00000000 0.00000000 0.00000000 0.00000000 0.00000000 0.00000000 0.00000000
-12.44009024 8.52232181 -120.13882905 -102.46077933 -43.59412667 -294.15433911 59.85066232 117.70605087 1193.42808522 -81.05331850 101.07230418 449.58212855 1947.69991770 90.02324887 175.88258292 -223.69993600 74.05075923 -606.68720881 507.92373680 -807.20629502 -485.47140278 0.00000000 0.00000000 0.00000000 0.00000000 0.00000000 0.00000000 0.00000000 0.00000000 0.00000000 0.00000000 0.00000000 0.00000000 0.00000000 0.00000000 0.00000000 0.00000000 0.00000000 0.00000000 0.00000000 0.00000000 0.00000000 0.00000000 0.00000000 0.00000000 0.00000000 0.00000000 0.00000000 0.00000000 0.00000000 0.00000000 0.00000000 0.00000000 0.00000000 0.00000000 0.00000000 0.00000000 0.00000000 0.00000000 0.00000000 0.00000000 0.00000000 0.00000000 0.00000000 0.00000000 0.00000000 0.00000000 0.00000000 0.00000000 0.00000000 0.00000000 0.00000000 0.00000000 0.00000000 0.00000000 0.00000000 0.00000000 0.00000000 0.00000000 0.00000000 0.00000000 0.00000000 0.00000000 0.00000000 0.00000000 0.00000000 0.00000000 0.00000000 0.00000000 0.00000000 0.00000000 0.00000000 0.00000000 0.00000000 0.00000000 0.00000000 0.00000000 0.00000000 0.00000000 0.00000000
-4.26117189 -47.68314420 59.91576827 115.64797408 -55.00344193 175.96473621 54.22109216 70.03501097 872.93277971 73.80350714 -123.60876691 -265.62984157 -2260.20567354 32.19767156 200.08373469 -23.42893121 160.30611129 -865.21758670 115.67829654 134.50386456 37.93228742 314.59186991 0.00000000 0.00000000 0.00000000 0.00000000 0.00000000 0.00000000 0.00000000 0.00000000 0.00000000 0.00000000 0.00000000 0.00000000 0.00000000 0.00000000 0.00000000 0.00000000 0.00000000 0.00000000 0.00000000 0.00000000 0.00000000 0.00000000 0.00000000 0.00000000 0.00000000 0.00000000 0.00000000 0.00000000 0.00000000 0.00000000 0.00000000 0.00000000 0.00000000 0.00000000 0.00000000 0.00000000 0.00000000 0.00000000 0.00000000 0.00000000 0.00000000 0.00000000 0.00000000 0.00000000 0.00000000 0.00000000 0.00000000 0.00000000 0.00000000 0.00000000 0.00000000 0.00000000 0.00000000 0.00000000 0.00000000 0.00000000 0.00000000 0.00000000 0.00000000 0.00000000 0.00000000 0.00000000 0.00000000 0.00000000 0.00000000 0.00000000 0.00000000 0.00000000 0.00000000 0.00000000 0.00000000 0.00000000 0.00000000 0.00000000 0.00000000 0.00000000 0.00000000 0.00000000
92.41168056 -29.87995002 103.45112748 -71.46337175 42.19934791 231.25619480 218.57051541 44.31667497 1042.49477301 -28.36898401 -8.83830428 -47.26660386 -349.02615367 76.86863954 95.85459843 22.20521317 -64.60980187 -778.34354361 173.22229513 -92.04111043 229.57901062 61.76516384 -259.86955010 0.00000000 0.00000000 0.00000000 0.00000000 0.00000000 0.00000000 0.00000000 0.00000000 0.00000000 0.00000000 0.00000000 0.00000000 0.00000000 0.00000000 0.00000000 0.00000000 0.00000000 0.00000000 0.00000000 0.00000000 0.00000000 0.00000000 0.00000000 0.00000000 0.00000000 0.00000000 0.00000000 0.00000000 0.00000000 0.00000000 0.00000000 0.00000000 0.00000000 0.00000000 0.00000000 0.00000000 0.00000000 0.00000000 0.00000000 0.00000000 0.00000000 0.00000000 0.00000000 0.00000000 0.00000000 0.00000000 0.00000000 0.00000000 0.00000000 0.00000000 0.00000000 0.00000000 0.00000000 0.00000000 0.00000000 0.00000000 0.00000000 0.00000000 0.00000000 0.00000000 0.00000000 0.00000000 0.00000000 0.00000000 0.00000000 0.00000000 0.00000000 0.00000000 0.00000000 0.00000000 0.00000000 0.00000000 0.00000000 0.00000000 0.00000000 0.00000000 0.00000000
-50.38742489 19.16917140 -85.06236085 -14.75512045 -50.29726276 -181.23647281 -79.04418173 14.28082977 -90.87815319 103.08997378 65.54177275 22.64073725 977.69079988 -33.16356177 47.88714891 75.84912510 -21.47847225 -330.92746671 131.33771527 -113.80481203 -43.95503193 -226.19588955 61.11737562 -49.52009318 0.00000000 0.00000000 0.00000000 0.00000000 0.00000000 0.00000000 0.00000000 0.00000000 0.00000000 0.00000000 0.00000000 0.00000000 0.00000000 0.00000000 0.00000000 0.00000000 0.00000000 0.00000000 0.00000000 0.00000000 0.00000000 0.00000000 0.00000000 0.00000000 0.00000000 0.00000000 0.00000000 0.00000000 0.00000000 0.00000000 0.00000000 0.00000000 0.00000000 0.00000000 0.00000000 0.00000000 0.00000000 0.00000000 0.00000000 0.00000000 0.00000000 0.00000000 0.00000000 0.00000000 0.00000000 0.00000000 0.00000000 0.00000000 0.00000000 0.00000000 0.00000000 0.00000000 0.00000000 0.00000000 0.00000000 0.00000000 0.00000000 0.00000000 0.00000000 0.00000000 0.00000000 0.00000000 0.00000000 0.00000000 0.00000000 0.00000000 0.00000000 0.00000000 0.00000000 0.00000000 0.00000000 0.00000000 0.00000000 0.00000000 0.00000000 0.00000000
-69.86432338 -19.27805459 -103.51945427 97.61657352 -109.59326437 -198.69888782 -193.05968895 -155.46786577 -1765.76834753 142.74095254 -276.18519391 -576.26051012 -4167.91275954 39.17631912 12.77435594 69.02385519 469.93667727 792.26145445 -654.61148104 1156.54885677 494.41542610 297.45681127 -482.93627306 -361.22423583 -1776.77548561 0.00000000 0.00000000 0.00000000 0.00000000 0.00000000 0.00000000 0.00000000 0.00000000 0.00000000 0.00000000 0.00000000 0.00000000 0.00000000 0.00000000 0.00000000 0.00000000 0.00000000 0.00000000 0.00000000 0.00000000 0.00000000 0.00000000 0.00000000 0.00000000 0.00000000 0.00000000 0.00000000 0.00000000 0.00000000 0.00000000 0.00000000 0.00000000 0.00000000 0.00000000 0.00000000 0.00000000 0.00000000 0.00000000 0.00000000 0.00000000 0.00000000 0.00000000 0.00000000 0.00000000 0.00000000 0.00000000 0.00000000 0.00000000 0.00000000 0.00000000 0.00000000 0.00000000 0.00000000 0.00000000 0.00000000 0.00000000 0.00000000 0.00000000 0.00000000 0.00000000 0.00000000 0.00000000 0.00000000 0.00000000 0.00000000 0.00000000 0.00000000 0.00000000 0.00000000 0.00000000 0.00000000 0.00000000 0.00000000 0.00000000 0.00000000
60.99432383 -65.21195816 157.54662728 -35.57833728 -65.97019626 -6.09022444 -131.52769265 -22.49648729 -229.19107704 381.02168518 -243.92070761 -345.25904556 -3233.27968225 34.36676644 164.12724741 -75.53604024 58.08118296 -583.01150547 222.38759236 -274.88332574 160.79767661 -84.54696386 -95.44535967 -31.94408748 -74.72395025 -76.88573400 0.00000000 0.00000000 0.00000000 0.00000000 0.00000000 0.00000000 0.00000000 0.00000000 0.00000000 0.00000000 0.00000000 0.00000000 0.00000000 0.00000000 0.00000000 0.00000000 0.00000000 0.00000000 0.00000000 0.00000000 0.00000000 0.00000000 0.00000000 0.00000000 0.00000000 0.00000000 0.00000000 0.00000000 0.00000000 0.00000000 0.00000000 0.00000000 0.00000000 0.00000000 0.00000000 0.00000000 0.00000000 0.00000000 0.00000000 0.00000000 0.00000000 0.00000000 0.00000000 0.00000000 0.00000000 0.00000000 0.00000000 0.00000000 0.00000000 0.00000000 0.00000000 0.00000000 0.00000000 0.00000000 0.00000000 0.00000000 0.00000000 0.00000000 0.00000000 0.00000000 0.00000000 0.00000000 0.00000000 0.00000000 0.00000000 0.00000000 0.00000000 0.00000000 0.00000000 0.00000000 0.00000000 0.00000000 0.00000000 0.00000000
-13.86233897 -55.67337519 -128.92601585 45.38094233 -103.28584576 -258.10445650 -22.16997332 108.89385583 955.28655311 70.80155064 -45.23045368 72.64514339 -883.69054606 86.15041068 111.91563086 -73.13285937 189.45808805 -371.86456435 88.31149638 -114.24345377 -100.25341209 292.65139152 -73.73283004 92.59747136 179.82878737 169.84317224 537.45821260 0.00000000 0.00000000 0.00000000 0.00000000 0.00000000 0.00000000 0.00000000 0.00000000 0.00000000 0.00000000 0.00000000 0.00000000 0.00000000 0.00000000 0.00000000 0.00000000 0.00000000 0.00000000 0.00000000 0.00000000 0.00000000 0.00000000 0.00000000 0.00000000 0.00000000 0.00000000 0.00000000 0.00000000 0.00000000 0.00000000 0.00000000 0.00000000 0.00000000 0.00000000 0.00000000 0.00000000 0.00000000 0.00000000 0.00000000 0.00000000 0.00000000 0.00000000 0.00000000 0.00000000 0.00000000 0.00000000 0.00000000 0.00000000 0.00000000 0.00000000 0.00000000 0.00000000 0.00000000 0.00000000 0.00000000 0.00000000 0.00000000 0.00000000 0.00000000 0.00000000 0.00000000 0.00000000 0.00000000 0.00000000 0.00000000 0.00000000 0.00000000 0.00000000 0.00000000 0.00000000 0.00000000 0.00000000 0.00000000
-85.52388630 71.24756654 -186.53512523 117.07399483 -49.87510307 17.41201332 125.09777208 20.66768792 525.39100051 -61.67020349 -145.88202323 -258.03258982 -2791.91819865 37.81754734 77.14960063 -41.24535230 310.04107618 12.72347771 -44.20913760 82.96265782 -2.04519206 134.22299588 -13.60372387 95.09880132 198.83921351 212.54233751 759.05389289 -19.46922391 0.00000000 0.00000000 0.00000000 0.00000000 0.00000000 0.00000000 0.00000000 0.00000000 0.00000000 0.00000000 0.00000000 0.00000000 0.00000000 0.00000000 0.00000000 0.00000000 0.00000000 0.00000000 0.00000000 0.00000000 0.00000000 0.00000000 0.00000000 0.00000000 0.00000000 0.00000000 0.00000000 0.00000000 0.00000000 0.00000000 0.00000000 0.00000000 0.00000000 0.00000000 0.00000000 0.00000000 0.00000000 0.00000000 0.00000000 0.00000000 0.00000000 0.00000000 0.00000000 0.00000000 0.00000000 0.00000000 0.00000000 0.00000000 0.00000000 0.00000000 0.00000000 0.00000000 0.00000000 0.00000000 0.00000000 0.00000000 0.00000000 0.00000000 0.00000000 0.00000000 0.00000000 0.00000000 0.00000000 0.00000000 0.00000000 0.00000000 0.00000000 0.00000000 0.00000000 0.00000000 0.00000000 0.00000000
6.15319432 3.15460467 110.49940593 97.46764796 129.84850909 356.45826844 115.12438968 14.71872958 184.36447763 -207.29253141 283.33506816 417.66358908 4148.23456115 -213.62615324 -266.88981703 -104.49379629 -194.18844070 1307.19196428 -351.36294267 48.47261251 -307.82148625 -54.43383800 369.65894759 262.86313980 982.60475361 496.00194577 1497.17144619 30.64101194 4.60819504 0.00000000 0.00000000 0.00000000 0.00000000 0.00000000 0.00000000 0.00000000 0.00000000 0.00000000 0.00000000 0.00000000 0.00000000 0.00000000 0.00000000 0.00000000 0.00000000 0.00000000 0.00000000 0.00000000 0.00000000 0.00000000 0.00000000 0.00000000 0.00000000 0.00000000 0.00000000 0.00000000 0.00000000 0.00000000 0.00000000 0.00000000 0.00000000 0.00000000 0.00000000 0.00000000 0.00000000 0.00000000 0.00000000 0.00000000 0.00000000 0.00000000 0.00000000 0.00000000 0.00000000 0.00000000 0.00000000 0.00000000 0.00000000 0.00000000 0.00000000 0.00000000 0.00000000 0.00000000 0.00000000 0.00000000 0.00000000 0.00000000 0.00000000 0.00000000 0.00000000 0.00000000 0.00000000 0.00000000 0.00000000 0.00000000 0.00000000 0.00000000 0.00000000 0.00000000 0.00000000 0.00000000
94.64317601 -10.14328461 166.16767052 -174.05282519 56.08319725 115.41453133 156.25737728 47.48165625 772.04573513 -171.90687359 98.34876690 147.76350684 1257.14959657 -151.71070676 -219.46346242 -28.46297556 -165.89009379 1020.55968953 -424.84786119 255.23087125 149.40219729 351.25357626 -322.72225770 -117.74839378 -912.83245530 290.83472896 995.97303448 33.42239853 92.08857265 -25807.85771935 0.00000000 0.00000000 0.00000000 0.00000000 0.00000000 0.00000000 0.00000000 0.00000000 0.00000000 0.00000000 0.00000000 0.00000000 0.00000000 0.00000000 0.00000000 0.00000000 0.00000000 0.00000000 0.00000000 0.00000000 0.00000000 0.00000000 0.00000000 0.00000000 0.00000000 0.00000000 0.00000000 0.00000000 0.00000000 0.00000000 0.00000000 0.00000000 0.00000000 0.00000000 0.00000000 0.00000000 0.00000000 0.00000000 0.00000000 0.00000000 0.00000000 0.00000000 0.00000000 0.00000000 0.00000000 0.00000000 0.00000000 0.00000000 0.00000000 0.00000000 0.00000000 0.00000000 0.00000000 0.00000000 0.00000000 0.00000000 0.00000000 0.00000000 0.00000000 0.00000000 0.00000000 0.00000000 0.00000000 0.00000000 0.00000000 0.00000000 0.00000000 0.00000000 0.00000000 0.00000000
-78.73688295 86.60883011 -56.02001993 69.15188426 -1.43249750 1.13639572 -22.63253670 6.57738076 -135.58006208 -209.11356766 29.92433160 -38.20728740 88.08299692 52.30073591 38.97367124 -3.49608051 209.36551942 209.43916432 -262.49503398 430.71636880 -127.99683083 310.91988905 82.27887186 10.71987389 -252.92412892 335.75765357 910.04146726 20.50199058 23.01387358 -5857.04576454 198.72848623 0.00000000 0.00000000 0.00000000 0.00000000 0.00000000 0.00000000 0.00000000 0.00000000 0.00000000 0.00000000 0.00000000 0.00000000 0.00000000 0.00000000 0.00000000 0.00000000 0.00000000 0.00000000 0.00000000 0.00000000 0.00000000 0.00000000 0.00000000 0.00000000 0.00000000 0.00000000 0.00000000 0.00000000 0.00000000 0.00000000 0.00000000 0.00000000 0.00000000 0.00000000 0.00000000 0.00000000 0.00000000 0.00000000 0.00000000 0.00000000 0.00000000 0.00000000 0.00000000 0.00000000 0.00000000 0.00000000 0.00000000 0.00000000 0.00000000 0.00000000 0.00000000 0.00000000 0.00000000 0.00000000 0.00000000 0.00000000 0.00000000 0.00000000 0.00000000 0.00000000 0.00000000 0.00000000 0.00000000 0.00000000 0.00000000 0.00000000 0.00000000 0.00000000 0.00000000
62.95712293 -130.46612302 177.64008225 -31.59879634 -36.95560549 33.53583162 -124.97708876 -128.12988231 -1222.58217022 274.68830549 -131.24890123 -251.80978853 -1229.87606554 -32.91675656 -94.82870326 170.67962605 -50.92529214 341.34479688 -288.55762903 675.02915287 714.35985655 -58.42162384 -680.61817859 -743.14742781 -2825.40998715 -879.87172538 -2864.78960416 -43.85422301 -84.27989123 22061.75825475 -604.06716334 -133.75600552 0.00000000 0.00000000 0.00000000 0.00000000 0.00000000 0.00000000 0.00000000 0.00000000 0.00000000 0.00000000 0.00000000 0.00000000 0.00000000 0.00000000 0.00000000 0.00000000 0.00000000 0.00000000 0.00000000 0.00000000 0.00000000 0.00000000 0.00000000 0.00000000 0.00000000 0.00000000 0.00000000 0.00000000 0.00000000 0.00000000 0.00000000 0.00000000 0.00000000 0.00000000 0.00000000 0.00000000 0.00000000 0.00000000 0.00000000 0.00000000 0.00000000 0.00000000 0.00000000 0.00000000 0.00000000 0.00000000 0.00000000 0.00000000 0.00000000 0.00000000 0.00000000 0.00000000 0.00000000 0.00000000 0.00000000 0.00000000 0.00000000 0.00000000 0.00000000 0.00000000 0.00000000 0.00000000 0.00000000 0.00000000 0.00000000 0.00000000 0.00000000 0.00000000
-60.66534999 -46.76694719 -94.72725428 123.24154898 -134.24809758 -80.88069512 -71.56692700 10.24136329 181.46715475 335.16258042 -201.62850345 -307.55207110 -2758.01334129 94.85888306 368.50608965 93.30709743 120.77703198 -2257.80111580 959.33948868 -782.85931021 -288.30108620 -423.00304403 490.08087848 403.89593492 2270.04797833 -199.46891282 -306.48787215 393.37688432 -320.11865678 98466.99421557 -3292.55992913 -217.10901196 2625.50519966 0.00000000 0.00000000 0.00000000 0.00000000 0.00000000 0.00000000 0.00000000 0.00000000 0.00000000 0.00000000 0.00000000 0.00000000 0.00000000 0.00000000 0.00000000 0.00000000 0.00000000 0.00000000 0.00000000 0.00000000 0.00000000 0.00000000 0.00000000 0.00000000 0.00000000 0.00000000 0.00000000 0.00000000 0.00000000 0.00000000 0.00000000 0.00000000 0.00000000 0.00000000 0.00000000 0.00000000 0.00000000 0.00000000 0.00000000 0.00000000 0.00000000 0.00000000 0.00000000 0.00000000 0.00000000 0.00000000 0.00000000 0.00000000 0.00000000 0.00000000 0.00000000 0.00000000 0.00000000 0.00000000 0.00000000 0.00000000 0.00000000 0.00000000 0.00000000 0.00000000 0.00000000 0.00000000 0.00000000 0.00000000 0.00000000 0.00000000 0.00000000
37.67877673 -114.64980582 110.84441730 27.04284133 42.32511440 115.36537020 3.30664328 -33.64899768 -204.89596493 221.00901118 87.82575608 184.49018140 2066.94242501 -159.66432978 -115.41947379 25.28316399 -281.28303913 105.39742889 255.19655509 -655.74087349 -266.56089161 -633.01669732 291.16802244 70.44164242 646.55340759 -92.88963563 -314.21159008 83.50760590 -206.55414077 60911.11459252 -1173.40157737 -478.49767782 3116.74021572 -3945.93924291 0.00000000 0.00000000 0.00000000 0.00000000 0.00000000 0.00000000 0.00000000 0.00000000 0.00000000 0.00000000 0.00000000 0.00000000 0.00000000 0.00000000 0.00000000 0.00000000 0.00000000 0.00000000 0.00000000 0.00000000 0.00000000 0.00000000 0.00000000 0.00000000 0.00000000 0.00000000 0.00000000 0.00000000 0.00000000 0.00000000 0.00000000 0.00000000 0.00000000 0.00000000 0.00000000 0.00000000 0.00000000 0.00000000 0.00000000 0.00000000 0.00000000 0.00000000 0.00000000 0.00000000 0.00000000 0.00000000 0.00000000 0.00000000 0.00000000 0.00000000 0.00000000 0.00000000 0.00000000 0.00000000 0.00000000 0.00000000 0.00000000 0.00000000 0.00000000 0.00000000 0.00000000 0.00000000 0.00000000 0.00000000 0.00000000 0.00000000
-16.41568654 -22.32926497 -54.45384130 71.09344119 -101.31743643 26.11750207 -64.02468147 -42.73235600 -359.31819468 153.92259983 -200.76985154 -251.27797024 -2590.22054893 -81.46122793 110.38094893 -136.01319708 73.60178344 -352.01323600 255.02197577 -399.77830035 -393.51631901 -58.61687957 481.01122406 459.51726297 2098.57093295 184.52330341 637.30896181 103.73857644 61.22893323 -15553.93812795 -42.34351352 137.05575412 -49.39624899 951.49825426 -257.65823882 0.00000000 0.00000000 0.00000000 0.00000000 0.00000000 0.00000000 0.00000000 0.00000000 0.00000000 0.00000000 0.00000000 0.00000000 0.00000000 0.00000000 0.00000000 0.00000000 0.00000000 0.00000000 0.00000000 0.00000000 0.00000000 0.00000000 0.00000000 0.00000000 0.00000000 0.00000000 0.00000000 0.00000000 0.00000000 0.00000000 0.00000000 0.00000000 0.00000000 0.00000000 0.00000000 0.00000000 0.00000000 0.00000000 0.00000000 0.00000000 0.00000000 0.00000000 0.00000000 0.00000000 0.00000000 0.00000000 0.00000000 0.00000000 0.00000000 0.00000000 0.00000000 0.00000000 0.00000000 0.00000000 0.00000000 0.00000000 0.00000000 0.00000000 0.00000000 0.00000000 0.00000000 0.00000000 0.00000000 0.00000000 0.00000000
78.25137822 -3.61841985 89.87870380 -170.47287764 6.98608977 19.74152253 0.72178964 -65.75493163 -504.19675835 19.39450802 8.16232542 59.70404460 789.26752745 -177.86896071 -128.67145731 -37.64300900 -324.89025475 217.55805491 227.70983911 -694.48106402 -157.26694824 -487.34979639 70.12286003 129.74944495 722.50198200 96.83283371 275.90557380 -45.94234565 -130.51794444 36870.31047266 -626.02135526 -64.94214120 -159.84097014 590.06493241 403.83802724 -285.60171827 0.00000000 0.00000000 0.00000000 0.00000000 0.00000000 0.00000000 0.00000000 0.00000000 0.00000000 0.00000000 0.00000000 0.00000000 0.00000000 0.00000000 0.00000000 0.00000000 0.00000000 0.00000000 0.00000000 0.00000000 0.00000000 0.00000000 0.00000000 0.00000000 0.00000000 0.00000000 0.00000000 0.00000000 0.00000000 0.00000000 0.00000000 0.00000000 0.00000000 0.00000000 0.00000000 0.00000000 0.00000000 0.00000000 0.00000000 0.00000000 0.00000000 0.00000000 0.00000000 0.00000000 0.00000000 0.00000000 0.00000000 0.00000000 0.00000000 0.00000000 0.00000000 0.00000000 0.00000000 0.00000000 0.00000000 0.00000000 0.00000000 0.00000000 0.00000000 0.00000000 0.00000000 0.00000000 0.00000000 0.00000000
90.07619128 -52.73191873 96.07557517 -180.80005797 -56.56108874 -161.48585473 -71.82737495 -30.45846221 -161.69281483 265.62499279 -198.85481433 -144.20619871 -2269.31646260 -46.66719495 -23.21522305 -79.56094779 26.45123135 319.68875738 -139.68968722 48.02163622 365.72297245 111.17021054 -540.12120873 -288.13003677 -1458.60240099 -16.02617116 -46.97360398 -107.18863117 143.88416474 -43460.46413631 652.02047440 191.59278406 -2056.58979709 2393.90120496 -79.30362246 -75.23456285 -106.00285205 0.00000000 0.00000000 0.00000000 0.00000000 0.00000000 0.00000000 0.00000000 0.00000000 0.00000000 0.00000000 0.00000000 0.00000000 0.00000000 0.00000000 0.00000000 0.00000000 0.00000000 0.00000000 0.00000000 0.00000000 0.00000000 0.00000000 0.00000000 0.00000000 0.00000000 0.00000000 0.00000000 0.00000000 0.00000000 0.00000000 0.00000000 0.00000000 0.00000000 0.00000000 0.00000000 0.00000000 0.00000000 0.00000000 0.00000000 0.00000000 0.00000000 0.00000000 0.00000000 0.00000000 0.00000000 0.00000000 0.00000000 0.00000000 0.00000000 0.00000000 0.00000000 0.00000000 0.00000000 0.00000000 0.00000000 0.00000000 0.00000000 0.00000000 0.00000000 0.00000000 0.00000000 0.00000000 0.00000000
12.82035025 -97.11536049 -71.69110028 -14.27502839 -124.70872366 -370.20218301 -200.26501441 -133.68338746 -1468.84923505 205.49611017 -170.15139547 -268.35995920 -1517.34845560 76.73997276 205.47606185 189.83528648 -7.89425949 -1427.25264800 445.29847042 -316.56181157 -110.08339263 -492.01498553 567.98741602 446.71047779 2281.87519159 -50.09066708 100.29056686 191.41195063 -184.43722912 56586.30272520 -1050.29010846 -370.75966542 3855.28791889 -4391.06781312 257.40071005 -233.27223995 -208.93071216 -804.53980949 0.00000000 0.00000000 0.00000000 0.00000000 0.00000000 0.00000000 0.00000000 0.00000000 0.00000000 0.00000000 0.00000000 0.00000000 0.00000000 0.00000000 0.00000000 0.00000000 0.00000000 0.00000000 0.00000000 0.00000000 0.00000000 0.00000000 0.00000000 0.00000000 0.00000000 0.00000000 0.00000000 0.00000000 0.00000000 0.00000000 0.00000000 0.00000000 0.00000000 0.00000000 0.00000000 0.00000000 0.00000000 0.00000000 0.00000000 0.00000000 0.00000000 0.00000000 0.00000000 0.00000000 0.00000000 0.00000000 0.00000000 0.00000000 0.00000000 0.00000000 0.00000000 0.00000000 0.00000000 0.00000000 0.00000000 0.00000000 0.00000000 0.00000000 0.00000000 0.00000000 0.00000000 0.00000000
-46.83027258 -43.92201510 -146.09659660 107.99482147 -183.88159626 -205.45226765 -191.22558304 -145.07866109 -1566.43040739 234.35485418 -278.58431361 -506.69167151 -3869.96728086 55.70825864 80.18481816 -121.21597292 477.51181403 982.60158290 -619.14202700 1373.51247908 812.47998355 300.45382553 -694.48026470 -501.09309326 -1933.98985955 -575.84534342 -1329.04569163 84.47498234 -55.12893669 16442.57099609 -969.84788935 267.24512349 -1040.87589827 2932.58702147 193.41129663 154.23892751 203.58376297 900.08929561 -302.43556214 0.00000000 0.00000000 0.00000000 0.00000000 0.00000000 0.00000000 0.00000000 0.00000000 0.00000000 0.00000000 0.00000000 0.00000000 0.00000000 0.00000000 0.00000000 0.00000000 0.00000000 0.00000000 0.00000000 0.00000000 0.00000000 0.00000000 0.00000000 0.00000000 0.00000000 0.00000000 0.00000000 0.00000000 0.00000000 0.00000000 0.00000000 0.00000000 0.00000000 0.00000000 0.00000000 0.00000000 0.00000000 0.00000000 0.00000000 0.00000000 0.00000000 0.00000000 0.00000000 0.00000000 0.00000000 0.00000000 0.00000000 0.00000000 0.00000000 0.00000000 0.00000000 0.00000000 0.00000000 0.00000000 0.00000000 0.00000000 0.00000000 0.00000000 0.00000000 0.00000000 0.00000000
52.64665374 11.53783676 179.42496697 -36.26361174 135.08405027 244.57557484 10.79068400 30.45888663 80.27966135 -110.37649826 306.78163256 337.86737798 4253.05893619 -34.54290266 -153.71476023 153.52372452 -452.82166842 -121.26373148 180.37686219 -287.91430341 142.05037055 -402.00624439 87.91921797 -81.95975723 43.02171704 -500.82772082 -1523.09566036 -37.82689259 -140.73451094 39221.07619626 -407.25351956 -249.35320402 1402.29720503 -2367.12333908 214.47654900 27.28641900 216.10013728 633.52303040 -14.47176180 648.50861234 0.00000000 0.00000000 0.00000000 0.00000000 0.00000000 0.00000000 0.00000000 0.00000000 0.00000000 0.00000000 0.00000000 0.00000000 0.00000000 0.00000000 0.00000000 0.00000000 0.00000000 0.00000000 0.00000000 0.00000000 0.00000000 0.00000000 0.00000000 0.00000000 0.00000000 0.00000000 0.00000000 0.00000000 0.00000000 0.00000000 0.00000000 0.00000000 0.00000000 0.00000000 0.00000000 0.00000000 0.00000000 0.00000000 0.00000000 0.00000000 0.00000000 0.00000000 0.00000000 0.00000000 0.00000000 0.00000000 0.00000000 0.00000000 0.00000000 0.00000000 0.00000000 0.00000000 0.00000000 0.00000000 0.00000000 0.00000000 0.00000000 0.00000000 0.00000000 0.00000000
-56.66664501 26.20142852 -155.96194830 -3.27537758 -158.38484668 -267.55540718 -62.52329771 -1.37745105 -18.23866003 -9.68467923 -197.24066233 -323.92556070 -2991.63685712 -24.19173997 185.63360651 -153.00994153 172.17471942 -495.56632008 172.92204601 -99.27133817 -110.63300700 212.87750830 75.57596415 275.35345408 1020.24091081 245.14707134 969.87000755 160.27712013 -141.71203458 43886.73200054 -1025.89831141 -310.58652453 3052.02937786 -2991.32930313 34.40926442 -271.43161060 -166.50845647 -403.96711327 295.51653158 -187.17929265 -694.02563599 0.00000000 0.00000000 0.00000000 0.00000000 0.00000000 0.00000000 0.00000000 0.00000000 0.00000000 0.00000000 0.00000000 0.00000000 0.00000000 0.00000000 0.00000000 0.00000000 0.00000000 0.00000000 0.00000000 0.00000000 0.00000000 0.00000000 0.00000000 0.00000000 0.00000000 0.00000000 0.00000000 0.00000000 0.00000000 0.00000000 0.00000000 0.00000000 0.00000000 0.00000000 0.00000000 0.00000000 0.00000000 0.00000000 0.00000000 0.00000000 0.00000000 0.00000000 0.00000000 0.00000000 0.00000000 0.00000000 0.00000000 0.00000000 0.00000000 0.00000000 0.00000000 0.00000000 0.00000000 0.00000000 0.00000000 0.00000000 0.00000000 0.00000000 0.00000000
74.42993132 -39.84927466 173.56762834 -67.16694689 106.23695845 109.48184550 102.18588207 56.55508501 632.83528576 -48.81443872 188.11768606 153.05554215 2235.85287104 26.90106396 -105.58130300 186.69113609 -286.01669321 -192.27937484 -93.65206082 86.07300827 249.45019379 -36.68649087 -150.00192666 -56.03442765 -449.28905215 135.60818685 309.67386411 -35.75215949 -53.35105478 14836.23822706 -9.09688997 -216.90283860 1031.51789287 -2091.00401255 83.95263975 93.64791733 -104.21928917 -530.58673209 -254.11791445 -224.12796805 333.10484638 637.95413574 0.00000000 0.00000000 0.00000000 0.00000000 0.00000000 0.00000000 0.00000000 0.00000000 0.00000000 0.00000000 0.00000000 0.00000000 0.00000000 0.00000000 0.00000000 0.00000000 0.00000000 0.00000000 0.00000000 0.00000000 0.00000000 0.00000000 0.00000000 0.00000000 0.00000000 0.00000000 0.00000000 0.00000000 0.00000000 0.00000000 0.00000000 0.00000000 0.00000000 0.00000000 0.00000000 0.00000000 0.00000000 0.00000000 0.00000000 0.00000000 0.00000000 0.00000000 0.00000000 0.00000000 0.00000000 0.00000000 0.00000000 0.00000000 0.00000000 0.00000000 0.00000000 0.00000000 0.00000000 0.00000000 0.00000000 0.00000000 0.00000000 0.00000000
71.18378521 -149.71228089 12.49000493 -70.11718503 -114.05361152 -234.97737485 -15.59279607 -45.08604663 -244.62874275 81.18737579 -181.27992085 -161.22377780 -2157.63782182 -75.34203580 3.68233632 -121.18649647 130.11781683 360.10942580 -50.38710724 -101.00487520 -146.76357428 9.93774217 29.49192968 256.45195117 1083.19762351 393.07877793 1443.33436773 151.48058300 -73.59109272 24127.63439274 -1264.05511195 224.82177737 -848.14803580 3335.89250049 294.40839767 -186.27693716 -66.10399423 -170.17495020 -1.63747558 -728.84319676 -108.17444813 -122.76609495 -32.19580636 0.00000000 0.00000000 0.00000000 0.00000000 0.00000000 0.00000000 0.00000000 0.00000000 0.00000000 0.00000000 0.00000000 0.00000000 0.00000000 0.00000000 0.00000000 0.00000000 0.00000000 0.00000000 0.00000000 0.00000000 0.00000000 0.00000000 0.00000000 0.00000000 0.00000000 0.00000000 0.00000000 0.00000000 0.00000000 0.00000000 0.00000000 0.00000000 0.00000000 0.00000000 0.00000000 0.00000000 0.00000000 0.00000000 0.00000000 0.00000000 0.00000000 0.00000000 0.00000000 0.00000000 0.00000000 0.00000000 0.00000000 0.00000000 0.00000000 0.00000000 0.00000000 0.00000000 0.00000000 0.00000000 0.00000000 0.00000000 0.00000000
-44.14078543 -28.91372523 -21.07869280 109.24574994 2.17167394 3.31781657 11.48148647 113.32505325 1061.31421937 230.47771565 98.93427888 320.79354394 1501.68882017 108.08056976 108.48517715 -39.71284284 33.85437087 -603.83119310 337.76096309 -310.17289057 48.08483577 -291.66369088 -9.45260508 -201.80886756 -547.22343498 -567.15355631 -1770.55301272 11.97546574 -120.08437369 34047.74109475 -506.81121255 -150.38857795 537.31873741 -630.11656546 -131.91045193 168.60664409 -118.67500134 -467.45893627 -223.73596966 -377.13048948 86.09286435 945.99284770 -254.98634820 -1933.58903711 0.00000000 0.00000000 0.00000000 0.00000000 0.00000000 0.00000000 0.00000000 0.00000000 0.00000000 0.00000000 0.00000000 0.00000000 0.00000000 0.00000000 0.00000000 0.00000000 0.00000000 0.00000000 0.00000000 0.00000000 0.00000000 0.00000000 0.00000000 0.00000000 0.00000000 0.00000000 0.00000000 0.00000000 0.00000000 0.00000000 0.00000000 0.00000000 0.00000000 0.00000000 0.00000000 0.00000000 0.00000000 0.00000000 0.00000000 0.00000000 0.00000000 0.00000000 0.00000000 0.00000000 0.00000000 0.00000000 0.00000000 0.00000000 0.00000000 0.00000000 0.00000000 0.00000000 0.00000000 0.00000000 0.00000000 0.00000000
79.22960065 -86.97074699 205.07264001 16.94314825 75.35515274 325.76598406 43.44658235 31.35416918 475.86789213 217.22137810 42.55500084 147.61717239 1023.20710584 -63.58391522 67.72324681 -56.59170985 -160.45482141 -691.97164918 620.11377283 -982.95164797 -539.08027187 -503.02134493 557.87967748 357.69832556 1847.80444344 30.88746278 54.25924757 15.43148196 -249.64548277 72298.48850000 -1006.28555457 -494.05289784 3081.10607669 -4059.18411118 249.40547187 -427.26299316 -96.71880030 -110.67093996 612.30961866 384.90546925 -1014.93547521 -132.87856674 -343.94749913 -2118.06414288 839.05267153 0.00000000 0.00000000 0.00000000 0.00000000 0.00000000 0.00000000 0.00000000 0.00000000 0.00000000 0.00000000 0.00000000 0.00000000 0.00000000 0.00000000 0.00000000 0.00000000 0.00000000 0.00000000 0.00000000 0.00000000 0.00000000 0.00000000 0.00000000 0.00000000 0.00000000 0.00000000 0.00000000 0.00000000 0.00000000 0.00000000 0.00000000 0.00000000 0.00000000 0.00000000 0.00000000 0.00000000 0.00000000 0.00000000 0.00000000 0.00000000 0.00000000 0.00000000 0.00000000 0.00000000 0.00000000 0.00000000 0.00000000 0.00000000 0.00000000 0.00000000 0.00000000 0.00000000 0.00000000 0.00000000 0.00000000
-75.23448293 110.40994667 -83.67603737 110.52681273 156.95838354 338.73104028 154.11096788 -25.68341355 -237.32381490 -420.11926191 431.97448547 513.00793417 6322.02180188 -152.81584978 -246.78195722 94.16546891 -392.82584129 462.34574546 195.08335551 -611.53983958 -615.72792544 -542.30183639 614.14471416 240.63343588 1345.29748179 186.13227124 409.78118726 133.08376986 -304.24895057 90209.25247796 -1753.23298664 -421.28880912 2612.89846785 -2521.06090169 139.93437768 -91.71785360 -43.24855964 -310.61369316 173.78220597 -465.67862040 -173.64174731 -146.72028834 -309.81650551 -2097.66398704 789.29320987 -260.83829188 0.00000000 0.00000000 0.00000000 0.00000000 0.00000000 0.00000000 0.00000000 0.00000000 0.00000000 0.00000000 0.00000000 0.00000000 0.00000000 0.00000000 0.00000000 0.00000000 0.00000000 0.00000000 0.00000000 0.00000000 0.00000000 0.00000000 0.00000000 0.00000000 0.00000000 0.00000000 0.00000000 0.00000000 0.00000000 0.00000000 0.00000000 0.00000000 0.00000000 0.00000000 0.00000000 0.00000000 0.00000000 0.00000000 0.00000000 0.00000000 0.00000000 0.00000000 0.00000000 0.00000000 0.00000000 0.00000000 0.00000000 0.00000000 0.00000000 0.00000000 0.00000000 0.00000000 0.00000000 0.00000000
-47.98957176 -1.99456982 -61.22382477 180.42097890 -51.04302780 126.38834318 -4.27467072 -91.00263374 -748.23456120 -6.86449395 -181.59853502 -328.82803177 -2701.42411642 33.60028361 -60.59913171 16.34928727 404.33872105 1150.39361423 -699.77507535 1177.31105888 397.19213695 403.08279390 -275.97783569 -160.53909431 -751.42515827 31.36374187 418.29588421 -5.83850273 129.96223889 -37356.09123618 446.01944799 438.30163035 -2193.18887983 3238.18507991 217.53027767 19.63374370 125.95772369 470.89269991 55.98469338 -4.64537534 -24.52100535 -745.54085562 118.03071645 921.01643902 36.53880056 2.34112710 30.12406888 0.00000000 0.00000000 0.00000000 0.00000000 0.00000000 0.00000000 0.00000000 0.00000000 0.00000000 0.00000000 0.00000000 0.00000000 0.00000000 0.00000000 0.00000000 0.00000000 0.00000000 0.00000000 0.00000000 0.00000000 0.00000000 0.00000000 0.00000000 0.00000000 0.00000000 0.00000000 0.00000000 0.00000000 0.00000000 0.00000000 0.00000000 0.00000000 0.00000000 0.00000000 0.00000000 0.00000000 0.00000000 0.00000000 0.00000000 0.00000000 0.00000000 0.00000000 0.00000000 0.00000000 0.00000000 0.00000000 0.00000000 0.00000000 0.00000000 0.00000000 0.00000000 0.00000000 0.00000000
10.27726167 25.67802547 47.15068696 -100.42469004 -8.13599729 -173.23546833 -181.04024949 -147.10400302 -1655.99998333 12.89161815 -70.26298638 -127.00635395 -33.42350229 -128.46863727 -60.34831659 43.45201286 -134.87362119 136.54852172 53.09723248 -179.78989474 -270.52331433 -287.00253941 380.51694095 318.26985587 1368.14793554 377.44242118 1242.57226273 197.63973364 -175.28512305 54286.16897887 -1640.20915053 -127.38460918 1278.55063905 57.77044462 11.17646683 17.22796723 183.91492162 764.68633456 216.93452117 378.66992055 -373.13228925 -394.35086150 50.45562646 446.12442000 -22.50471332 -35.99086876 -374.60965344 -1971.90051853 0.00000000 0.00000000 0.00000000 0.00000000 0.00000000 0.00000000 0.00000000 0.00000000 0.00000000 0.00000000 0.00000000 0.00000000 0.00000000 0.00000000 0.00000000 0.00000000 0.00000000 0.00000000 0.00000000 0.00000000 0.00000000 0.00000000 0.00000000 0.00000000 0.00000000 0.00000000 0.00000000 0.00000000 0.00000000 0.00000000 0.00000000 0.00000000 0.00000000 0.00000000 0.00000000 0.00000000 0.00000000 0.00000000 0.00000000 0.00000000 0.00000000 0.00000000 0.00000000 0.00000000 0.00000000 0.00000000 0.00000000 0.00000000 0.00000000 0.00000000 0.00000000 0.00000000
84.73252744 -111.01841029 126.94498015 -124.28887203 -13.14027006 -156.05719520 -104.15016042 -69.54129683 -802.58392046 129.28743138 14.84105224 125.11404451 1045.72397336 -165.09746320 -180.65073735 -48.14750887 -38.56470411 1223.52088759 -337.39433160 287.11739089 183.53334301 -235.96494621 -253.72277206 -419.43458729 -1583.21860522 -542.09925299 -1801.76877860 -60.14454751 -2.93254756 -883.24392002 209.75356789 20.01510513 -563.40032054 386.25970363 -166.23151467 170.15329032 36.66306097 13.25871386 -175.28250189 -133.08666284 362.57243785 123.74312891 30.90584376 343.38204320 12.74616469 253.49141254 117.76035040 -182.25202407 -131.57760799 0.00000000 0.00000000 0.00000000 0.00000000 0.00000000 0.00000000 0.00000000 0.00000000 0.00000000 0.00000000 0.00000000 0.00000000 0.00000000 0.00000000 0.00000000 0.00000000 0.00000000 0.00000000 0.00000000 0.00000000 0.00000000 0.00000000 0.00000000 0.00000000 0.00000000 0.00000000 0.00000000 0.00000000 0.00000000 0.00000000 0.00000000 0.00000000 0.00000000 0.00000000 0.00000000 0.00000000 0.00000000 0.00000000 0.00000000 0.00000000 0.00000000 0.00000000 0.00000000 0.00000000 0.00000000 0.00000000 0.00000000 0.00000000 0.00000000 0.00000000 0.00000000
39.37364783 1.63064116 4.43587991 24.89230479 89.78502745 253.59018473 178.92321966 4.79826689 285.73465759 -205.12476545 175.91740138 153.63969959 2091.85631341 -15.60214356 -177.17480108 25.65761581 -140.54057708 787.06230474 -450.98013125 515.48861469 364.84948048 311.55186083 -438.29752322 -271.33340557 -1358.44946280 89.35818946 251.54673841 -67.92291180 162.32434528 -47924.03646625 790.51732275 294.04978267 -2235.89539097 2577.37996068 -94.14414197 130.27367170 30.28063036 80.89682266 80.23800134 -366.47420148 -281.05513154 361.63233469 -163.00562401 -1220.12470302 -243.66789006 110.56084348 146.03112249 1130.76480434 -70.92720013 -179.34012537 0.00000000 0.00000000 0.00000000 0.00000000 0.00000000 0.00000000 0.00000000 0.00000000 0.00000000 0.00000000 0.00000000 0.00000000 0.00000000 0.00000000 0.00000000 0.00000000 0.00000000 0.00000000 0.00000000 0.00000000 0.00000000 0.00000000 0.00000000 0.00000000 0.00000000 0.00000000 0.00000000 0.00000000 0.00000000 0.00000000 0.00000000 0.00000000 0.00000000 0.00000000 0.00000000 0.00000000 0.00000000 0.00000000 0.00000000 0.00000000 0.00000000 0.00000000 0.00000000 0.00000000 0.00000000 0.00000000 0.00000000 0.00000000 0.00000000 0.00000000
14.50154035 12.46119613 101.79932016 -4.80446412 36.13297665 244.49630955 143.30847185 -33.57822940 23.37030448 -72.77860237 -25.67260368 -190.04320592 -1039.50541762 -92.47197377 -118.84991610 59.02455045 114.27592102 804.18897382 -449.41332169 665.78004888 322.12739873 127.75111362 -275.70675120 -155.60370734 -843.82574447 -5.77456777 -36.79125729 46.70309327 20.52031501 -5297.52099145 -321.54657829 131.65422299 -850.13938555 1817.46555716 -4.58490714 -90.13097861 -148.30483045 -777.90361822 126.45934440 -594.93697157 -237.97710803 589.82722649 -85.05253398 -537.04071322 -271.63771759 203.10712590 272.38202037 1619.41403093 -299.98946833 696.28062327 5567.72050321 0.00000000 0.00000000 0.00000000 0.00000000 0.00000000 0.00000000 0.00000000 0.00000000 0.00000000 0.00000000 0.00000000 0.00000000 0.00000000 0.00000000 0.00000000 0.00000000 0.00000000 0.00000000 0.00000000 0.00000000 0.00000000 0.00000000 0.00000000 0.00000000 0.00000000 0.00000000 0.00000000 0.00000000 0.00000000 0.00000000 0.00000000 0.00000000 0.00000000 0.00000000 0.00000000 0.00000000 0.00000000 0.00000000 0.00000000 0.00000000 0.00000000 0.00000000 0.00000000 0.00000000 0.00000000 0.00000000 0.00000000 0.00000000 0.00000000
-30.85889171 28.89355542 -73.58225920 -63.26400920 -84.87375362 -234.96050202 -188.59993268 -201.62711071 -2108.99709640 112.35724374 -122.50903784 -184.38548570 -601.98107506 -245.78240515 -218.03137826 -42.10419624 -25.24103973 1597.66192169 -455.11933354 468.54205081 228.49544412 -409.28339034 -87.47719028 -116.48457694 -179.22967324 -210.73800043 -455.90220838 125.73629116 -110.35606478 33645.10109207 -1356.96916739 193.05362691 -992.26465750 3122.66050739 181.93640674 144.51760840 -51.96650919 -178.48759318 -595.53071729 -789.09991123 875.84373090 251.69099807 90.49415747 609.16105937 -206.66949733 56.43923003 221.78233407 1052.54925466 301.38074501 -953.12781035 -6087.23947032 385.58854630 0.00000000 0.00000000 0.00000000 0.00000000 0.00000000 0.00000000 0.00000000 0.00000000 0.00000000 0.00000000 0.00000000 0.00000000 0.00000000 0.00000000 0.00000000 0.00000000 0.00000000 0.00000000 0.00000000 0.00000000 0.00000000 0.00000000 0.00000000 0.00000000 0.00000000 0.00000000 0.00000000 0.00000000 0.00000000 0.00000000 0.00000000 0.00000000 0.00000000 0.00000000 0.00000000 0.00000000 0.00000000 0.00000000 0.00000000 0.00000000 0.00000000 0.00000000 0.00000000 0.00000000 0.00000000 0.00000000 0.00000000 0.00000000
-13.79691261 -64.32869817 -75.16331168 -21.41056624 -95.10113053 -287.01732411 -191.31438531 -183.54101869 -1942.97253689 37.18294210 -207.58687633 -280.90429393 -1914.56729185 -187.36439950 -148.46279196 110.06462066 -56.96365999 466.89850236 -99.93288564 -106.25799859 -339.44411409 -252.29493029 460.14913774 464.75192313 1974.38610612 530.02972097 1701.37209698 80.95281243 -174.63437091 52512.19126073 -826.19839310 -302.85745066 2657.13216908 -3082.41768066 428.20772918 -328.85342454 -111.80140501 -312.81517252 76.00319472 -157.70103239 -94.89645962 -551.51202291 -14.76949776 88.43872524 491.79763284 -453.38521426 -625.67412727 -3149.66562184 555.26573521 -1044.75354815 -7877.73832682 821.80003211 1296.46466643 0.00000000 0.00000000 0.00000000 0.00000000 0.00000000 0.00000000 0.00000000 0.00000000 0.00000000 0.00000000 0.00000000 0.00000000 0.00000000 0.00000000 0.00000000 0.00000000 0.00000000 0.00000000 0.00000000 0.00000000 0.00000000 0.00000000 0.00000000 0.00000000 0.00000000 0.00000000 0.00000000 0.00000000 0.00000000 0.00000000 0.00000000 0.00000000 0.00000000 0.00000000 0.00000000 0.00000000 0.00000000 0.00000000 0.00000000 0.00000000 0.00000000 0.00000000 0.00000000 0.00000000 0.00000000 0.00000000 0.00000000
65.40820784 -17.88972401 54.74771963 -193.11145311 -91.50767779 -356.53518184 -187.76593821 1.15471604 -294.08563377 20.11924122 -264.15541282 -379.40921981 -3848.42536590 108.50483468 80.35047013 24.72897263 191.24824603 -106.09818403 -273.40080354 521.03643154 427.31606056 517.32563096 -359.59270257 -5.48787284 -486.23197054 278.63913632 1253.65542410 14.71402512 261.08529661 -74670.68408821 672.96098432 538.78099397 -2770.68687796 4156.81717042 -88.02485287 206.80167054 290.89795810 1020.05989782 76.07580035 490.69858622 -100.74718283 -122.89736051 328.80722820 2309.91748342 -1267.06248933 457.21186308 571.21455053 3638.17388329 -502.53346927 1051.69122322 8514.59600506 -304.41970795 -374.55455634 248.95399566 0.00000000 0.00000000 0.00000000 0.00000000 0.00000000 0.00000000 0.00000000 0.00000000 0.00000000 0.00000000 0.00000000 0.00000000 0.00000000 0.00000000 0.00000000 0.00000000 0.00000000 0.00000000 0.00000000 0.00000000 0.00000000 0.00000000 0.00000000 0.00000000 0.00000000 0.00000000 0.00000000 0.00000000 0.00000000 0.00000000 0.00000000 0.00000000 0.00000000 0.00000000 0.00000000 0.00000000 0.00000000 0.00000000 0.00000000 0.00000000 0.00000000 0.00000000 0.00000000 0.00000000 0.00000000 0.00000000
-21.40953384 -47.71778514 -78.82776318 141.85191365 47.38207818 151.07401414 126.87273305 107.83319408 1102.45919996 34.34578255 321.60781352 424.45561861 4438.50526192 187.61966396 189.16025237 200.79177534 -150.04493556 -1805.73083876 658.37967757 -568.60917334 -188.84073080 -364.88967658 204.41292496 60.96466286 618.64261859 -64.41186997 -276.01833118 210.65411104 -337.37706068 100379.07908746 -2301.89026469 -349.19718789 2250.82881571 -1139.98792719 237.19193427 -104.29745038 -183.61571099 -878.27870545 -85.05076362 -743.49201874 -7.57578321 506.89343118 -391.57849973 -2724.37386779 760.67050160 -516.20346505 -579.69738089 -2753.90737941 441.72145081 -752.84034748 -5913.04377715 220.16989362 66.38785918 -32.94469047 -316.95530671 0.00000000 0.00000000 0.00000000 0.00000000 0.00000000 0.00000000 0.00000000 0.00000000 0.00000000 0.00000000 0.00000000 0.00000000 0.00000000 0.00000000 0.00000000 0.00000000 0.00000000 0.00000000 0.00000000 0.00000000 0.00000000 0.00000000 0.00000000 0.00000000 0.00000000 0.00000000 0.00000000 0.00000000 0.00000000 0.00000000 0.00000000 0.00000000 0.00000000 0.00000000 0.00000000 0.00000000 0.00000000 0.00000000 0.00000000 0.00000000 0.00000000 0.00000000 0.00000000 0.00000000 0.00000000
79.55936342 -37.57988146 80.74910708 -49.85421498 110.90961260 106.62220061 172.36188831 41.12586510 591.55809945 -229.71408337 200.15016280 268.46195693 2469.14540105 -4.22772727 -214.60844047 124.29475958 -132.34989212 829.38623212 -487.88222586 649.25843598 524.50599957 153.58893439 -559.78191311 -595.23445752 -2633.82377367 -505.99947669 -1867.94209471 -308.03954440 95.82167266 -33440.81173682 1938.69663819 -217.65070461 85.26894596 -3304.88547190 63.22690730 197.94553013 133.84200093 676.59768763 -644.33399453 819.33839910 1107.36928266 -265.48604643 -17.26759564 -407.49644601 609.96542887 -429.74001915 -467.92120054 -2801.32585289 751.84690890 -1940.30683211 -14233.32842897 297.88880973 -134.49975788 -247.41739652 164.45517884 91.03708475 0.00000000 0.00000000 0.00000000 0.00000000 0.00000000 0.00000000 0.00000000 0.00000000 0.00000000 0.00000000 0.00000000 0.00000000 0.00000000 0.00000000 0.00000000 0.00000000 0.00000000 0.00000000 0.00000000 0.00000000 0.00000000 0.00000000 0.00000000 0.00000000 0.00000000 0.00000000 0.00000000 0.00000000 0.00000000 0.00000000 0.00000000 0.00000000 0.00000000 0.00000000 0.00000000 0.00000000 0.00000000 0.00000000 0.00000000 0.00000000 0.00000000 0.00000000 0.00000000 0.00000000
9.35874099 -7.54771658 97.29561782 33.30300183 19.17185206 110.11868626 -37.97578704 101.50119818 780.91091293 132.35143859 16.91420113 -84.09491239 -550.72048138 70.58537819 14.77627549 42.55953787 40.02246021 -84.54999274 -173.35292554 448.40939374 614.54982167 290.01309629 -619.86713335 -499.12873678 -2251.37811990 -245.45404274 -617.62140468 -24.65202852 -31.62718743 8100.06829211 -670.88524825 -3.67612660 -1003.08726927 1473.00969011 67.20010040 81.12792303 111.28313447 580.57327800 22.61202965 346.27581256 80.84357906 -178.37239763 -67.43999612 -401.96910907 357.26763619 -11.49355788 428.00316938 2586.75325557 -131.86021183 556.70289906 3915.47713641 -181.89533176 -781.32032740 151.19512477 -572.20757239 216.73662644 -1726.31077571 0.00000000 0.00000000 0.00000000 0.00000000 0.00000000 0.00000000 0.00000000 0.00000000 0.00000000 0.00000000 0.00000000 0.00000000 0.00000000 0.00000000 0.00000000 0.00000000 0.00000000 0.00000000 0.00000000 0.00000000 0.00000000 0.00000000 0.00000000 0.00000000 0.00000000 0.00000000 0.00000000 0.00000000 0.00000000 0.00000000 0.00000000 0.00000000 0.00000000 0.00000000 0.00000000 0.00000000 0.00000000 0.00000000 0.00000000 0.00000000 0.00000000 0.00000000 0.00000000
1.00283393 25.29807474 -86.03673097 3.56823573 -10.02197834 31.25546376 27.44868599 39.21970097 310.30493640 5.40152594 60.49224862 108.38300556 549.73502055 12.16310725 2.20198304 -196.66406232 38.68122252 629.59248024 -108.03603094 91.32867287 117.39403126 62.49409377 -361.41692305 -379.20880735 -1487.24592767 -414.69151000 -1329.38710745 -148.25093817 138.90330248 -43127.10065727 1019.09003078 425.42924249 -3366.85364772 4134.15525469 -228.82109652 344.58721127 445.31425522 1572.03029809 -234.11138645 777.25529976 193.09173755 74.10301367 220.12081481 1262.00657244 -776.18629040 254.17345594 -84.57914966 -886.96557043 -371.05413945 628.86460867 4259.73837308 -510.29247653 -513.07300623 148.90577373 82.41710329 154.26789426 -302.18245599 -519.85346091 0.00000000 0.00000000 0.00000000 0.00000000 0.00000000 0.00000000 0.00000000 0.00000000 0.00000000 0.00000000 0.00000000 0.00000000 0.00000000 0.00000000 0.00000000 0.00000000 0.00000000 0.00000000 0.00000000 0.00000000 0.00000000 0.00000000 0.00000000 0.00000000 0.00000000 0.00000000 0.00000000 0.00000000 0.00000000 0.00000000 0.00000000 0.00000000 0.00000000 0.00000000 0.00000000 0.00000000 0.00000000 0.00000000 0.00000000 0.00000000 0.00000000 0.00000000
-62.13437962 82.42213521 -151.56196801 -61.52439201 -157.09990832 -299.17294970 -85.49510883 -116.01415975 -922.06680533 201.66475662 -465.71671855 -670.94962480 -6564.14617221 9.23947315 21.57999803 28.56276908 417.10116938 630.70686178 -410.44370093 654.08694785 434.10899905 170.04844508 -597.58603229 -470.35585889 -2172.61244111 -235.51203313 -961.63040179 -404.36408182 246.88727513 -78187.44423859 2767.15701541 316.34323839 -3468.35044878 1638.38104729 215.23227645 106.62753900 45.97447126 281.48239066 -793.80222499 117.65540579 1385.50422812 -471.00739172 273.24289095 1580.42317370 -11.88548684 -326.81207788 -616.62456301 -3789.76020192 911.08698443 -2482.49567680 -17884.31215302 631.78754766 454.99809179 -392.91653716 590.32623399 414.89477086 -1359.80623489 263.07525265 1097.26248062 0.00000000 0.00000000 0.00000000 0.00000000 0.00000000 0.00000000 0.00000000 0.00000000 0.00000000 0.00000000 0.00000000 0.00000000 0.00000000 0.00000000 0.00000000 0.00000000 0.00000000 0.00000000 0.00000000 0.00000000 0.00000000 0.00000000 0.00000000 0.00000000 0.00000000 0.00000000 0.00000000 0.00000000 0.00000000 0.00000000 0.00000000 0.00000000 0.00000000 0.00000000 0.00000000 0.00000000 0.00000000 0.00000000 0.00000000 0.00000000 0.00000000
-61.50060566 39.37816244 -153.49146632 56.07342222 -99.85470111 -128.78444300 -85.43681355 -7.15715388 -106.40548535 127.08792847 -100.01260925 -121.29571025 -973.69096013 97.06046143 316.64380812 -61.63330602 7.73000162 -1684.80232841 756.56174954 -778.92262350 -458.79094983 -341.09034458 588.94212003 572.56353372 2765.93579145 188.38336134 842.27355092 383.46022798 -419.99739988 127760.71412115 -3308.80273292 -626.74106197 5429.56993008 -4373.52721884 220.47575899 -428.49756059 -179.69863726 -386.07784627 531.96265425 126.83167684 -981.15476998 -213.74151353 7.05946981 243.96300057 135.21448946 154.01785118 129.19067228 774.62826985 -106.35948563 338.73622863 2621.46761436 135.21543600 319.73303282 34.98315189 -175.71893492 -233.65118546 859.02410198 308.68138265 -644.16149037 -914.06929716 0.00000000 0.00000000 0.00000000 0.00000000 0.00000000 0.00000000 0.00000000 0.00000000 0.00000000 0.00000000 0.00000000 0.00000000 0.00000000 0.00000000 0.00000000 0.00000000 0.00000000 0.00000000 0.00000000 0.00000000 0.00000000 0.00000000 0.00000000 0.00000000 0.00000000 0.00000000 0.00000000 0.00000000 0.00000000 0.00000000 0.00000000 0.00000000 0.00000000 0.00000000 0.00000000 0.00000000 0.00000000 0.00000000 0.00000000 0.00000000
-6.24725480 -44.34324848 -65.73761230 53.51124573 -41.02201030 -12.30128249 87.54021284 -70.57135041 -412.23179856 -61.75300201 3.61729528 -89.27993484 -65.58791493 87.88567654 115.30498575 142.35326382 89.32629290 -802.70513603 371.59280911 -28.57424990 -132.91019290 -378.05354775 532.90307370 380.54664072 2153.36563703 -278.70512056 -549.03514981 208.69257337 -242.04367166 73030.53697767 -1622.04568429 -129.29198689 2314.24871800 -1314.36403673 299.00797437 -143.09762006 -115.23491116 -520.84991591 -17.62881251 -377.46723941 -362.82886567 274.28827246 -33.20104589 -337.03039066 -174.38753973 10.57670991 -419.31056942 -2460.23810061 285.76982477 -977.56417564 -6344.63113424 671.43178811 1572.92541306 -222.54805472 682.51483220 -170.18162765 1405.38860011 504.87604562 158.72190606 -856.52068962 211.38546529 0.00000000 0.00000000 0.00000000 0.00000000 0.00000000 0.00000000 0.00000000 0.00000000 0.00000000 0.00000000 0.00000000 0.00000000 0.00000000 0.00000000 0.00000000 0.00000000 0.00000000 0.00000000 0.00000000 0.00000000 0.00000000 0.00000000 0.00000000 0.00000000 0.00000000 0.00000000 0.00000000 0.00000000 0.00000000 0.00000000 0.00000000 0.00000000 0.00000000 0.00000000 0.00000000 0.00000000 0.00000000 0.00000000 0.00000000
-62.85450940 -8.37614517 -81.82944423 45.48911081 -52.36371795 -136.55018950 -107.18732934 -149.88273886 -1437.19778116 194.83575084 -103.56294548 -109.13245009 -524.40261677 -11.29810430 17.50710688 156.76529528 19.67122553 -287.13129942 299.75049206 -308.76114593 -264.20136009 -830.00538687 612.32355200 467.28537121 2579.97246826 -180.05405959 -332.27463278 302.47811005 -269.81359806 82684.02639788 -2186.47175197 -72.52242239 2134.16464611 -125.08338424 175.96530927 109.31608914 62.16393163 -231.06522288 -411.88031243 -374.99649556 580.47115072 329.35071613 120.16550745 812.59850885 -460.18286402 -2.72020627 -232.88258298 -1382.29137872 2.31984135 -141.28995002 -807.00818869 87.26695662 125.67669932 -254.97926125 505.97714568 127.58204874 -122.81603323 378.87239789 514.32266821 -237.20750873 308.23384771 -165.59274662 0.00000000 0.00000000 0.00000000 0.00000000 0.00000000 0.00000000 0.00000000 0.00000000 0.00000000 0.00000000 0.00000000 0.00000000 0.00000000 0.00000000 0.00000000 0.00000000 0.00000000 0.00000000 0.00000000 0.00000000 0.00000000 0.00000000 0.00000000 0.00000000 0.00000000 0.00000000 0.00000000 0.00000000 0.00000000 0.00000000 0.00000000 0.00000000 0.00000000 0.00000000 0.00000000 0.00000000 0.00000000 0.00000000
-99.36755421 106.64124965 -72.10214754 138.29693326 5.16375149 176.90651662 -11.52784618 50.66728227 427.61847704 115.44672217 42.31410586 18.12232433 424.11220378 117.79191918 211.27047021 -67.32747929 3.06409887 -1068.49881216 388.55800872 -344.39443256 -117.90830253 -50.72119579 125.51623224 120.64121171 644.29454253 104.10392383 221.38376123 -55.65141995 -94.11750253 26506.91083124 201.06435788 -429.71974098 2640.93439075 -4525.01322068 155.05841676 -491.52163048 -306.96097330 -711.22911111 502.17858938 146.76614326 -828.54280778 -337.55999664 -62.93542341 -226.11301617 765.68026023 -136.87874975 -127.87520249 -915.87335354 118.09571952 -106.15569281 -1494.00920684 -0.48803235 229.37744760 -313.02234076 185.68792700 -85.23031723 185.41720051 458.61468436 -30.07042179 -290.99610571 -229.94300711 137.45389601 -441.84854018 0.00000000 0.00000000 0.00000000 0.00000000 0.00000000 0.00000000 0.00000000 0.00000000 0.00000000 0.00000000 0.00000000 0.00000000 0.00000000 0.00000000 0.00000000 0.00000000 0.00000000 0.00000000 0.00000000 0.00000000 0.00000000 0.00000000 0.00000000 0.00000000 0.00000000 0.00000000 0.00000000 0.00000000 0.00000000 0.00000000 0.00000000 0.00000000 0.00000000 0.00000000 0.00000000 0.00000000 0.00000000
-93.15575424 143.21366394 -114.21988892 -22.94502285 1.39986016 -43.65216928 -24.45552537 -34.48763200 -350.06349362 47.77581864 101.83766468 264.82915692 2185.51344687 -68.27035727 -31.33428296 -57.31389497 -77.75787446 244.96946642 279.28972814 -525.55663437 -293.05550537 -718.22212917 207.17488613 91.49546264 981.16847017 -226.53583398 -792.11974669 2.39988498 -262.18022516 75442.03284187 -1135.96577114 -296.00931691 1743.25922806 -1656.53057966 566.85080508 -588.16897404 -200.78304112 -196.90217127 215.33711646 61.30388543 -232.03649026 -1029.65906297 155.67146561 1409.71894005 704.80547339 -196.50997368 -327.88146404 -2462.79662647 304.38378326 -484.03133596 -4694.37623202 225.53633051 40.25061850 -300.92272073 268.63767063 79.69563899 -294.12270676 96.56918701 12.56514066 -162.54709884 -130.13043399 274.70690845 -1126.71814328 557.79285937 0.00000000 0.00000000 0.00000000 0.00000000 0.00000000 0.00000000 0.00000000 0.00000000 0.00000000 0.00000000 0.00000000 0.00000000 0.00000000 0.00000000 0.00000000 0.00000000 0.00000000 0.00000000 0.00000000 0.00000000 0.00000000 0.00000000 0.00000000 0.00000000 0.00000000 0.00000000 0.00000000 0.00000000 0.00000000 0.00000000 0.00000000 0.00000000 0.00000000 0.00000000 0.00000000 0.00000000
69.48905991 38.66051931 95.79376676 -204.92271979 91.78501469 -53.53190742 52.19586375 69.67083332 615.71871682 -130.43318581 192.98005428 290.18958725 2700.33076696 60.19330709 52.49559228 138.68334033 -338.92488410 -1150.11682892 554.36652484 -720.52546112 -107.08947872 -353.08691772 227.77888318 93.24715541 500.09965522 -269.09304902 -925.54242890 -37.30937033 -51.44923326 13953.46658923 216.97394987 -396.19678006 2365.27171601 -4313.10431302 -91.88594999 -19.24905303 -11.10695597 -0.17001584 57.36757031 705.16896531 80.07485435 66.92772636 160.04241569 1180.65713776 -54.08221511 202.69026927 240.52538787 1055.40155649 -34.66714511 -2.01287121 55.06779327 38.30429557 -124.75513179 -94.54989508 251.78212578 32.32686472 -153.07164714 168.11991351 -0.77364383 -288.61389625 102.26305008 -101.02738403 -142.86109768 81.96493971 -196.05706123 0.00000000 0.00000000 0.00000000 0.00000000 0.00000000 0.00000000 0.00000000 0.00000000 0.00000000 0.00000000 0.00000000 0.00000000 0.00000000 0.00000000 0.00000000 0.00000000 0.00000000 0.00000000 0.00000000 0.00000000 0.00000000 0.00000000 0.00000000 0.00000000 0.00000000 0.00000000 0.00000000 0.00000000 0.00000000 0.00000000 0.00000000 0.00000000 0.00000000 0.00000000 0.00000000
53.42143516 27.90712333 166.27527941 -116.29851221 8.84441530 50.09794329 -143.29448681 -48.83902176 -572.64648985 150.71781812 -137.58827006 -203.48665799 -1316.56304892 -103.51289431 11.48662036 -42.20044829 -303.09304771 -566.83278856 288.58342190 -785.85894979 -183.34534264 -130.76852220 261.80906213 411.59307007 1297.80417058 769.81904090 2362.33265733 -80.33047171 -30.30643235 8444.86496375 184.03500089 -455.11797386 2234.73795636 -3971.31645279 290.38588993 -796.86844201 -387.79855253 -834.92347035 1295.70208790 100.92738995 -2279.76699971 279.57985655 -15.32438115 407.58947184 -295.76115392 274.11917482 495.24785252 4205.74557797 -570.50671512 2384.10335019 17243.80155509 275.04139810 860.13970360 759.61502853 -1245.45280068 -928.23092860 3334.73650625 -572.93473902 -2041.17657554 -39.35803498 -192.08679602 457.23850570 -1105.28235343 102.41777604 127.76686230 960.07244701 0.00000000 0.00000000 0.00000000 0.00000000 0.00000000 0.00000000 0.00000000 0.00000000 0.00000000 0.00000000 0.00000000 0.00000000 0.00000000 0.00000000 0.00000000 0.00000000 0.00000000 0.00000000 0.00000000 0.00000000 0.00000000 0.00000000 0.00000000 0.00000000 0.00000000 0.00000000 0.00000000 0.00000000 0.00000000 0.00000000 0.00000000 0.00000000 0.00000000 0.00000000
-15.99930269 22.22883505 -79.40992603 75.98921280 68.16466275 80.10757060 52.28941172 -69.61138709 -621.64899782 -36.85097798 169.83436204 253.74806396 2650.01033446 61.82834944 -60.81202601 -66.38330643 54.30558420 723.63777082 -239.13757538 381.83816277 143.33583804 -124.46811079 -106.78152445 -126.25107762 -375.52197284 -155.03945270 -459.14647826 137.97366005 -84.42699443 26342.37051029 -1074.18791614 117.95751943 -507.07339508 2342.88773856 -117.15966598 203.73279787 40.22694778 209.60362473 -355.66557433 -235.58050194 521.95199805 -0.45445290 -245.85040119 -1827.63442544 514.28826378 -360.66471733 -167.56263342 -1017.51944716 -19.01670779 361.12582521 1289.85540215 -517.97933650 -1161.00420078 462.51260943 -712.65431955 353.81091016 -2159.28113851 -798.65549457 618.41892234 1521.93814519 123.48788033 -47.99351832 174.84948685 564.83526077 -322.70984249 294.43936661 -416.96938550 0.00000000 0.00000000 0.00000000 0.00000000 0.00000000 0.00000000 0.00000000 0.00000000 0.00000000 0.00000000 0.00000000 0.00000000 0.00000000 0.00000000 0.00000000 0.00000000 0.00000000 0.00000000 0.00000000 0.00000000 0.00000000 0.00000000 0.00000000 0.00000000 0.00000000 0.00000000 0.00000000 0.00000000 0.00000000 0.00000000 0.00000000 0.00000000 0.00000000
-88.47910604 116.10750525 -124.03913562 -17.48741293 -119.38844172 -321.15765043 -280.57732078 30.06643392 -227.65539637 200.88119918 -259.90171274 -194.09162762 -3173.53724192 86.43366058 167.87146859 -192.96685137 115.28725781 -333.59976678 118.18513736 -375.92054321 -269.82981275 285.05368537 170.99285783 324.61302155 880.20056221 800.65496840 2576.26374220 -73.04276498 139.76839369 -40275.16326148 959.08997422 40.57041144 -518.15910769 -24.22744992 86.98006508 -562.28645019 -439.34868419 -1083.00574873 811.09598626 -349.95811622 -1291.78353708 -282.43143384 154.86257366 1486.97412710 63.70107135 55.44427098 168.61255989 1448.48672679 -91.33079780 977.00067040 6420.03044402 501.40747713 990.26723660 314.80674636 -658.19450139 -337.89145382 699.67572185 238.48708022 -539.26320844 -434.52121204 -85.49749819 248.75680571 -1017.55208056 -10.54572896 225.64509524 145.87583386 -172.04614859 378.18597549 0.00000000 0.00000000 0.00000000 0.00000000 0.00000000 0.00000000 0.00000000 0.00000000 0.00000000 0.00000000 0.00000000 0.00000000 0.00000000 0.00000000 0.00000000 0.00000000 0.00000000 0.00000000 0.00000000 0.00000000 0.00000000 0.00000000 0.00000000 0.00000000 0.00000000 0.00000000 0.00000000 0.00000000 0.00000000 0.00000000 0.00000000 0.00000000
54.16678496 -57.44500078 177.73915659 -35.03136500 -5.90364004 76.36312870 -88.74353614 -2.62040174 14.09335832 345.00495878 -185.42817047 -305.01390378 -2425.79732501 97.98402611 93.78516338 278.59247475 -5.98297030 -1086.06449334 140.24553838 -23.43462057 126.71321490 -147.03280160 132.47526611 247.59004637 906.35903151 470.07210603 1629.69927921 115.25623199 16.16195463 -2019.74315276 -512.65889229 18.48883594 566.46696122 77.38883813 232.96313417 -411.15286022 -377.59073624 -1324.14919809 577.51956450 -792.78613426 -925.93551960 185.51479596 159.90419891 1306.47873740 -871.43215235 394.84177531 304.31445672 2016.84158343 -278.54799405 777.35015580 6328.92965519 470.44740631 1359.17762671 465.01834481 -391.79764869 -781.90192475 3776.27725814 -259.64244302 -1762.35394231 -1239.09475205 -199.19457363 273.88841441 -714.45800230 -1.98803988 -6.66508288 912.46935738 232.97129892 -613.64515872 -1121.96091481 0.00000000 0.00000000 0.00000000 0.00000000 0.00000000 0.00000000 0.00000000 0.00000000 0.00000000 0.00000000 0.00000000 0.00000000 0.00000000 0.00000000 0.00000000 0.00000000 0.00000000 0.00000000 0.00000000 0.00000000 0.00000000 0.00000000 0.00000000 0.00000000 0.00000000 0.00000000 0.00000000 0.00000000 0.00000000 0.00000000 0.00000000
75.04374873 -21.85495016 191.17062624 -52.75792782 94.93658742 339.08648260 98.73867957 -127.15527708 -953.32278713 -210.86651699 172.00894768 144.91767034 2961.96722604 -307.65026805 -395.62464753 19.08046664 -311.75704890 1804.61317885 -640.92580946 554.38543793 208.23029912 -32.77092450 -120.63327978 -127.42936238 -500.78100313 -91.46688910 -269.88196102 -6.15793841 55.39573073 -16069.77676876 547.22622072 -22.99152093 550.02221858 -1436.60684085 -174.41074088 219.13915274 235.76117442 746.45123617 -108.78781682 560.27302028 51.32262259 0.42465022 137.01532367 609.09981031 -468.74189579 195.66643300 -84.08427576 -788.52606722 -4.98490171 -768.47870380 -4056.81931130 -261.59546570 -462.71976861 -803.14233863 889.39272340 68.43924058 349.68474133 608.04912435 -45.08265541 -692.95734338 -220.93894232 212.87775155 -262.39400516 -22.77182388 505.83525474 -1135.42545998 312.31067747 753.21113310 1779.12442326 -273.66295716 0.00000000 0.00000000 0.00000000 0.00000000 0.00000000 0.00000000 0.00000000 0.00000000 0.00000000 0.00000000 0.00000000 0.00000000 0.00000000 0.00000000 0.00000000 0.00000000 0.00000000 0.00000000 0.00000000 0.00000000 0.00000000 0.00000000 0.00000000 0.00000000 0.00000000 0.00000000 0.00000000 0.00000000 0.00000000 0.00000000
75.16406370 8.48376252 89.34263818 -40.57104781 154.21178689 314.37391902 235.07183754 170.84310514 1886.35415435 -154.90073227 410.87960932 624.40720513 5593.83397905 115.12482046 43.83491115 114.64597197 -451.74602199 -1440.84290606 656.75472622 -868.09451562 -134.79049185 -276.22563028 238.42164092 195.42689927 986.59133369 -64.26822313 -75.27341058 171.90308721 -161.84846422 49255.81585227 -1592.87982591 -164.46223847 1369.49120227 -297.47932724 161.27483906 -24.94497174 -171.35048116 -785.57091105 -16.93228061 -916.92618862 -302.30742867 917.66324626 -317.82474104 -2221.19168961 -155.13105871 67.04245681 182.23312838 1137.91953847 -229.08203933 743.21723915 4971.70015096 -142.60897139 68.43754453 883.73923182 -928.56707065 -237.28302163 758.67710014 -1393.16482799 -626.81269831 1094.01956050 -371.11602615 -196.95263552 1126.28418403 -68.16687970 -532.04332179 766.78000416 -299.57720645 -671.39454292 -1332.88258585 139.53223865 -214.36082871 0.00000000 0.00000000 0.00000000 0.00000000 0.00000000 0.00000000 0.00000000 0.00000000 0.00000000 0.00000000 0.00000000 0.00000000 0.00000000 0.00000000 0.00000000 0.00000000 0.00000000 0.00000000 0.00000000 0.00000000 0.00000000 0.00000000 0.00000000 0.00000000 0.00000000 0.00000000 0.00000000 0.00000000 0.00000000
-35.12404200 112.69355108 -98.94746089 6.31807414 52.08669563 119.76072720 233.83537298 77.03092855 1062.35943872 -325.89797463 126.09150845 39.18210646 770.32848771 160.78535236 32.71467534 85.75144459 142.82446860 -30.45228036 -347.82114822 730.89566190 333.75207348 537.16755597 -435.20042191 -179.45713139 -1097.53826115 303.37442267 954.85498495 -26.39614932 37.07701624 -10884.52219448 210.51842684 186.77150990 -1306.53882664 1868.06110535 283.14709228 -89.64045208 -194.95468484 -609.31487033 -84.25806396 -756.66381949 -59.77373896 127.91787597 -157.48606855 -1072.87670541 547.05816233 -420.08575692 -390.23536406 -1727.89599823 447.49427083 -945.52581672 -6769.47549735 330.15767637 419.79025494 -283.20450156 174.54887190 37.30623818 -264.65466167 577.62574350 565.39547067 121.01119307 -227.69916199 89.60919772 150.34893273 -88.87964295 227.17866880 -859.73918530 -54.43723926 275.69063975 470.70073089 633.00352688 -1259.40446287 -1335.75998945 0.00000000 0.00000000 0.00000000 0.00000000 0.00000000 0.00000000 0.00000000 0.00000000 0.00000000 0.00000000 0.00000000 0.00000000 0.00000000 0.00000000 0.00000000 0.00000000 0.00000000 0.00000000 0.00000000 0.00000000 0.00000000 0.00000000 0.00000000 0.00000000 0.00000000 0.00000000 0.00000000 0.00000000
19.67413562 32.35607491 85.68044096 15.78851993 98.92668898 390.38306661 217.23829889 2.12215920 567.24237852 -81.79635245 47.88789128 47.51373154 517.96180267 61.98257563 -99.66400141 144.29673575 -151.42654808 66.04353713 -108.13975968 233.03281948 299.78307467 -80.81683681 -197.09589692 -166.94409454 -662.27880390 -192.06195833 -704.90350473 -49.98895664 -1.47197066 -662.80205340 190.46224753 -230.44706131 1208.13455105 -2406.08049809 -22.54076667 -137.08816336 -70.97695611 -95.48397004 115.79476121 375.90448314 -235.82631790 15.45554003 53.25558336 262.99797230 -40.36178215 40.75890786 81.38968331 512.48934907 -117.75548207 362.37312931 2420.64225782 -290.54095115 -385.34605066 -33.29072837 -18.27092694 -42.71461642 275.99321943 -124.64838355 -304.39551200 -391.97606740 -335.59876704 132.08206003 -76.26942020 -171.16838351 -64.85676690 639.43445780 138.71246390 -328.84991039 -176.32359908 -280.69173206 634.12647296 397.22418603 520.85098943 0.00000000 0.00000000 0.00000000 0.00000000 0.00000000 0.00000000 0.00000000 0.00000000 0.00000000 0.00000000 0.00000000 0.00000000 0.00000000 0.00000000 0.00000000 0.00000000 0.00000000 0.00000000 0.00000000 0.00000000 0.00000000 0.00000000 0.00000000 0.00000000 0.00000000 0.00000000 0.00000000
24.66428911 42.67259794 100.45521930 -94.47240480 30.43995860 66.22540112 89.27554539 130.62055916 1465.68189923 -5.46525148 -15.44139748 16.71019202 -549.39962602 154.55102827 223.17129069 55.25746732 -77.22563864 -1707.97064514 663.38279079 -737.61581873 -218.78525923 39.30683751 325.95364791 517.78844444 2080.68361220 513.82324897 2084.50434755 331.81905165 -36.33466014 16712.94218036 -1924.41080879 -11.72229774 1455.13211686 582.47645672 -44.06000781 -290.63725635 -163.38786637 -434.36346273 829.64955250 -210.51762178 -1342.58019707 -26.21238465 26.66730616 249.89437253 -737.38592176 458.32738898 588.41370292 3914.28575417 -507.78064792 987.28053352 8837.36279866 -357.89400218 -476.51688589 -227.84730511 163.95433555 -305.42246608 1627.73102101 300.93455740 -955.75405308 -1142.48936348 -209.25284131 278.50383778 -832.06090364 -76.76539581 515.14489554 -291.18127941 477.19401240 267.43360410 262.61623881 -954.39004760 2248.53960433 1499.72415230 800.48400265 446.81427086 0.00000000 0.00000000 0.00000000 0.00000000 0.00000000 0.00000000 0.00000000 0.00000000 0.00000000 0.00000000 0.00000000 0.00000000 0.00000000 0.00000000 0.00000000 0.00000000 0.00000000 0.00000000 0.00000000 0.00000000 0.00000000 0.00000000 0.00000000 0.00000000 0.00000000 0.00000000
98.77625869 5.70962916 116.82165233 -123.57207525 167.21240418 265.19411433 350.19036289 165.60288755 2044.81530173 -420.29157177 399.08747705 682.35430725 5208.53787525 44.86013595 -63.10050248 -142.00763647 -185.99498323 353.64072389 -23.09498129 18.10460521 127.69378274 140.75005420 -181.29974147 -6.95413723 43.01256597 -170.82113279 -19.39569094 189.88379255 128.44925466 -33916.56717850 -348.81399010 506.60815137 -1756.82133390 4116.90717087 -415.38837178 490.28285113 401.54579403 1329.97681743 -113.13384774 338.39165928 -165.29704008 312.89178506 412.26601590 2396.12713056 -1911.32469818 951.73926340 593.32860912 2549.11724882 -652.32529403 57.67055688 3280.05577239 -638.00109302 -594.09063786 -836.88685820 1690.29330779 -92.82058101 1817.36448601 838.21157712 -238.37026506 -1324.27178593 -352.50797406 410.86323510 -548.24054362 162.56581374 470.26966912 -1163.06742124 601.22628099 8.61770206 1232.23104962 484.24955594 -2001.88020448 -1361.68996017 -733.90310336 -860.74782281 170.64516846 0.00000000 0.00000000 0.00000000 0.00000000 0.00000000 0.00000000 0.00000000 0.00000000 0.00000000 0.00000000 0.00000000 0.00000000 0.00000000 0.00000000 0.00000000 0.00000000 0.00000000 0.00000000 0.00000000 0.00000000 0.00000000 0.00000000 0.00000000 0.00000000 0.00000000
4.26960887 -102.45375781 -55.75256044 159.48879500 -6.10776386 25.28644150 13.99724997 46.71988929 426.23371201 21.10547930 -98.65552189 -153.53238423 -2068.44765343 111.09890057 53.36472084 -16.95666381 128.13116297 -149.01677496 -235.83155566 474.41002352 297.11704981 651.88052349 -324.09907187 -216.61914959 -1334.99212531 40.22276570 -17.86424535 -250.34974027 325.37381240 -97798.28905519 2545.99116015 170.65613437 -1636.58524933 -437.88404355 -330.78838934 67.85497890 60.13775071 260.64087058 275.16501580 653.60152236 -356.50544959 11.14298101 21.25307205 152.89624171 -12.11318986 2.24646808 220.38968557 1730.00085973 -367.90279985 1380.51127358 9356.59091435 -215.18657639 178.55337613 333.42236976 -415.70679001 -310.99381770 1289.39979789 -563.18370873 -1006.68626498 -292.68027707 98.34199614 -242.24979728 436.52433372 -723.53713146 -286.25071557 1096.30335545 188.67532123 -504.11269150 -568.16247759 6.13378762 -411.33838947 -321.62735864 55.66332051 -245.79103210 309.02750234 1149.34409256 0.00000000 0.00000000 0.00000000 0.00000000 0.00000000 0.00000000 0.00000000 0.00000000 0.00000000 0.00000000 0.00000000 0.00000000 0.00000000 0.00000000 0.00000000 0.00000000 0.00000000 0.00000000 0.00000000 0.00000000 0.00000000 0.00000000 0.00000000 0.00000000
-45.66286520 -29.08992684 -131.60089198 140.52173473 -34.22604665 -83.98991990 -120.83145117 -119.49840420 -1383.87783380 -56.84674005 -23.11515577 3.71261807 343.34429368 -16.11938170 -106.75706712 147.93606853 36.90278899 276.80358962 -97.38653688 119.85134350 -144.41108478 -218.07777497 230.60479852 150.08221072 845.83955246 96.76856379 139.29984575 -3.45793138 -178.15337457 51326.47791282 -816.04023813 -5.45821890 -366.66830815 1147.59076813 390.74379149 -66.87044026 115.41963232 434.00977248 -277.52964502 29.22628754 720.49427462 -852.92658042 -146.25015878 -788.38956834 1196.05101662 -621.81676687 -394.93562760 -2063.08291766 539.32098882 -816.02883251 -7000.73125985 367.12208047 -90.22614178 19.53116810 -294.75191676 244.50966798 -1514.43514811 12.79838079 385.92627480 349.40499131 176.86569910 -85.77689973 -117.35711571 15.66250357 -159.62466971 198.05125090 -344.46755596 -24.07422577 -523.81080671 276.64310063 -351.06704746 47.34191402 -675.60665162 192.34785169 -85.98842737 109.77745053 759.17736209 0.00000000 0.00000000 0.00000000 0.00000000 0.00000000 0.00000000 0.00000000 0.00000000 0.00000000 0.00000000 0.00000000 0.00000000 0.00000000 0.00000000 0.00000000 0.00000000 0.00000000 0.00000000 0.00000000 0.00000000 0.00000000 0.00000000 0.00000000
80.35491164 -49.44331120 82.48238262 -166.92510033 -71.25922615 -262.68211520 -45.57506693 84.19366512 703.87266874 -2.14570084 -29.85276287 -68.83743854 -666.87801637 8.83948406 85.16675889 42.67578181 -17.10710003 -635.02235896 -11.55936687 2.04651435 171.22866893 403.33347506 -210.69887710 157.59962344 -14.49700575 622.45368536 2007.00879958 -179.16054638 130.57697517 -39919.49341292 1503.98203277 -101.30472772 475.93241761 -2505.68851828 385.47387043 -471.16646911 -145.66422169 -510.49344929 771.34180054 107.70926173 -1587.29907239 719.57019652 73.35763600 703.90774639 -983.89907895 643.24468433 402.50804431 2831.09410708 -314.90646550 478.15103079 5287.79102818 267.73329820 889.27902108 62.97875830 232.06888638 -560.39063696 2915.02925723 266.37937803 -718.67699505 -802.61471855 -32.91881642 57.08291343 -215.32948195 -290.15959268 -192.08927013 1025.63637279 360.12742316 -663.06816339 -285.04047915 460.10344990 -1769.83986634 -1510.07396532 -40.12084498 -370.14611250 192.36204997 519.52302577 -316.57590241 -199.09596746 0.00000000 0.00000000 0.00000000 0.00000000 0.00000000 0.00000000 0.00000000 0.00000000 0.00000000 0.00000000 0.00000000 0.00000000 0.00000000 0.00000000 0.00000000 0.00000000 0.00000000 0.00000000 0.00000000 0.00000000 0.00000000 0.00000000
-49.47581935 125.69983321 8.15683762 77.16921206 113.61409880 295.97412589 202.74395124 111.37447779 1249.30004406 -306.09679065 111.92990822 42.04515256 274.27988802 198.75009376 -44.74444531 239.30892313 5.07033924 -371.43441448 -43.68715469 205.62679805 199.73784003 191.26903397 -140.87752051 -170.70992010 -831.52983102 -220.07137268 -827.01432408 -90.58266661 10.40196276 -4891.42612535 380.55988980 -47.58126504 -419.06504680 -449.15110068 53.02011086 292.93026033 199.33873539 566.15313744 -438.33635172 340.16418722 827.64391523 8.03416284 23.89531606 31.02202986 31.37954791 -174.70377379 -88.01898554 -243.84693667 305.95689457 -857.49678931 -5770.75863018 253.67621927 257.39703266 -197.35825615 324.54114723 26.39155922 168.49460127 283.98027930 62.17882621 -429.34038797 -55.39663817 -135.93050928 513.05798695 -308.39873675 -110.18973025 -56.52539132 61.19911878 -148.05284796 -46.90846938 319.08618516 -803.20100485 -806.47385764 -154.17817659 85.18783320 57.93171183 39.96763818 909.06442514 106.03912788 90.09181797 0.00000000 0.00000000 0.00000000 0.00000000 0.00000000 0.00000000 0.00000000 0.00000000 0.00000000 0.00000000 0.00000000 0.00000000 0.00000000 0.00000000 0.00000000 0.00000000 0.00000000 0.00000000 0.00000000 0.00000000 0.00000000
-72.66779293 43.36576117 -110.99432691 118.59183853 7.64235580 -29.40163768 36.99997192 145.95142018 1316.67419028 24.46977940 -22.17282596 77.94501761 -1006.96116636 261.82833154 160.04510575 92.85147336 165.45439085 -1096.80343532 461.49727911 -467.83644970 -274.85979152 76.25793693 143.01303210 -35.08087277 -44.93755443 -99.51064657 -590.68065512 -275.57152170 148.60874396 -47438.83213118 1713.27000234 33.99612998 -1438.08631971 -594.19529948 199.25422207 -363.02283971 -166.44932736 -192.37320530 287.39408604 552.99296409 168.86692125 -1551.66140825 249.06432577 1990.10240455 900.07507481 -387.85609510 -252.82924558 -1332.92266774 780.61452108 -1409.62329989 -10917.39545656 812.39471734 694.75309853 -429.28316223 178.66756110 278.75889715 -1697.76019833 991.78819083 584.32533567 -1263.66466741 322.05654807 -72.19898043 -918.80225116 -46.53218643 228.70158956 -425.70247161 -113.34587926 651.67099083 -152.18256699 -605.82721792 1970.92359439 1236.12768373 374.38127875 1090.26936408 -34.67099505 219.39492376 1931.60236492 -101.79349630 -74.81798847 -504.98741592 0.00000000 0.00000000 0.00000000 0.00000000 0.00000000 0.00000000 0.00000000 0.00000000 0.00000000 0.00000000 0.00000000 0.00000000 0.00000000 0.00000000 0.00000000 0.00000000 0.00000000 0.00000000 0.00000000 0.00000000
-55.69587648 78.04819129 -144.02827615 65.00479721 -48.29224265 -98.51847866 41.79764247 169.69199100 1555.05327681 35.78869923 41.13621691 127.61696068 -139.22333873 122.69590617 267.85217983 -300.57168498 318.23725304 -433.01684088 115.07499479 -94.13635744 -223.31742436 324.33580996 20.77925982 132.47446101 374.72454361 294.67761853 975.78167642 87.43000757 3.16975068 1011.37683911 -111.37168353 -79.16484402 988.03194180 -891.35460433 -316.93127637 140.71348147 53.59891977 406.65975678 -151.69141219 194.69570516 -47.19848222 295.54572811 -134.45443731 -1235.04347537 -61.53165099 11.23320579 -219.81753543 -1437.00000910 112.02369258 -781.84480474 -5113.92772210 -268.98154447 -393.56955062 -273.20369802 519.20122683 116.28659626 81.41731846 128.90751916 185.67232172 -355.63075336 -135.08078786 54.99242909 241.47663271 15.42094438 125.59698607 -179.91751548 268.93621862 -339.39282148 -280.42597397 -60.25092910 231.47125680 -176.55593890 455.65502221 69.62187573 44.20691237 216.99007595 -720.90300019 -551.01467586 -739.33843283 -3105.60238646 -1096.29092599 0.00000000 0.00000000 0.00000000 0.00000000 0.00000000 0.00000000 0.00000000 0.00000000 0.00000000 0.00000000 0.00000000 0.00000000 0.00000000 0.00000000 0.00000000 0.00000000 0.00000000 0.00000000 0.00000000
94.10272153 -108.05389043 233.55487261 -128.90234949 -84.67712677 -44.84907916 -227.41095196 -198.59782957 -1916.66896244 406.35219164 -311.24422120 -574.27754044 -3510.50045952 -82.21319204 25.60723676 125.50333943 19.50187525 -25.87376982 -228.93592444 565.63299097 565.60698130 -159.08859088 -208.20072330 13.13126246 52.38592613 78.50064802 511.49315151 161.15464565 -96.26430538 30516.07809137 -1116.73046015 -113.07353246 1514.61540473 -546.96725476 113.11689145 -402.49199991 -263.90852818 -871.16403865 629.42365711 -418.08094931 -1192.24558605 344.30414560 -91.19024423 -361.34421467 -222.49005890 255.58750738 270.86752214 1714.03301027 -666.78575326 1894.65815545 13516.35726977 -440.69917707 -512.45162680 300.30668303 -351.79651640 37.48735716 -647.48954805 -439.42383778 276.73332444 965.95596073 60.69790893 -68.39350066 113.55816463 97.70583594 -222.06482198 583.97360262 202.93439201 -281.00851584 216.33784405 -263.76682607 397.68124961 131.49553057 793.39114821 -229.09305684 -332.46027274 -270.01982296 -4789.10983081 -1051.97899625 -1069.36408035 -3775.38590649 -381.25230827 -4960.67174788 0.00000000 0.00000000 0.00000000 0.00000000 0.00000000 0.00000000 0.00000000 0.00000000 0.00000000 0.00000000 0.00000000 0.00000000 0.00000000 0.00000000 0.00000000 0.00000000 0.00000000 0.00000000
-91.24367290 11.07348988 -259.40352049 26.18158987 -101.26432731 -523.58691476 -187.64796320 65.63321455 -37.19513778 -62.18332677 55.94992744 281.72610846 986.66519110 -18.57253591 -56.83202848 -224.44494874 156.32948530 1092.40384805 -337.54044284 92.46895282 -139.74467012 164.79641687 -263.86536810 -198.23405255 -1128.85719072 245.61060874 636.59643229 -38.94388037 197.34271784 -57246.88496162 886.98677023 527.89526539 -3682.08261073 5450.23392537 -302.57086103 155.03379728 100.34618128 298.58586103 22.98394855 -356.00695226 118.20209479 -52.47471281 129.12823739 1113.53805230 -510.38358482 214.62304945 67.80924191 6.30649794 -325.78323741 847.11234877 5595.02236178 11.21432728 295.83812846 486.08364347 -625.10363698 -182.38958534 328.17306534 -582.11624792 -451.06845166 1017.31758450 -153.56223112 155.20148852 -76.22100253 391.49824691 -33.71208238 -277.78752391 -105.45248960 -126.22283766 -315.24351859 413.15989745 -255.33506501 7.32475775 -384.72391715 -179.01743002 -484.72748043 -1382.06429086 -1938.19339704 -41.56777472 -221.83923466 -703.33061107 -79.54709848 -2100.02176888 286.57780117 0.00000000 0.00000000 0.00000000 0.00000000 0.00000000 0.00000000 0.00000000 0.00000000 0.00000000 0.00000000 0.00000000 0.00000000 0.00000000 0.00000000 0.00000000 0.00000000 0.00000000
74.30507497 -103.58541116 99.46539881 -87.34985182 56.39594984 45.31309021 184.44681489 31.05562604 762.52551865 10.10719108 162.46015156 246.49535925 2704.25319778 -22.95085254 68.32821752 283.01421100 -437.77867233 -1970.03564004 992.94760604 -1357.40214498 -534.53459414 -826.59725071 758.76230857 633.16452298 3000.32037117 203.61965798 621.11098691 260.18718799 -397.33054114 118993.43736998 -2602.09622360 -774.89033206 5587.73906574 -5969.11956676 112.96003574 -278.43865165 -53.49203748 -336.02969098 493.54926150 387.99331779 -890.98698059 597.15110008 -353.40840020 -2405.78753935 177.09917230 185.23827674 -58.45407993 -102.95640116 -295.03097396 219.90761799 2957.68858859 -306.68270581 -278.68584561 -405.61300387 747.27786512 51.39606998 391.92033711 242.11814788 119.10125364 -588.16874059 227.51314725 -424.11207579 774.78297903 -492.16545274 -484.05547110 1047.15092931 465.19666318 -810.44341094 -349.42326535 -352.00295499 434.37392530 339.52704581 476.03318571 225.51574804 -266.34438036 127.57282530 -2453.46497687 -856.46778929 -567.54491174 -1971.06635517 432.79991788 -4761.19715253 -644.05688564 -1612.07447770 0.00000000 0.00000000 0.00000000 0.00000000 0.00000000 0.00000000 0.00000000 0.00000000 0.00000000 0.00000000 0.00000000 0.00000000 0.00000000 0.00000000 0.00000000 0.00000000
-99.05051160 36.81439637 -213.08348570 212.68890261 19.40940107 -8.15651376 75.39566417 80.46743787 699.14805409 -85.42719698 165.71262033 315.60697618 1928.11675879 86.12719518 92.12209015 -228.11365879 134.90252449 55.21124083 -28.99434590 4.56199870 -151.73365898 168.48210654 16.21868485 10.99725013 -93.11784249 -83.05566825 -448.01793499 116.79235315 -30.16132195 10531.28774632 -138.27029804 -182.21017540 1551.49771884 -1819.30558173 -711.85878067 464.11341846 207.77195446 519.35073483 -109.58087812 519.35179429 30.57060917 954.75104655 -190.53633484 -1619.29864056 -210.66377541 75.56512425 127.30231582 885.15799620 -531.11284031 1270.06856236 9278.93691778 -712.41527033 -1312.85561954 80.29359434 -184.79192103 247.49321161 -1163.92819314 -661.47351366 -205.35003811 372.02587647 522.48579835 -168.67936828 -338.26596490 231.22215891 -71.21507924 271.96861681 180.45617882 358.10170990 1129.19999900 -770.63844962 1059.02068387 1100.46977057 217.33982385 -231.57671181 -65.88642366 57.83049236 -1890.43795843 -523.46399812 -826.34077270 -3682.96596638 -1439.54729012 -1182.44686322 641.10787522 837.61625023 -329.26569234 0.00000000 0.00000000 0.00000000 0.00000000 0.00000000 0.00000000 0.00000000 0.00000000 0.00000000 0.00000000 0.00000000 0.00000000 0.00000000 0.00000000 0.00000000
-56.21551908 86.78363479 -145.17289768 40.35030897 19.62195669 -42.83434955 -7.24524370 3.23838300 -148.33943328 -96.38757728 134.44904982 248.88865533 1910.02586213 -92.06758917 -58.38469927 -217.22698695 49.77101022 818.22154519 -114.59201137 -148.56583872 -176.50261918 -177.68672952 37.57865590 -22.03361747 -39.74822857 -164.68121857 -742.34215100 -198.62092638 127.78045587 -40048.80549098 1871.46186696 16.45430292 -481.81228298 -1403.96485774 -259.36181234 329.07703855 160.31920365 472.69671432 -639.44889082 340.74373031 1120.43508108 111.81915270 104.28383973 414.26920865 -76.30447019 -86.35071839 74.44943380 201.03786140 296.44338856 -687.05278937 -5421.24245861 -250.34161932 -1063.12320937 16.17030160 -258.31365828 64.25790051 -397.02120821 -57.89081180 232.86031714 822.84530811 -4.25580468 110.12456585 -131.74552671 148.63707133 121.72054800 -188.33464916 -390.87872724 488.64934301 701.73632308 534.35671228 -1862.02867513 -1159.35647288 -858.76885099 -764.69916838 675.81902308 701.11460863 3772.84855636 1680.47235283 1988.47708631 7520.81043563 1580.79653338 5570.01995178 -1086.26318260 -2615.66222937 267.59921974 1355.53403400 0.00000000 0.00000000 0.00000000 0.00000000 0.00000000 0.00000000 0.00000000 0.00000000 0.00000000 0.00000000 0.00000000 0.00000000 0.00000000 0.00000000
-18.01839942 -71.77919616 -72.26129415 161.43512807 38.74798848 180.50832016 216.69696824 34.17353434 658.30062980 -231.88419832 84.69271252 50.67595185 464.97503748 45.46479737 48.86741176 68.00427172 74.14622545 -517.81213567 203.37794611 -236.73883177 -529.64396414 107.25261929 505.35355565 329.33107220 1395.36632559 221.72870206 478.64549988 -25.68588654 104.66956225 -30058.48556926 992.14889918 -30.77513918 846.22196618 -2001.16246076 -148.32123994 -70.46398992 -99.52652173 -564.03829152 98.01400582 -129.29928630 167.30136876 -432.03816292 45.30338592 338.51865125 267.46369623 -58.63091381 51.96414416 -53.07078437 -84.90157074 205.69297796 1032.97442875 -276.57527199 -305.69343473 -50.14153816 -14.37487721 -77.70957406 463.34384035 -208.61829294 -217.74407412 348.65086477 -294.47461299 105.88325181 260.74267470 -242.09813123 421.44875840 -918.79395216 -185.61168353 792.74005480 652.32700171 -210.74126537 846.28382384 672.64288201 178.16143892 -56.84032157 171.90533394 130.07437315 914.81588818 1084.87412710 881.82312054 3198.57038129 92.82063947 3353.65194222 -160.99489631 -834.30800262 221.75778703 808.69268541 -400.15816020 0.00000000 0.00000000 0.00000000 0.00000000 0.00000000 0.00000000 0.00000000 0.00000000 0.00000000 0.00000000 0.00000000 0.00000000 0.00000000
9.91963746 -106.02569526 21.73756131 70.42922175 -114.05554872 -2.24816984 -134.84127274 -79.25507205 -709.26260210 416.78741272 -191.94648202 -216.78909771 -1751.73771537 -65.91165951 131.86784918 -89.41762925 155.13141647 -156.44895763 91.77237552 -15.92318084 16.37654928 -283.11482640 -30.83035516 -136.46280686 -217.82715735 -207.21008340 -559.30412208 42.20384463 -142.22683376 41536.31607071 -693.63443677 -147.95183960 1208.74199817 -1020.89583538 125.92154141 -38.03015370 -123.66387195 -386.47814598 -358.45151905 -487.69070843 301.93470288 326.86309124 -92.89110530 -728.84327726 338.88350852 -179.54973865 -229.44202187 -1607.98681399 303.59146985 -681.91347877 -5537.48625055 82.40030996 92.27813545 25.56644712 -148.94013645 -6.35062693 26.56227608 6.36068494 40.62604697 -159.25796761 14.97614670 -322.17418075 841.53983474 -321.17267220 -132.15156964 186.61059591 159.43157949 -434.10343459 -573.13659711 19.80863881 81.34166453 -334.43169678 676.62995440 240.83325703 -59.61637074 -4.88835406 -601.31832623 -353.53827552 -123.11225350 -157.78759078 669.52786476 -2153.22298499 -194.86328603 -216.05518211 71.83300746 -10.83866472 88.79811497 -61.11255865 0.00000000 0.00000000 0.00000000 0.00000000 0.00000000 0.00000000 0.00000000 0.00000000 0.00000000 0.00000000 0.00000000 0.00000000
-40.28302326 83.98891463 -137.35728102 75.97537116 146.30456639 209.45287138 253.99547688 139.77068361 1533.52052174 -169.23196062 415.57587727 628.43993266 5541.78357088 138.47323320 46.43841691 125.09103629 -337.96423581 -1139.86259534 660.89471360 -986.13325489 -499.11454410 -666.00069641 503.23130035 208.30294185 1378.97684470 -129.25203037 -598.78327763 52.81986016 -154.42426467 45405.97890581 -447.77623880 -358.41177408 2476.53821199 -3453.66398873 -18.67232874 122.53409380 85.14381702 341.29665526 -399.01076424 304.81062478 616.69044926 -76.72842086 -62.41944538 -594.04852766 382.74163875 -244.00901304 -486.55213332 -3204.92001086 406.18283321 -1292.29282338 -9736.34739427 -58.59865907 -117.31698680 -299.22796136 470.08756891 54.58599035 441.51602370 -119.95155687 -229.56817441 -527.02954725 -249.53161335 -37.59585427 174.90958473 -19.78340952 -196.93871687 265.96718051 87.68875536 -593.50816285 -1094.97041656 -288.54354922 1206.95950570 905.87922854 450.90333168 137.20090494 58.53345777 -121.05675423 1120.54585296 467.07520341 670.54901052 2904.40713031 916.41374604 1433.81134260 -189.55723251 109.49035914 231.71860263 -24.85802856 -533.49709343 257.43507919 -409.90476799 0.00000000 0.00000000 0.00000000 0.00000000 0.00000000 0.00000000 0.00000000 0.00000000 0.00000000 0.00000000 0.00000000
8.48503605 16.79256093 19.09721981 15.99096945 122.39940653 162.05516479 233.52754875 179.91098100 1835.46621526 -201.48890174 447.07198789 627.75040492 5728.36859620 32.66412477 -41.23434838 150.26373603 -248.56983264 -506.23165266 346.28415908 -383.33320305 -71.11133061 -532.96664904 118.63567859 -208.97701390 -361.54490792 -763.83352643 -2655.16368361 -117.62328103 -54.19415752 12720.49444676 614.27285122 -97.25899535 302.45357197 -1643.57762246 -67.82883752 381.91030774 113.81663895 -103.69877211 -720.30318556 -188.43128477 1175.72990195 737.38491278 -102.50062967 -922.07491904 -66.04338426 181.26910415 82.17092068 -440.96769601 185.39718611 -1177.69228466 -7820.24018182 142.49095371 207.04902637 -30.27404753 372.55821590 -150.41097465 1311.98640537 -111.77819272 -82.62561543 101.81109558 -146.41645415 -127.43092869 782.16457790 40.39573518 -589.72819495 775.30374070 88.96414219 -1242.74388090 -1182.50835270 1124.48119254 -2856.46060081 -2233.11001576 -670.10377005 -548.61757581 428.75957140 547.94260854 2438.70931618 795.48395798 1492.34662433 6215.06086504 2634.79169082 634.66532680 -1624.87652244 -3350.93921859 686.40185074 1665.34490780 -827.36436314 281.33843296 -441.34949829 208.13234875 0.00000000 0.00000000 0.00000000 0.00000000 0.00000000 0.00000000 0.00000000 0.00000000 0.00000000 0.00000000
31.06528164 -50.05936562 113.59286778 -5.98211082 -29.49909249 78.28738311 -103.49126498 -86.69636019 -782.26016721 366.48538740 -271.83215650 -546.37190941 -3934.04655249 31.10718177 4.42414008 243.12941138 60.21353428 -352.12211432 -145.63930268 255.52015703 317.68800422 -1.15588666 -245.60946477 -187.11643126 -1117.54731067 184.15318483 306.09163083 -117.62436905 -24.46568937 5122.65886275 447.28931372 -436.04189176 1717.40447455 -3978.22233845 110.20012972 -296.15959301 -304.08066084 -924.54584094 318.64818120 -37.26231764 -405.81311620 24.41670190 -87.84118515 -389.42620342 563.15471252 -160.15206606 -318.57739562 -1485.14357086 303.05899026 -552.95687929 -3983.43612779 444.13296821 567.86982568 -113.40652081 -156.68903577 211.53854216 -1390.21633165 361.93278002 422.32375778 -458.39553264 29.06386141 -118.82357161 213.45660030 -198.18084466 170.99773561 -486.25903181 -50.44552433 490.69522888 164.94241390 -531.15690746 1954.83055793 983.16520929 1124.56083451 630.28862825 -90.82741366 -259.72164633 -71.91404215 113.79170064 -122.55841183 -1113.07874651 -735.77154078 475.80034984 67.60400112 -446.71414817 156.17173184 940.55790681 -1056.17983079 216.20185727 -183.20163070 401.92873234 -687.43748988 0.00000000 0.00000000 0.00000000 0.00000000 0.00000000 0.00000000 0.00000000 0.00000000 0.00000000
-64.14059384 2.67475231 -101.08083954 96.90892246 18.63897467 -50.52881732 -54.67652202 -136.00602094 -1540.56423276 -271.82262323 166.53341106 112.29417660 2807.07082874 -103.55705693 -244.91143896 315.76244697 -101.13290917 575.11601789 -175.29719622 323.58219308 -203.06695309 -535.63615867 577.86161987 378.24640144 1957.52203216 110.18350395 518.94078535 445.71134254 -534.85514520 161544.72164673 -4313.38130688 -470.76740419 4349.98038230 -1874.01537933 539.70990793 -287.88414297 -131.58602354 -736.81301601 451.34515962 -784.06041726 -889.63186313 253.96855970 -295.25436269 -1703.98166188 176.38907233 73.65414933 193.18762563 1488.95663732 -397.15708201 1206.57960494 9052.99298748 215.29000246 746.82183673 546.61487255 -745.99850776 -532.05430461 2157.98402610 -385.42652801 -1111.46943024 58.07780684 -106.76127204 77.76372934 359.50435823 -128.52316794 62.95076803 139.58433048 -134.31561216 -76.84864063 -512.65730616 199.11332578 -268.06880255 -205.54745870 -174.56659035 4.42824942 2.64848255 -103.60234806 138.66715315 293.01595301 253.61679436 963.58732341 267.46014305 340.08122769 -70.35943485 -218.98335784 -66.27150787 258.69283617 155.72486073 176.45197122 -426.20921649 47.70110392 -1100.01621382 -2045.41147673 0.00000000 0.00000000 0.00000000 0.00000000 0.00000000 0.00000000 0.00000000 0.00000000
-19.54710686 96.34305249 -7.14459593 -19.34908428 139.75923451 190.07789270 265.07613799 96.53481226 1138.30211897 -489.60960709 333.33606502 399.08416012 3959.71654717 -94.04871650 -155.00164950 -85.04033288 -110.00763791 883.08048154 -295.22919766 186.70907986 -92.21116957 201.78676166 -14.22880399 -100.86515306 -632.33298420 47.81783759 172.13598771 18.33285567 63.53379370 -17929.18594749 247.54840293 199.30471965 -1125.80954558 1547.07515680 -400.14434860 662.46651673 329.57364119 587.75004257 -600.40949853 47.04607938 976.85506902 629.49980331 30.08343405 -170.17647539 -565.95280524 161.93734606 173.18741434 429.79133195 -520.04232371 712.26007138 5378.55574569 -621.72004522 -393.48145705 -7.55561566 365.41190633 -17.85316049 670.87381332 92.55699013 276.33160345 469.94840885 -366.33724268 396.35579901 51.14664499 4.43977276 340.23187843 -436.96602248 -183.87126940 -6.26940060 271.23982138 887.67396851 -2380.45187652 -1514.54705997 -1066.76212619 -1282.82576917 803.39446181 778.04522110 3784.39464726 2096.86200211 2360.52525570 9037.72585198 1875.45553768 6273.92130622 -1380.61827112 -3641.38742005 455.38517709 2271.98184420 -247.58461744 -24.60393718 66.86490557 -138.46885498 1457.41902996 2294.20939125 -1036.63724912 0.00000000 0.00000000 0.00000000 0.00000000 0.00000000 0.00000000 0.00000000
62.47072201 23.36563548 167.86736339 -187.02771266 -18.53709371 -30.19124594 -183.81329142 -77.40882967 -1015.37634878 129.92332447 -43.14651813 -42.97979888 218.66554256 -277.14986974 -151.31262360 -126.60957285 -217.27803349 881.83960454 -64.54673769 -263.95289303 -82.09576378 -369.94296532 13.88317409 -161.99221394 -397.03681125 -294.61973270 -999.85051796 -59.47190740 86.57135401 -26201.55833752 508.03879640 184.62634223 -1581.05775853 1863.35869095 -295.50962080 268.53804778 377.73568413 1377.10160213 -101.42578700 793.53189643 282.71314270 -442.52071862 332.26624748 2200.04377374 -807.05267821 297.16012355 -73.63920238 -873.22527425 -142.20565110 53.07525912 307.54292050 -113.45710972 -8.05332738 34.38642531 39.86989750 42.43838652 -129.34520019 -62.64750660 -138.16065929 -28.80107199 -131.26170923 192.95399930 -234.02654666 435.30730832 -86.92621873 -125.29040642 -68.33732875 -242.04260463 -146.53950864 674.08841077 -1721.06561804 -1369.20187107 -684.86559783 -330.11956740 507.81852229 461.24685469 3876.45359840 1023.46383453 1484.87034190 6106.54176636 1811.29557485 3989.44254153 -941.73676119 -1463.33215241 565.71468113 762.39779447 -247.99850944 137.47703381 -194.35383210 -70.63449149 698.54140043 441.43375690 540.96132907 172.46945421 0.00000000 0.00000000 0.00000000 0.00000000 0.00000000 0.00000000
74.68924723 31.30744723 230.97973634 -216.39450623 151.45444361 83.18887356 -72.22180164 -53.64615116 -774.83550236 -96.24971022 246.50989159 379.14277021 4353.91482268 -175.86719144 -334.30594355 103.73626644 -473.95350894 990.26529195 -173.52165912 -193.50702102 -36.52963686 -315.31638928 -105.31351979 -265.81192870 -1144.26763389 -11.79904664 -339.42022431 -238.85526223 80.74358210 -27236.12083521 1379.13722113 -60.23203389 -857.12062583 -1037.59769802 247.96716923 19.50833623 -61.31881512 -144.77369622 -400.64128423 -237.95336971 733.76560001 -261.09972402 156.52700686 1112.83464595 245.76987506 -522.58267805 -479.31409515 -2281.79510864 659.25251876 -939.38835029 -7941.26062330 528.03100350 353.88535563 170.04400389 -555.73893292 27.18914211 -614.76619493 -182.37167492 201.44397963 819.58981047 -248.33788475 210.73457632 -344.88014960 27.98423688 316.56871013 -359.62562431 -306.85418466 772.01014431 519.30311596 -295.71528823 791.85211610 639.85890025 227.75403919 -163.99435162 226.50490524 -51.87240426 1157.37296764 1134.75287935 1177.29683101 4575.98971647 688.61997672 3874.79158915 -417.98763845 -982.36201596 379.73401781 999.25171887 -330.75130918 105.01573227 -50.80516674 -161.89140569 1144.92244883 1634.25547104 -213.76088841 -226.79818823 -234.99331542 0.00000000 0.00000000 0.00000000 0.00000000 0.00000000
-27.65585857 -10.02835668 -49.58824549 93.27121902 -71.82611940 91.04841608 91.51076975 -13.23883655 335.73811988 190.43561945 -200.24307188 -418.63730951 -3126.64847862 206.73082430 194.76493052 362.22496729 140.42193163 -1552.22112157 200.68413930 415.22939037 350.48097022 80.68897804 -137.28919991 -164.00841216 -551.25176465 -280.37038592 -927.17864987 -106.61873206 -13.09068280 1587.92334510 554.27270680 -63.19065542 346.26515652 -1480.89164250 425.61911782 -251.90997527 -208.73659604 -755.99090936 -75.82535803 -251.03286291 28.48832270 -114.05079076 -95.46939168 -848.42648745 188.76259222 -168.04020229 -472.62608061 -2997.63158527 313.01413279 -1230.77537753 -8397.60656365 356.43472476 937.83779054 -450.24671941 1273.99688237 410.79961918 -717.65590928 398.19458683 1302.76010451 -840.82886105 362.74066243 -297.27089206 436.88800303 -119.12445138 -256.12986341 569.61487662 311.75552425 -688.31321811 -907.12572013 -524.54817204 1526.08422819 660.58133783 1185.83927366 584.51289499 -400.94425254 -178.71738162 -3215.79200432 -1548.06647360 -1911.37998154 -7568.98855459 -1889.47767150 -4012.29119652 979.50306263 2363.50868250 -377.87509481 -1198.81584536 109.24964183 -102.83846558 223.89837760 132.16011160 -669.38501733 63.34248968 -498.49528981 90.75423423 67.87537539 -389.48594793 0.00000000 0.00000000 0.00000000 0.00000000
-77.36240294 86.32960214 -149.41095610 72.67154110 -36.48495509 29.43934540 126.76903289 149.18878146 1586.54851437 -138.98408848 33.34395526 205.45114600 91.63431096 68.08608186 186.39042574 -269.53177812 191.00176348 -350.36710484 333.14468236 -376.84756274 -345.06822299 296.45059771 179.21922455 304.76505325 1252.77215296 276.47979534 1346.04239585 219.75937262 -10.02124710 6756.16862758 -1665.52934715 619.44534183 -3062.86818905 7539.92044420 55.42554522 -56.18208542 54.89216237 0.00085301 347.80380795 -793.06068068 -763.72437669 435.37459618 -30.26955698 -222.81849675 -881.21965288 508.51420868 883.37764463 5027.90825939 -990.64839903 2353.29842471 17556.91421436 -692.14054085 -707.02198569 409.55057337 -215.33065630 -232.69771969 1206.21739321 -392.85291902 -375.69673773 107.22808214 -40.01687547 242.23145652 -500.43601847 138.63497419 33.33888208 619.20659333 156.09488452 -490.51893757 -513.23570182 105.08216881 -370.53973939 -34.45484333 -426.56310818 5.00711034 -270.61621049 -371.54453407 -1257.38147948 -258.76755187 -20.53069533 -57.27243199 1289.40693625 -5327.26363039 -1385.42463711 -4158.72418028 -56.68848880 1768.91910269 16.91405593 187.18460543 -473.49935611 269.64884971 -1500.74708664 -2344.07650970 -877.96798578 -108.73948543 -93.44292138 -924.82348517 -677.16417450 0.00000000 0.00000000 0.00000000
-15.15458797 66.03591933 -76.35263900 17.90074984 139.18438796 204.08773983 335.05215620 216.21447634 2288.50859941 -454.92111630 460.74038437 657.89500000 5454.44002451 105.61761982 -82.59652307 34.58832664 -82.14048404 144.11851464 -69.63241207 158.39523177 130.95540713 313.71959397 -359.81395777 -366.56350819 -1635.06731675 -98.12540151 -262.79601462 20.70158509 45.85032009 -13315.56525371 -541.50577268 344.94265816 -2871.68886285 4733.12328745 -13.56644989 237.61354262 75.27660427 144.50977821 -210.13626388 -655.31848671 247.11333423 365.02514028 -192.43759488 -1608.58519717 -126.17013599 -94.98348751 381.04696460 2627.11980202 -201.55439243 524.52149117 4364.04195847 -355.37277762 -1062.52533383 143.15255793 -196.87429938 275.58831952 -1394.47881043 -452.48289332 253.41415514 445.92429239 10.59433999 79.85032675 -157.90954040 350.03733012 17.77348289 -83.71711148 156.83388953 73.64624765 438.42693193 -481.90998594 1013.13207508 724.88916661 547.09020578 393.90364800 -652.31896657 -728.57596737 -4314.09762379 -1763.20596322 -2117.19589620 -8032.41663102 -2040.59369012 -4543.46197851 1043.55652105 2471.35804200 -441.93587660 -1277.65728562 718.29239118 -282.54352113 464.09865697 260.53166686 -1607.97343553 -1466.32818603 696.99090768 560.30168900 739.56563606 526.66702457 1308.46843341 -475.48503560 0.00000000 0.00000000
-71.03027097 76.28209834 -176.34330284 37.57771295 -24.19069379 -150.81247750 30.81397957 148.53872253 1189.46271729 -151.90167153 196.50717767 381.44884638 2410.25273846 114.55760826 51.15122422 -180.07472771 204.03636734 497.27678455 -312.62652156 561.55799769 166.39178276 438.47984603 -302.52344324 -158.23578294 -771.91232216 138.27645537 789.05836636 192.79215967 18.60564333 -2122.08078674 -1157.94509475 513.33598498 -2695.14413502 6094.46156423 26.31148909 83.74821829 -35.32224238 -217.14717023 38.40471990 -895.32286169 -455.82721676 566.39820066 -95.50717892 -727.49736894 -515.97153760 194.19630307 194.99376038 1298.82738430 -202.25120891 340.59980370 3323.41245243 80.39409715 149.49271813 15.80138019 111.92450894 111.37075641 -362.04156989 75.22610006 33.09731258 -513.05444306 153.80645608 -37.04976179 -25.24860214 -29.38087356 370.25222939 -884.08706036 168.75472933 534.17399185 633.81499719 -516.77801002 1142.26718393 951.05364423 229.91046054 54.28305281 -73.21413606 -362.41899770 -350.78463954 31.04313120 -146.97837958 -976.39488137 -279.24760861 -980.21097347 -80.34731347 -1030.80378167 -13.86391450 1255.40403441 -296.70376363 59.03052926 -125.27406465 263.97038045 -959.89290052 -546.93916318 -513.30908043 -242.36642235 -70.60347650 -292.95910825 -375.73211252 148.17417541 -124.56187938 0.00000000
-20.77008079 35.21905201 15.96275892 -64.84229876 -9.66004319 -150.61992160 -183.90430741 -95.87589132 -1333.22940075 -98.79641520 64.56240149 67.61657285 1629.08730396 -192.98783815 -140.87928092 -64.16941892 -115.82140402 752.59011440 -196.91182055 53.17750563 -46.69664833 -144.95919264 -10.59108955 -73.41532343 -280.06520455 43.17741573 -8.67015008 -82.83935324 -79.63841719 21739.47266381 57.03674534 -98.00799416 23.20580667 -636.52739623 241.01940129 -138.47830425 66.13593110 436.64043246 157.82881679 494.67452949 -77.22357174 -695.77228074 236.91605087 1783.36028375 -67.28471297 54.83086879 -67.70596097 -491.49518764 -5.34961307 -77.77857030 -498.01665763 163.98400957 446.08972369 -327.56961851 202.60542492 -145.06389055 494.39641882 749.70237250 -57.03215135 -5.17946262 -573.67531337 677.78623089 -789.04197469 310.62675469 646.97830243 -1371.90494952 -81.86025890 457.45985409 610.72776469 983.45797119 -1940.00040879 -1696.52515565 -842.12904384 -431.32093847 442.40980287 133.23425629 3368.39947632 1604.83913939 1913.92003503 7368.94016766 2191.53624332 3068.63930674 -1550.08796497 -3873.77367309 486.88792478 2015.49151865 -444.04076177 255.42207880 -316.80127878 324.18016277 -836.10324185 -739.34741766 -289.34076083 177.35953380 83.53319099 -174.82567797 -509.31637946 -271.31252691 -2637.40821386 5360.88481017
