1.00000000 0.81670133 -2.02642710 1.86738496 -2.25865866 -2.50144066 -1.00016140 -1.15417738 0.66575324 0.88743247 2.29638247 1.40933656 1.87838527 -1.72864150 0.32381019 1.69961832 1.23598058 0.08952456 0.41281682 2.33779627 -1.41399068 1.12572763 -1.46537715 1.51992598 -0.10083560 1.07958054 1.45141206 1.14204114 1.17681964 1.02103701 0.87666870 -0.80349722 1.63120583 0.89128392 1.42782664 -2.43183219 -2.45516007 -2.60693193 0.67550660 0.81738945 -2.71685769 0.93805050 2.04070868 -0.07939606 0.09984751 -0.60732293 -1.49735409 0.01905022 -2.28153518 -2.52869254 -0.56817452 -1.86417199 0.81377062 -1.12113662 -2.05139850 2.65910473 -0.56130549 -2.38866058 1.12158778 -0.13888448 -1.35579081 1.24672624 -2.09201543 2.13852961 -0.06609438 1.08127234 0.71105856 -1.74386811 2.51355413 -1.23714414 -0.17845968 -0.70424405 -1.43471138 0.29402297 2.55844554 -1.41524315 0.69455995 1.49420369 -0.46281491 -0.46360089 0.71530856 2.47041147 2.43653024 -0.43946328 2.37083567 1.92311530 0.33385728 1.37765200 -0.84772703 0.96461127 2.55483441 0.38362168 -1.60229826 0.67526557 1.84011205 1.39097947 1.16172565 0.44735139 0.14426821 -2.32398537
0.00000000 1.00000000 -0.31429151 0.87726864 -1.38303161 -1.80312495 0.40211984 -1.40622230 0.34487863 1.39801338 2.11785457 1.76847039 1.94511097 -0.65476382 0.39495297 1.21728607 -0.28958956 -1.01310167 -0.29815533 2.29847760 0.05576191 0.61873842 -0.54639881 1.52385275 0.65192434 0.59177959 1.51412349 -0.03165396 1.01849188 1.60558093 -0.16692241 -0.96014437 1.68930532 0.53552856 -0.30434170 -1.22512978 -0.54245587 -0.83691341 0.75513749 1.04430271 -0.76409263 -0.10481476 0.94864811 -0.23944653 0.08374942 -0.94480809 -0.17693018 0.73916292 -1.78923899 -0.27701232 -0.84841136 -0.78955251 0.49219180 0.16048693 -1.06930902 1.50518468 0.79880670 -1.62294233 1.68899935 -0.43200952 -1.07546552 0.69096538 -0.35748991 0.07500724 -0.56197547 0.63554894 -0.16552714 -1.00239743 1.94755199 -1.05488781 -0.70917033 -0.16391384 -0.83338720 -0.88668850 1.74500348 -0.12950323 0.51831624 1.25915102 0.53034810 -1.17503468 0.30173970 1.71460659 0.37815317 -0.64674101 1.17791894 1.26097582 0.07389640 0.00184898 -0.68565336 0.08752721 2.12827047 -0.37732143 0.07573455 1.26000259 0.54455640 1.41807689 1.39994228 1.24204579 0.84751663 -0.17363025
0.00000000 0.00000000 1.00000000 -0.15882405 -0.02485986 -0.85139439 1.38007388 -1.09449307 -0.57325469 0.71567118 1.02494710 1.28323869 1.52072360 0.38508610 0.13007127 -0.00590807 -1.67191780 -1.33297366 0.14277462 0.75387677 1.43265711 -0.18909396 -0.13699483 1.21927578 0.52019798 -0.00008010 0.39429191 -0.84832293 0.58898070 1.14594461 -0.68346572 -1.11286565 0.52801435 0.29605766 -0.78069158 0.43844541 0.09160295 0.99187869 0.22381445 0.96487763 -0.02147634 -1.06287414 -0.17519411 -0.97029141 0.57984686 -1.07799922 0.44385201 0.07785119 -0.21781117 0.79709185 -0.34181403 0.48006099 -0.41276159 0.15100858 0.08567290 0.99182808 1.68310181 -1.28017851 1.13752944 -0.96730112 -1.31425101 -0.12566357 1.24748953 -0.73349140 -0.91181365 0.64797268 -0.95996318 -0.08928131 1.57163252 -0.74961175 -1.24909171 0.37657529 -0.37056995 -1.48025637 0.61654047 0.37032874 -0.28517113 1.35708207 0.53351970 -1.10492025 0.02758296 0.51906699 -1.13040476 -0.98709619 0.85765137 1.07490797 -0.18982107 -0.39754412 0.00022549 -1.07445201 0.71528129 0.06596962 1.56969639 1.31016834 0.07750686 1.21465671 0.25918979 1.48988715 0.09010300 1.59271478
0.00000000 0.00000000 0.00000000 1.00000000 -0.75465292 -2.04576222 0.64819309 -1.48509794 0.58605743 0.42600358 1.97575096 1.11062943 1.25752765 -1.06406552 -0.30269166 0.52615366 -0.69201762 -0.03494596 0.76722068 1.06469815 0.33561769 1.00509458 -0.93385113 1.62220193 0.32804056 0.77886200 1.04972490 0.07343096 1.35070898 0.66644291 0.52880910 -1.26820838 0.49476296 0.96126984 0.75786933 -1.54026518 -1.68637390 -1.00937894 0.17354996 0.86385127 -1.84892341 0.09501397 0.79709365 -0.49828215 0.17082280 -0.63533987 -0.24230577 -0.34320355 -0.54781909 -1.08790657 -0.91760025 -0.02744999 -0.28372280 -0.77234574 -1.40119283 2.10442620 0.58789947 -1.10093602 0.51690869 -0.10665764 -1.09592134 0.67537847 -0.85543781 0.86369169 -0.59806037 0.21327954 0.16942007 -0.38565549 1.27926240 -1.42693820 -1.05678154 -0.25208522 -0.63772400 -0.33512584 1.03765429 -0.14176042 0.13762878 1.51439545 0.01191356 -0.54062070 0.44728169 1.22833034 0.91387555 -0.71027396 1.22701770 0.77989197 -0.05262686 0.19463746 -0.05521942 0.45591714 0.97527836 -0.38117607 -0.58491349 0.93248552 0.51460089 1.55222869 0.35018784 1.04157320 0.49448297 -0.77363350
0.00000000 0.00000000 0.00000000 0.00000000 1.00000000 -0.79042334 -0.51850735 -0.15579934 2.32501230 -0.93409378 -1.19616389 -1.95926864 -1.84052829 -1.25176730 0.01781665 -0.89828587 2.87098146 2.11658621 1.46628375 -0.15591372 -1.04551328 0.67387815 0.43750674 -0.03210869 0.64900033 1.17654438 -0.08806874 0.75730998 -0.70340773 -2.58477306 3.18660093 -0.32430541 -1.46089547 1.42778436 2.55362435 -2.47754029 -1.60172366 -3.17102971 -1.19195656 -1.25278869 -2.14227051 1.88399992 1.14087393 1.38755843 -2.10228524 2.16379632 0.47822082 -1.72541319 0.02017189 -0.99866024 0.10158766 0.53353127 0.05992061 -0.37100837 -1.10769048 0.08027076 -1.62734521 2.02319107 -2.06076763 1.47659650 1.54878463 0.03811985 -3.56712138 2.24322506 0.30917389 -1.78405745 2.82394688 1.94303123 -4.35544915 -0.53361092 2.44117360 -1.44454907 0.87162634 2.39666195 -1.55772256 -0.94757445 0.25712192 -1.11157012 0.31491223 1.37558577 -0.97338142 -0.28802064 3.00538431 1.04235043 -1.14893191 -4.31974960 1.08106804 0.74545742 1.60899748 4.46392782 -0.95636567 -0.55959443 -3.79997934 -2.15696095 -1.18701711 -2.28837180 0.23288707 -2.34964625 1.90435186 -4.91423211
0.00000000 0.00000000 0.00000000 0.00000000 0.00000000 1.00000000 -0.72241178 0.97954453 -0.40196549 -0.52142426 -0.80947103 -0.41726717 -0.71620286 0.61421329 0.06871477 0.06523393 0.37743991 0.43016536 -0.66559413 -0.81049258 0.02373706 -0.32810300 -0.02543570 -0.50231737 -0.48248772 -0.45621483 -0.24126373 0.20255725 -0.36416384 -0.26965550 -0.08185893 0.60722760 -0.16136293 -0.88039344 -0.25870903 0.62425666 0.41458725 0.68375080 -0.21719202 -0.30530192 0.95490225 -0.02079502 -0.31671975 0.22153768 -0.08303223 0.02108563 -0.41063746 0.45538756 0.28139304 0.29084535 0.65885976 -0.17842698 -0.08875987 0.18867354 0.85564823 -0.82525341 -0.28532070 0.55406060 -0.51982857 0.38053702 0.76113002 -0.15445781 0.65878068 -0.50128179 0.22825945 -0.21649812 0.11321330 0.00218889 -0.50328485 0.39147954 0.37730681 0.15972052 0.10043957 0.19997761 -0.23120062 -0.06834127 0.20128007 -0.75212300 -0.15005413 0.59960447 0.01988429 -0.74717196 -0.59565982 0.50069443 -0.71482330 -0.06367499 -0.44454384 -0.30702511 -0.22483695 -0.26073191 -0.43162124 0.39351859 -0.01360167 -0.20666199 -0.30164629 -0.42639003 -0.06258940 -0.19296050 -0.82945852 0.45191304
0.00000000 0.00000000 0.00000000 0.00000000 0.00000000 0.00000000 1.00000000 -0.94174859 -2.36209570 3.59827969 -1.00680716 4.34871808 13.44066312 0.80093929 1.93835490 -3.07800946 -5.08721400 -6.63979793 -2.13412931 9.78332548 7.57756121 -3.65948444 4.87491931 7.12553601 1.78358378 -2.79546519 -2.43412051 -2.93917065 -0.08577552 10.73129437 -4.09769532 -6.64633420 6.87499967 2.85561957 -0.52068149 5.41803136 4.85523232 4.02642899 -1.16584047 6.17759381 -1.59556091 -9.24622841 -0.13246723 -5.46657712 1.86290498 -2.32207372 4.33437502 0.74760518 -9.72255122 6.71084009 0.46969756 -2.93794179 5.34532257 -0.20877448 1.97074554 1.28523722 7.45544825 -7.91140764 4.25045591 -8.47599373 -11.29918712 2.28624867 9.03149095 -2.00471291 -4.52457913 3.09449956 -8.96335107 1.59942290 6.77029275 0.29557369 -1.98060536 -3.39203661 -6.79530081 -7.13688603 6.50778365 0.52650086 2.84964430 7.72059527 3.15834808 -1.90343722 -3.71531769 1.80814088 -7.80794935 -3.21996698 3.42305657 6.35158673 6.20563061 -0.17019079 -4.44981581 -3.87251882 6.40761515 6.26206898 10.43692851 8.58775949 4.38282227 -1.52085784 8.05380482 5.22785882 -1.65808870 3.73816377
0.00000000 0.00000000 0.00000000 0.00000000 0.00000000 0.00000000 0.00000000 1.00000000 -8.80891588 8.66315451 -6.22744320 10.61377876 42.37768739 2.98619940 5.21367887 -10.75747879 -12.80742772 -19.40915933 -6.07693998 32.03886719 23.65718787 -14.53019360 14.69458741 24.25717741 4.76499751 -10.68228250 -10.01806518 -7.32455333 -0.67674637 34.16478274 -8.94415647 -21.98967548 21.83012308 10.23500317 1.09337027 16.59412229 13.47776161 10.50613086 -7.78844877 21.42271535 -9.52056343 -31.20440550 -0.80134767 -18.53843444 4.47621469 -5.15676624 11.33951600 1.90769285 -34.16508063 21.52201369 5.78084427 -12.29524176 18.50004811 -0.99631573 9.26283802 4.21672219 22.99503885 -27.57395361 10.04608412 -28.82938911 -38.18634406 9.60308343 27.82924659 -2.46323567 -15.50253769 7.71353636 -29.22331629 6.98103730 18.66210445 -0.64835088 -3.90311346 -14.72390642 -24.19792945 -22.64743449 20.27043508 -2.64398900 11.20207838 25.81357619 10.77235716 -3.60735675 -13.85003636 4.14170203 -23.42554565 -9.64767938 9.04706355 17.27828881 20.31787812 0.08126868 -15.38287598 -8.20587621 21.36930612 25.05608168 30.35607846 26.64280135 13.58402326 -9.93958265 28.59836372 13.64805405 -6.40172999 7.43223993
0.00000000 0.00000000 0.00000000 0.00000000 0.00000000 0.00000000 0.00000000 0.00000000 1.00000000 -1.06563221 0.63316321 -1.32528070 -4.42879219 -0.41278518 -0.75334630 0.95312241 1.52954815 2.04865258 0.91673267 -3.39047825 -2.68571449 1.44304268 -1.54807301 -2.62280917 -0.52536486 0.95880083 0.74258730 0.96240707 0.12758222 -3.61771893 1.05069829 2.37582120 -2.47906049 -0.74105465 -0.02610932 -1.84668728 -1.57466550 -1.31621001 0.55730467 -2.11533671 0.54417671 3.16205699 0.08664942 1.94877260 -0.51506436 0.67107619 -1.17854588 -0.30348428 3.50067916 -2.30246382 -0.55374603 1.28838529 -1.89897771 0.05857936 -1.01613310 -0.37498433 -2.45310004 2.62333469 -1.20624066 2.84908345 3.84967329 -0.84695033 -3.27629107 0.55953169 1.52170423 -0.87858561 2.90058307 -0.74700794 -2.17028986 -0.02091805 0.38552596 1.40380453 2.48948489 2.44017162 -2.30073756 0.17551540 -1.25479462 -2.53014541 -1.24168010 0.39438384 1.25736254 -0.53433464 2.75479236 1.02154699 -0.94138224 -1.96221099 -2.06732719 0.07901793 1.59524441 1.08777935 -2.30943104 -2.37011361 -3.41482202 -2.97650871 -1.32889774 0.81522987 -2.88962643 -1.79398844 0.78130307 -1.11297157
0.00000000 0.00000000 0.00000000 0.00000000 0.00000000 0.00000000 0.00000000 0.00000000 0.00000000 1.00000000 -0.03909157 0.54129661 1.08298479 -0.13447463 0.30645851 -0.15481961 -0.36393904 -0.92028618 -0.49985541 1.16668605 -0.15321174 0.04882267 0.87504599 0.49842172 0.35740702 -0.52444659 -0.01463321 -0.66099858 -0.28130990 1.36851255 -1.08789582 -0.12058361 0.73574388 0.71301169 -0.82714179 0.75218747 1.07483043 0.00308071 0.00396347 0.45669201 -0.15768553 -0.63472587 -0.20090063 -0.38434304 0.09338321 -0.22717351 0.51911283 0.28253201 -1.02557025 0.53474859 -0.14817555 -0.32172485 1.26888218 0.14797903 -0.41416903 -0.01670242 0.49140612 -0.70443297 0.74669858 -1.20695755 -0.94475830 0.36104712 0.29206763 -0.48190881 -0.30639899 0.61933208 -1.25262465 0.09147276 0.57911641 0.59563279 -0.26182585 -0.19506334 -0.43506727 -0.78728961 0.83029893 0.49490874 0.47250738 0.34878123 0.60883564 -0.89418538 -0.13941737 0.24732433 -0.63449767 -0.47038633 0.58246647 0.77674674 1.06853979 0.11518412 -0.57342929 -0.76920819 0.52155759 0.06959038 1.33047604 0.67775221 0.27814075 0.11571188 0.92848487 0.06578886 0.88929312 0.70866473
0.00000000 0.00000000 0.00000000 0.00000000 0.00000000 0.00000000 0.00000000 0.00000000 0.00000000 0.00000000 1.00000000 -1.71046044 -14.95820325 -0.99635187 1.10652934 6.62247826 1.71299705 7.13727477 -0.49259637 -10.18483549 -7.97753969 3.99846195 -6.21083065 -6.61481625 -1.84792221 5.68739246 7.82505541 -0.83886855 -0.94329805 -11.04930949 3.15498472 6.97775771 -4.74894458 -6.74753094 -0.02905261 -5.08061568 -2.48937761 -1.52748585 6.32689574 -8.31324664 8.75204070 10.67101714 -1.05265221 4.73185969 -0.67921944 -0.02494224 -3.92193753 1.93880781 11.67569498 -8.04135783 -1.23568942 2.56589439 -4.14844466 2.37241330 -0.93533814 -1.77666128 -7.69358411 11.19507085 -2.30025780 9.65094481 14.07075235 -4.28734299 -5.85711997 -2.71900173 6.51175120 -2.36101143 11.08933497 -1.39949916 -2.16595586 2.38410305 0.92111830 6.59773800 7.15762010 7.62218184 -3.73971013 1.29232742 -2.19655926 -11.61279418 -1.08824247 1.69644713 8.32545079 1.05816382 6.10014903 3.54264739 -3.70471056 -3.89992946 -7.91984367 -1.65366356 4.85023611 0.46671531 -4.24144592 -11.13843171 -7.65636520 -8.45877288 -5.12617429 5.84877125 -10.63343538 -1.56091599 1.59568473 1.07489067
0.00000000 0.00000000 0.00000000 0.00000000 0.00000000 0.00000000 0.00000000 0.00000000 0.00000000 0.00000000 0.00000000 1.00000000 -1.82070060 0.29217815 0.49900627 2.25662071 0.01456550 2.37970182 -1.71687604 -1.14291356 0.05213572 0.40117308 -1.06358760 -0.23544427 -0.57326435 2.40143190 2.19871393 -0.27171347 -0.66537369 -1.13011684 0.84636433 0.76688337 0.53482457 -3.55227437 0.08680575 -0.21364503 1.02186914 0.70275164 3.13736419 -1.74816857 3.93728225 1.26889738 -0.12924744 0.48824831 0.50168652 -0.36813389 0.32375817 1.10247369 1.66954999 -1.77719609 -0.10574153 0.55214775 -0.59238726 1.00671642 -0.31058376 -0.96207170 -1.29863926 3.25899581 -0.55699537 3.26422085 4.19601616 -0.45009862 0.92553055 -1.18591760 2.27233048 -1.40179688 2.20178263 0.64503101 0.63425969 0.59014814 -0.04188726 2.42211547 0.95243684 1.14445035 0.67399502 1.26025597 -0.16214208 -2.67592410 0.36768371 2.16623409 2.98836904 0.65265761 0.78393939 1.93993139 -1.97905405 -0.90679275 -1.03105537 -0.50283740 0.92858404 0.50445197 0.87548507 -3.04986437 -1.26290901 -1.57684921 -0.66079321 1.60665480 -0.90929265 1.40748027 -0.03140233 0.42168255
0.00000000 0.00000000 0.00000000 0.00000000 0.00000000 0.00000000 0.00000000 0.00000000 0.00000000 0.00000000 0.00000000 0.00000000 1.00000000 0.04955266 -0.12737732 -0.60165109 -0.05389029 -0.67302885 0.17982400 0.64148075 0.47259200 -0.19546989 0.51624420 0.34994213 0.18342196 -0.61569689 -0.74907813 0.12007841 0.13120612 0.76526312 -0.38108617 -0.43517854 0.17734593 0.76479959 -0.11603238 0.39253341 0.04657641 0.04967261 -0.73069383 0.64050732 -0.94630283 -0.75509269 0.03857871 -0.27209090 0.00201788 -0.01142928 0.13607572 -0.24777551 -0.79036273 0.66068093 0.09151703 -0.16724677 0.25866347 -0.27895357 0.03890230 0.22072007 0.60098333 -1.00829809 0.18111892 -0.86017729 -1.18667428 0.32594149 0.19045862 0.23626899 -0.64749823 0.31464035 -0.89195704 -0.01399643 0.05236519 -0.24717105 -0.04764230 -0.58415145 -0.45050531 -0.59753476 0.11362360 -0.14325653 0.11962151 0.99182440 0.01688212 -0.37863642 -0.77390182 -0.16921952 -0.49774220 -0.44005867 0.46121062 0.35796556 0.52280794 0.18868428 -0.40996708 -0.16768014 0.05297647 0.93944394 0.62488679 0.69851280 0.31436315 -0.44742141 0.66739803 -0.10303552 -0.05095295 -0.02211668
0.00000000 0.00000000 0.00000000 0.00000000 0.00000000 0.00000000 0.00000000 0.00000000 0.00000000 0.00000000 0.00000000 0.00000000 0.00000000 1.00000000 -0.64589900 -1.13978732 -0.94690594 -1.78193172 0.82774011 -0.33287439 -0.96580709 -0.68299870 0.00135402 -0.43233631 -0.19902281 -1.18484470 -0.39958160 -0.31245100 0.31064826 -0.38728314 -0.71270746 0.20724061 -0.11298773 0.66935021 -1.00429123 0.24055861 -0.26713944 -0.21429838 -1.09855252 0.52103572 -0.37654475 0.46814065 0.71645326 -0.31006686 0.17134400 0.37069870 -1.31757792 -0.00687037 0.14449363 0.74385622 0.11373284 -0.13382369 -0.87885939 -0.43718484 0.26265191 -0.24612527 -0.44185194 -1.12184117 1.73309281 -1.08831455 -1.90120776 -1.46652162 0.45953619 0.25283674 -0.34535937 1.52816619 -0.76405310 -1.64117185 0.61889534 0.58441333 -0.58628223 -0.86315027 0.12312317 -0.31762410 -0.55714642 -1.47972489 -0.23826970 -0.09619069 -0.53442576 -2.14284565 -1.12422617 -0.48991215 -0.57342293 -1.16438158 1.34711513 1.37886928 -0.20295451 0.31940025 0.16098227 -1.49979110 -0.34612272 1.63076263 1.26830940 0.61701645 0.82169303 -0.01561470 -0.63051647 0.75282444 -0.86979375 0.75055927
0.00000000 0.00000000 0.00000000 0.00000000 0.00000000 0.00000000 0.00000000 0.00000000 0.00000000 0.00000000 0.00000000 0.00000000 0.00000000 0.00000000 1.00000000 0.61503853 0.27490753 6.88063699 1.12804128 -5.35065113 0.14867928 4.43432513 -0.18342125 0.49946273 0.23893662 0.26950322 -2.21108683 3.53277564 -1.44503766 -1.24498569 -1.65652500 3.35981063 -2.01150776 -4.19036369 0.59776092 1.55254832 0.53981282 2.78157205 2.25055753 -3.15763400 -0.42432018 -2.39123041 -2.53242493 -0.70456600 0.11966765 -4.60835241 2.80178544 -2.25459250 4.62172093 -3.46690240 1.02157580 1.48658634 0.83559136 -1.55471420 -4.11114690 -0.16956022 -1.20272143 2.90568763 -3.66395587 6.23771179 7.50129939 4.28268794 -0.68527915 -3.76708497 -1.88752753 -2.83614952 -1.51304959 1.63880433 -0.81399157 -1.29161358 -0.73231759 5.27167204 1.88812333 3.52969580 -0.45395461 3.45599919 -2.30113319 0.31868301 -3.07179431 5.43814689 2.72163417 -2.42757037 -0.97648668 1.37738109 -1.20187231 0.94873990 -0.06472992 3.97099568 -0.09828756 -1.08555254 -4.70594272 -0.94201430 0.92779479 0.41701706 -1.23555997 3.96844848 0.49191156 -2.87852408 0.22981761 1.57972667
0.00000000 0.00000000 0.00000000 0.00000000 0.00000000 0.00000000 0.00000000 0.00000000 0.00000000 0.00000000 0.00000000 0.00000000 0.00000000 0.00000000 0.00000000 1.00000000 0.56429943 2.96115733 0.56250082 -2.33958827 -0.08985619 3.14452500 0.26411252 0.23156850 0.55375887 -0.34506780 -1.36907108 2.10969409 -0.53383824 0.85899387 -0.66356793 2.20089664 -0.82728910 -0.58547545 -0.90886234 1.23441506 0.38299395 0.96959459 0.68123771 -0.60989420 -2.41521334 -0.89736854 -1.17001965 0.62143996 -0.66387560 -1.94850279 2.23081071 -1.11200414 1.32235190 -0.95238394 0.48476027 0.45406156 0.58651293 -0.15581741 -3.13992836 -0.16309757 -0.28493764 1.83413764 -2.25900162 2.52323075 3.85495811 3.23910468 -1.20504268 -0.57035348 -1.38237603 -1.34426190 -1.75004063 1.65437824 -2.04418657 -0.80969635 -0.11940361 2.17909344 0.66552840 0.51673340 -0.69980485 2.57062985 -0.77537718 0.95354842 -1.26051811 1.95291595 0.28499942 -1.53391968 0.43485186 0.37463209 -1.18473360 -0.33928212 0.24136367 1.85406922 -0.27028267 0.11502995 -2.55889718 -0.72595401 -0.27517293 -0.60610685 -1.15074477 0.83876128 1.03331868 -3.28113871 1.22780170 0.17401764
0.00000000 0.00000000 0.00000000 0.00000000 0.00000000 0.00000000 0.00000000 0.00000000 0.00000000 0.00000000 0.00000000 0.00000000 0.00000000 0.00000000 0.00000000 0.00000000 1.00000000 -1.76779499 -0.10705253 0.93107240 1.07673801 -0.33666452 0.94276368 -0.33358450 0.46597914 -0.37174695 -0.86740364 0.15814747 0.34151715 0.80540725 0.51068788 -0.83646579 0.88435904 0.56681619 -0.24089293 0.55062953 0.19672986 0.04545263 -0.86254500 1.06654631 -1.00666388 -0.22284290 0.28815233 0.93601363 -0.32190181 0.91371672 -0.06641285 -0.08870211 -1.39282566 1.39559228 0.63223786 -0.47313769 -0.77075576 0.49343004 0.79687991 -0.67952937 0.25650525 -0.08931977 -0.09954775 -0.46289604 -1.43665563 -0.18392539 0.42193322 0.55752712 -0.31218092 0.09076123 0.34438527 0.26694403 -1.16974259 -0.63337186 1.46068482 -1.52593027 -0.65084805 -1.02432870 -0.48605520 -0.74259621 0.80757628 1.09131722 1.19587410 -1.09134024 -1.86841667 0.30843180 -0.99060674 -0.95913227 -0.36109440 -1.23787789 0.46452330 -0.16569867 -0.42399576 0.21097164 0.14360889 0.67448554 -0.27139358 0.81016574 -0.49523695 -1.75217859 0.78235001 -0.27337659 -0.01302293 -0.55527397
0.00000000 0.00000000 0.00000000 0.00000000 0.00000000 0.00000000 0.00000000 0.00000000 0.00000000 0.00000000 0.00000000 0.00000000 0.00000000 0.00000000 0.00000000 0.00000000 0.00000000 1.00000000 0.71313045 -0.77665764 -0.31728063 1.16499470 0.26090523 0.15330502 -0.19581052 -0.16990719 -1.10251409 1.11279663 0.09884483 0.42283139 0.12820197 0.94118947 0.07481182 -0.75489597 0.25225305 0.79475918 0.57279497 0.33635268 0.68041472 0.15300729 -0.79560956 -0.57314236 -0.32289183 -0.01774058 -0.29797196 -0.33578202 0.94054406 -0.27373888 0.33315355 -0.47073601 0.53966084 -0.25814153 -0.11299263 0.11552669 -1.00870337 -1.07343314 -0.63719304 1.17366203 -1.05502390 1.45508945 0.84403465 0.86494454 0.23427212 -0.10879896 -0.23279675 -0.82343095 -0.85507010 0.57825034 -0.81067118 -0.25110031 -0.03454565 0.56703179 -0.32202688 0.67463470 -0.54864329 0.37237741 0.01867531 0.15342714 -0.63031462 0.68953428 -0.66083230 -0.36981219 -0.24660545 0.13475656 -0.88682190 0.04786908 0.75269778 1.01880515 -0.28347861 -0.18068404 -1.29128773 0.15831637 0.10590493 0.25829804 -0.23741489 -0.04802079 0.72225387 -1.16480640 -0.17493691 -0.13092530
0.00000000 0.00000000 0.00000000 0.00000000 0.00000000 0.00000000 0.00000000 0.00000000 0.00000000 0.00000000 0.00000000 0.00000000 0.00000000 0.00000000 0.00000000 0.00000000 0.00000000 0.00000000 1.00000000 1.33872161 -0.74301224 0.88446737 0.31087542 0.93614685 -1.62766283 0.42350892 -1.11705877 0.96630930 1.51338811 1.83078164 1.92167158 0.25216369 1.03328176 -0.16517630 1.30345560 1.32575636 1.29481704 -1.07675754 1.75115260 1.54377877 -0.88269117 0.01198684 0.66193809 0.00551309 -0.82971473 1.75999202 1.06226059 0.60691273 -1.48808388 -0.36531203 0.80064320 -1.56154133 -0.53123352 0.77578742 -0.79487374 -2.43567738 -1.11606848 1.95701300 -1.59207645 1.31353888 -0.80319882 -0.00739281 1.38378759 1.86478229 1.36071167 -0.99612288 -0.80718013 0.89626346 -0.35685306 -0.49500637 -0.54284999 -0.27943912 -2.18495924 0.63768535 -0.39532570 -0.35559579 1.60000700 -0.11852625 -0.14245425 -0.27547204 -2.38104321 1.10545743 0.73560837 1.14237393 -2.17130059 0.20629011 2.47469687 0.60680145 -0.56218410 0.32307126 -0.16663088 -0.19857281 -0.37565335 0.12762260 0.28956978 -1.42350716 1.08300069 -1.01432868 -1.16169734 -1.54342163
0.00000000 0.00000000 0.00000000 0.00000000 0.00000000 0.00000000 0.00000000 0.00000000 0.00000000 0.00000000 0.00000000 0.00000000 0.00000000 0.00000000 0.00000000 0.00000000 0.00000000 0.00000000 0.00000000 1.00000000 -0.84606778 -0.62983689 -0.65636933 0.60918050 -1.07175219 0.47720607 0.83703217 -0.72743266 0.59900399 -0.10391137 0.46960852 -0.80628347 -1.02420944 1.34887310 0.35371535 -0.49541133 -0.71116291 -1.62899457 0.40130040 -0.18453092 0.51362181 0.76145330 0.92092075 -0.68832262 0.13564552 0.46703604 -1.13084286 0.06817567 -0.27626250 -1.02885433 -0.55035197 0.19989036 0.25175433 -0.67211736 -0.20090945 1.31798149 0.14112563 -1.30414689 0.25119841 -1.17325582 -0.32359956 -0.91773761 -0.37634050 1.07011748 1.08887693 0.90846829 0.55358037 -0.83015988 2.57251002 -0.27279509 -1.77590804 0.63504136 0.00237258 0.26691035 1.23026259 0.05148014 -0.09881562 -0.15048896 -0.11803699 -0.94615919 0.99510379 0.99907585 1.94912275 1.43692729 1.13096042 1.37892843 0.33012876 -0.11646703 0.61144913 -0.12956113 1.55367486 -0.79585807 -0.05604613 -0.86209965 1.12050781 1.09522705 -1.39362650 0.79800732 -0.36436207 -0.29165854
0.00000000 0.00000000 0.00000000 0.00000000 0.00000000 0.00000000 0.00000000 0.00000000 0.00000000 0.00000000 0.00000000 0.00000000 0.00000000 0.00000000 0.00000000 0.00000000 0.00000000 0.00000000 0.00000000 0.00000000 1.00000000 0.23764201 1.44619006 -0.50247952 0.22236794 0.42084362 -2.12795491 1.60447470 0.10332492 0.93315890 0.62009770 0.92719576 2.73622428 -2.95277771 0.53776620 1.82297315 2.63543154 1.99787814 1.08020856 0.71150770 0.57443993 -1.45136141 -0.68165979 0.83791667 -0.13929790 1.02503896 2.02836442 0.55775584 -0.50233305 1.04199539 1.25038866 -1.27214633 -0.87759967 1.32660121 0.47491377 -3.99011051 -1.28360306 2.84456736 -1.05378356 3.13984329 -0.12011775 0.47018646 2.22278350 -0.86610719 0.26184289 -2.12988069 -0.60643537 1.52288731 -2.77897503 0.28451837 2.32724435 -0.70869203 -1.41175834 0.47810150 -1.67665344 -0.34412036 0.91177022 -0.52435195 0.40665024 1.55486345 -2.24241126 -0.06126758 -2.63448610 -0.96368161 -3.23463583 -1.60237657 1.01781615 0.54970169 -1.21482801 0.14791987 -1.24509704 0.83006094 -0.07505639 1.45981745 -0.71626324 -2.21907743 2.61433211 -0.72111480 -0.55562196 -0.61453825
0.00000000 0.00000000 0.00000000 0.00000000 0.00000000 0.00000000 0.00000000 0.00000000 0.00000000 0.00000000 0.00000000 0.00000000 0.00000000 0.00000000 0.00000000 0.00000000 0.00000000 0.00000000 0.00000000 0.00000000 0.00000000 1.00000000 0.76427590 -0.33011603 0.72623622 -0.29114741 -1.01149753 0.82701133 -0.48046465 0.95191464 -0.32568489 0.95614562 0.84243285 -0.41778871 -0.49073975 1.12662976 1.13901365 0.29718378 0.47996183 0.61376429 -0.86691626 -0.02754201 0.14078066 0.79684924 -1.01000237 0.21346803 0.83109158 -0.14970745 -0.88842092 0.71416879 0.65648493 -0.98522743 -0.40175703 0.95690814 -0.61253826 -1.88542415 -0.80157246 1.97291198 -0.64995545 0.89646233 0.26687916 0.41413128 0.20397974 0.28902598 -0.10271691 -0.82162925 -1.11017569 1.15725793 -2.50051981 0.53859898 1.35077895 -0.65413363 -0.61075575 -0.45001127 -1.22411430 -0.00067199 0.61504346 -0.27570335 0.40981999 -0.16910857 -1.21942070 -0.66610295 -0.91733249 -0.46614892 -1.01693480 -1.07834861 0.70103282 0.67046379 -0.77833191 -0.00657989 -1.60980686 0.43851776 0.00814198 0.16544229 -0.58540678 -1.66780348 1.60908636 -1.16943175 0.81753939 -0.40408784
0.00000000 0.00000000 0.00000000 0.00000000 0.00000000 0.00000000 0.00000000 0.00000000 0.00000000 0.00000000 0.00000000 0.00000000 0.00000000 0.00000000 0.00000000 0.00000000 0.00000000 0.00000000 0.00000000 0.00000000 0.00000000 0.00000000 1.00000000 -1.33984602 -0.34690570 0.62793729 -0.79572823 0.82633850 -0.16667756 -0.27884572 0.42034417 0.93616718 2.14225507 -2.26596192 0.31920835 0.77288042 1.99479784 1.79417124 0.54198094 0.08370950 1.33964532 -0.04385604 0.08211920 0.79095771 -0.31804185 0.91446192 0.93074449 0.98000409 -0.05119390 0.50173618 0.31411866 -1.00769707 -0.63944518 1.00743969 0.45251663 -2.61149004 -1.42901108 1.95191862 -0.04166269 2.46397259 0.07874401 -0.54669109 0.79511383 -1.00669723 0.25548523 -1.43563681 -0.10285028 0.53665978 -1.61938779 0.57946790 1.86400748 -0.64357858 -0.41104689 0.57001115 -1.48826058 -0.76795907 0.06727512 -1.34773161 0.18957970 1.00714350 -1.23816917 0.20764486 -1.24253948 -0.75136611 -2.31996649 -0.73462012 0.39247639 0.09158633 -0.69676255 -0.10265805 -0.88383864 0.80016290 -0.35500659 0.01185694 -0.09998421 -1.42339368 1.51417147 -0.51344109 -0.46351528 -0.44972497
0.00000000 0.00000000 0.00000000 0.00000000 0.00000000 0.00000000 0.00000000 0.00000000 0.00000000 0.00000000 0.00000000 0.00000000 0.00000000 0.00000000 0.00000000 0.00000000 0.00000000 0.00000000 0.00000000 0.00000000 0.00000000 0.00000000 0.00000000 1.00000000 -3.74583295 -3.60209571 1.31547654 -0.44410229 0.46748632 1.16614624 -5.69737222 2.04957860 -2.33176427 3.43372369 -0.51656606 -0.20635978 -0.10166608 2.21194455 -5.18518000 -4.47201152 -3.22531083 -4.71075507 -7.14810988 -3.00567688 4.26908191 -2.74653805 -1.08902598 -0.58248339 4.41415928 0.51703132 -3.77383504 3.46696790 7.89222620 -3.99920614 -0.49316967 7.41904631 5.99426759 -5.79518753 -2.09150543 -3.75706497 1.84689735 5.96490739 -4.67904411 -2.69617092 -5.50432963 1.01971632 -0.89967631 -3.40052412 5.57627987 -3.09800107 -2.77463827 1.97366828 4.23862553 -0.94405572 4.12025005 6.22968699 -3.24447143 4.33311785 -2.50608733 2.23441314 2.81052465 1.01911995 0.81014107 -0.80181787 1.79309911 3.69093539 -2.06909118 -1.03233012 -1.36449621 -1.44846430 -0.57759582 -1.46825658 2.33839407 -0.73220115 -2.36236400 7.22219392 -3.96520336 -5.62380257 2.00453977 5.70647794
0.00000000 0.00000000 0.00000000 0.00000000 0.00000000 0.00000000 0.00000000 0.00000000 0.00000000 0.00000000 0.00000000 0.00000000 0.00000000 0.00000000 0.00000000 0.00000000 0.00000000 0.00000000 0.00000000 0.00000000 0.00000000 0.00000000 0.00000000 0.00000000 1.00000000 0.55470053 -0.48216382 0.08855338 -0.11920316 -0.16189932 0.95710943 -0.59032403 -0.03357362 -0.24496608 -0.05365986 0.14094689 -0.32438235 -0.80359146 1.07480587 0.86497524 0.35412813 0.82354121 1.55783509 0.46721785 -0.80818922 0.39243221 0.02168721 -0.34753813 -0.94442337 -0.27851082 0.86625439 -0.51635572 -1.67403563 0.53432492 -0.16469107 -1.22233141 -1.10537990 0.85661511 0.29314636 0.46476626 -0.29491281 -1.15999266 0.94388621 0.74787211 1.06495603 0.07478126 0.17259275 0.57508839 -0.79333393 0.42237973 0.33583619 -0.24523594 -0.77306843 0.13784668 -0.59241152 -1.04818839 0.59439098 -0.51798379 0.54944786 -0.90369505 -0.36033759 -0.32338814 -0.07844416 0.26322388 0.25151513 -0.62997815 0.49861868 0.60161920 0.38166180 0.05129536 0.17705810 0.16004433 -0.23445383 0.31118992 0.59161894 -1.15598493 0.51335934 1.24471080 -0.26387897 -0.98982678
0.00000000 0.00000000 0.00000000 0.00000000 0.00000000 0.00000000 0.00000000 0.00000000 0.00000000 0.00000000 0.00000000 0.00000000 0.00000000 0.00000000 0.00000000 0.00000000 0.00000000 0.00000000 0.00000000 0.00000000 0.00000000 0.00000000 0.00000000 0.00000000 0.00000000 1.00000000 -3.31266804 3.20179137 0.99253370 0.55442358 1.36224792 1.00892562 6.92246632 -8.45965289 2.68175233 2.81848462 5.02013619 5.22958745 4.01781260 1.91939869 0.97670245 -3.47256547 -2.36805766 1.43502725 0.09013155 2.36182560 5.77976333 0.80413099 0.77773493 1.03511701 2.90698657 -4.16292463 -1.88575254 2.42542266 0.89638261 -9.03816792 -4.32233648 6.84551574 -1.46101954 7.23556541 -0.77507881 0.87677180 7.09516574 -2.94373389 0.83298840 -4.23071067 -1.07651664 1.70681126 -5.30149186 1.46558482 4.09724038 -1.35782418 -3.72543397 2.10187449 -2.37642942 -3.06099247 1.91997016 -3.16717991 0.53584177 3.62059394 -5.99551560 0.58861721 -6.63374783 -1.64401049 -6.17981941 -4.80351090 4.02667906 -0.08570474 -0.78852400 -0.29271386 -1.08957204 2.60362474 -1.62206133 3.69930153 -1.83443457 -3.45959196 6.36457838 1.07333684 -1.09193291 -0.28013411
0.00000000 0.00000000 0.00000000 0.00000000 0.00000000 0.00000000 0.00000000 0.00000000 0.00000000 0.00000000 0.00000000 0.00000000 0.00000000 0.00000000 0.00000000 0.00000000 0.00000000 0.00000000 0.00000000 0.00000000 0.00000000 0.00000000 0.00000000 0.00000000 0.00000000 0.00000000 1.00000000 -0.98283402 -0.24069240 -0.63385398 0.50636373 -0.71323414 -1.95494856 2.02391132 -0.63909641 -1.18258170 -1.70479250 -1.43946638 -1.19403514 -0.33085104 0.48610488 1.50719241 1.59715443 -0.23905283 -0.54114130 -0.41686539 -1.60666850 -0.05792990 -0.56928888 -0.10630947 -0.92668568 1.16520726 0.11070175 -0.71796418 0.12839966 2.16636877 1.17759132 -1.90517094 0.93677802 -1.63328110 -0.13991124 -1.24183148 -1.62580381 0.99262197 0.20269342 1.42547409 0.87865719 -0.34535771 1.47245362 -0.42075225 -0.97192512 0.10808263 0.84550859 -0.37682179 0.28825337 0.39664115 -0.28805680 0.42818325 -0.21889019 -0.87072703 1.18050966 -0.05158201 2.03726611 0.45017087 1.41044971 1.54155673 -1.04936440 -0.11516248 0.39242685 0.52849767 0.45602547 -0.36344313 0.47454255 -0.93216005 0.65261000 0.62778075 -1.53028451 0.47292169 -0.56615324 -0.52343616
0.00000000 0.00000000 0.00000000 0.00000000 0.00000000 0.00000000 0.00000000 0.00000000 0.00000000 0.00000000 0.00000000 0.00000000 0.00000000 0.00000000 0.00000000 0.00000000 0.00000000 0.00000000 0.00000000 0.00000000 0.00000000 0.00000000 0.00000000 0.00000000 0.00000000 0.00000000 0.00000000 1.00000000 0.46934410 -15.91178831 24.90334066 -12.30129867 -7.18383316 -8.26058346 12.76739821 -16.78643695 -7.49402269 6.33919539 -8.25839700 -0.67077931 20.90168045 10.56412768 22.82814767 3.41329328 -15.21727608 4.09619833 8.39679589 -4.20829504 -8.82880181 11.29376523 -12.42198517 11.74927159 -1.89932682 -6.35863989 16.11049282 -4.95362397 8.91312962 8.27115517 9.37783070 21.41732195 -7.20508068 -27.49326781 2.74242986 2.71679161 -0.05235947 0.84617423 23.09747668 -1.77545979 1.06987215 -12.08661976 12.12107180 -6.95104706 -3.07540797 12.92139763 -10.47061952 -0.63528479 0.45275999 -1.49196279 -6.35110476 13.71920686 -24.33596113 2.63003706 4.91699490 -2.71325975 -13.36300788 5.08053172 6.82923105 -0.70612544 5.32150495 12.52529545 1.47616000 4.13470555 -2.00107886 3.41964215 -1.94903083 -5.73214173 9.66531210 12.46829094 -26.60650625 -19.55716040
0.00000000 0.00000000 0.00000000 0.00000000 0.00000000 0.00000000 0.00000000 0.00000000 0.00000000 0.00000000 0.00000000 0.00000000 0.00000000 0.00000000 0.00000000 0.00000000 0.00000000 0.00000000 0.00000000 0.00000000 0.00000000 0.00000000 0.00000000 0.00000000 0.00000000 0.00000000 0.00000000 0.00000000 1.00000000 287.81110929 -352.35400804 229.26014978 45.90845416 147.97961116 -125.20097197 247.41282493 165.24067051 -138.91033958 150.24223561 -17.62408328 -349.75508131 -143.41889162 -378.50930137 -16.11015448 202.97691445 -55.60038276 -23.35579569 -7.59192140 131.65862579 -157.28359234 141.60311823 -113.70552340 78.60479402 143.45384971 -221.80910917 45.54657766 -109.94047230 31.14042110 -222.52540492 -245.45552359 175.12971584 443.36333533 -109.91673888 14.53039439 -20.97564194 -97.27351406 -309.76322195 35.13434359 -62.33720387 143.68742303 -121.89105938 151.83498526 47.63637463 -143.45606848 144.44438737 127.66643418 -1.39537224 81.98069065 53.08583173 -119.74993521 312.54834446 -64.92224031 -3.46639728 87.71390184 104.75357417 -108.38572918 -71.05377410 34.58444386 -62.13234816 -162.52543864 -44.68220496 -188.97452119 -23.65713814 -107.03741237 23.31249808 24.15528867 -115.34921087 -299.68969010 421.15087883 216.25945347
0.00000000 0.00000000 0.00000000 0.00000000 0.00000000 0.00000000 0.00000000 0.00000000 0.00000000 0.00000000 0.00000000 0.00000000 0.00000000 0.00000000 0.00000000 0.00000000 0.00000000 0.00000000 0.00000000 0.00000000 0.00000000 0.00000000 0.00000000 0.00000000 0.00000000 0.00000000 0.00000000 0.00000000 0.00000000 1.00000000 -1.21061156 0.80680256 0.15961433 0.51056366 -0.43535805 0.84629382 0.57726731 -0.47447537 0.51173510 -0.06139600 -1.21004175 -0.49092682 -1.30773384 -0.04853482 0.68630411 -0.19448575 -0.06113244 -0.02047322 0.44696362 -0.52909254 0.47275657 -0.39140226 0.29044782 0.51246686 -0.75336496 0.15378007 -0.36005115 0.11323966 -0.76652390 -0.84906377 0.60775504 1.52914250 -0.39570277 0.06000920 -0.07659899 -0.33842537 -1.06951624 0.13507498 -0.23331611 0.50141339 -0.41220764 0.52129046 0.16229348 -0.49654058 0.48797002 0.45512008 -0.00248856 0.27687548 0.17437449 -0.39059857 1.06432003 -0.22924356 -0.00371162 0.30269460 0.34333220 -0.37395465 -0.25097335 0.10776703 -0.21714775 -0.54224488 -0.16259806 -0.65226821 -0.08511333 -0.38202491 0.07138778 0.06035687 -0.38214293 -1.05340660 1.45644620 0.73103012
0.00000000 0.00000000 0.00000000 0.00000000 0.00000000 0.00000000 0.00000000 0.00000000 0.00000000 0.00000000 0.00000000 0.00000000 0.00000000 0.00000000 0.00000000 0.00000000 0.00000000 0.00000000 0.00000000 0.00000000 0.00000000 0.00000000 0.00000000 0.00000000 0.00000000 0.00000000 0.00000000 0.00000000 0.00000000 0.00000000 1.00000000 0.21099825 -0.52612626 1.07121674 0.32171243 -0.13184795 0.12143109 -0.68500140 0.33030918 0.90768810 0.64913114 0.59843958 1.05647982 -0.35146594 -0.21428585 0.81659373 0.52513510 0.91541677 -0.86798029 -0.49693463 0.11682291 0.24916598 0.00202941 0.27867783 0.18411790 0.55556156 0.94485524 -0.69661230 0.60179334 -0.59084944 -1.02750674 -0.44309906 -0.87307575 1.12797699 0.32763489 0.48368414 0.14324311 1.08891674 -0.29756066 0.76323176 -0.77032649 -0.65193900 -0.94550035 0.53468504 0.09890729 0.70619298 0.73699392 0.18242934 0.48700857 -0.02470318 0.06766741 -0.03170805 0.83950653 0.40780371 -0.06505964 0.18324825 0.18024232 0.05028881 0.09888241 1.36252888 0.32211164 -0.96668978 -0.31689567 -0.32948986 -0.19323207 -0.77454764 -0.70013905 -0.22976984 0.00677009 -1.50476319
0.00000000 0.00000000 0.00000000 0.00000000 0.00000000 0.00000000 0.00000000 0.00000000 0.00000000 0.00000000 0.00000000 0.00000000 0.00000000 0.00000000 0.00000000 0.00000000 0.00000000 0.00000000 0.00000000 0.00000000 0.00000000 0.00000000 0.00000000 0.00000000 0.00000000 0.00000000 0.00000000 0.00000000 0.00000000 0.00000000 0.00000000 1.00000000 6.79649205 -8.34107023 -0.21176573 -1.57598308 2.05981451 7.37736789 -2.51461243 -1.16722435 0.18965369 -0.38244665 -3.82297417 2.90082701 -1.85597526 -2.69584576 1.72082203 0.38741968 0.26758722 8.25732792 -3.28262557 -0.68301408 1.47733155 1.40071168 3.82552119 -4.74074416 -0.58220215 5.81965448 0.55484742 4.59280515 0.21625128 -1.62405753 3.69180021 -4.70049596 -1.19847672 -3.32124893 -1.76959302 -0.68072509 -5.85293921 -2.38771527 4.71708101 0.20691551 0.85338192 -3.20357492 -5.51608962 -3.67990950 -2.85350527 -3.61997905 -3.21539162 4.95859513 -6.24045785 -0.24566464 -6.38397085 -4.12539865 -5.27863852 -1.99750899 -1.53292954 -5.42742004 -1.26903134 -1.64072636 -2.07432278 6.68380662 -1.93858062 1.06711654 -2.47634969 -1.92721956 8.88370082 -0.81369635 -2.17638890 1.09361348
0.00000000 0.00000000 0.00000000 0.00000000 0.00000000 0.00000000 0.00000000 0.00000000 0.00000000 0.00000000 0.00000000 0.00000000 0.00000000 0.00000000 0.00000000 0.00000000 0.00000000 0.00000000 0.00000000 0.00000000 0.00000000 0.00000000 0.00000000 0.00000000 0.00000000 0.00000000 0.00000000 0.00000000 0.00000000 0.00000000 0.00000000 0.00000000 1.00000000 0.39160103 -0.36203806 0.65474020 0.21286633 0.00782504 0.52979352 1.41142748 0.45635678 -0.08821435 0.32771525 -0.75572429 0.82651080 0.72765516 -0.77811081 1.81970228 -0.45042571 -0.73667724 1.25369961 -0.85126050 -0.77359733 -0.14520634 -0.44851908 0.54084407 -0.13882798 -1.87412040 1.15232442 -1.44334622 -1.75514665 0.21459336 0.34930693 -0.01719744 0.56986260 0.86417459 -1.17616024 0.91716212 -0.21815665 1.46777909 -1.50949626 -0.94784713 -0.99077079 -0.42142338 0.41837900 -0.97690177 0.56547856 -0.47978267 1.19136977 -1.24043550 1.11554675 0.24583273 -0.78464217 -0.24364019 1.01619445 -0.06415788 -0.16886930 -0.32657577 -0.30859840 0.39900203 0.51525654 0.42494370 -0.08566384 0.53203996 -0.14895004 0.14757774 -0.89358518 0.69676523 0.54629957 0.00829513
0.00000000 0.00000000 0.00000000 0.00000000 0.00000000 0.00000000 0.00000000 0.00000000 0.00000000 0.00000000 0.00000000 0.00000000 0.00000000 0.00000000 0.00000000 0.00000000 0.00000000 0.00000000 0.00000000 0.00000000 0.00000000 0.00000000 0.00000000 0.00000000 0.00000000 0.00000000 0.00000000 0.00000000 0.00000000 0.00000000 0.00000000 0.00000000 0.00000000 1.00000000 -0.21537921 0.47722708 -0.04132409 -0.59386197 0.46537051 1.01065641 0.19344840 -0.04107119 0.47310412 -0.68800297 0.62887474 0.67541625 -0.49869428 1.13417468 -0.25255215 -1.18418270 0.97830376 -0.48362469 -0.47287680 -0.09491917 -0.55912959 0.72461102 0.05831111 -1.71029533 0.65543318 -1.33840342 -1.06563674 0.33429024 -0.21186471 0.42583222 0.38642696 0.85689208 -0.60581907 0.69867557 0.32981924 1.15766276 -1.32594578 -0.63934159 -0.66686787 0.01658973 0.73926669 -0.20285460 0.58750587 -0.03701495 0.94616396 -1.06270491 1.20332318 0.10530115 0.13794468 0.16851352 1.00269004 0.13436427 0.01421262 0.20895545 -0.08791223 0.49397656 0.41905533 -0.30789772 0.13320906 0.19749954 0.07503863 0.16854351 -1.25217748 0.41488698 0.58766320 -0.08476051
0.00000000 0.00000000 0.00000000 0.00000000 0.00000000 0.00000000 0.00000000 0.00000000 0.00000000 0.00000000 0.00000000 0.00000000 0.00000000 0.00000000 0.00000000 0.00000000 0.00000000 0.00000000 0.00000000 0.00000000 0.00000000 0.00000000 0.00000000 0.00000000 0.00000000 0.00000000 0.00000000 0.00000000 0.00000000 0.00000000 0.00000000 0.00000000 0.00000000 0.00000000 1.00000000 0.87756356 0.58656260 -0.26795585 2.03551699 1.47310772 0.96046617 0.01534103 0.10225814 -1.19339770 1.39550087 0.97193522 -0.57808683 0.26364662 -0.33027285 -1.17394625 1.12004277 -0.04828871 -1.02839939 -0.92765381 -0.46919915 -0.29551923 -0.80598046 0.10392624 0.30749989 -0.28340155 -1.11348658 -0.19563117 1.09352970 -0.35329778 1.09092323 0.57138088 -1.13993509 0.31671083 0.70094200 0.37477419 -1.27282814 -0.10415436 -0.94395970 0.02538298 0.70896635 -0.14898866 -0.08280821 0.26406992 0.58502804 -1.71415847 1.07381226 0.14930857 -1.41503375 0.15012730 1.18756197 0.11203839 0.77760968 0.51291601 0.34571383 -1.57353412 0.61533728 -0.83952152 -0.43144990 1.18908101 0.23622249 1.26053530 -1.22388573 0.74819680 0.25047234 0.45489966
0.00000000 0.00000000 0.00000000 0.00000000 0.00000000 0.00000000 0.00000000 0.00000000 0.00000000 0.00000000 0.00000000 0.00000000 0.00000000 0.00000000 0.00000000 0.00000000 0.00000000 0.00000000 0.00000000 0.00000000 0.00000000 0.00000000 0.00000000 0.00000000 0.00000000 0.00000000 0.00000000 0.00000000 0.00000000 0.00000000 0.00000000 0.00000000 0.00000000 0.00000000 0.00000000 1.00000000 -0.33635427 0.31327380 2.95431512 2.54912950 1.35590651 -1.22576500 0.14145002 -2.04473395 1.88567028 0.97651179 -0.20079523 1.49720432 0.12926475 -2.84100999 1.89058367 -1.56858830 -1.19413086 -0.57354476 -0.28717424 -0.80611619 -0.10549654 -2.80278253 1.77474304 -2.45068955 -2.39690039 -0.09191715 2.81826536 -0.42962749 1.38661084 2.88166611 -1.62416832 1.03225206 1.99108592 1.70252493 -2.07215644 -0.65331803 -1.63286049 0.10398013 2.14894196 -1.28511608 0.44544177 -0.65778981 0.50586305 -1.91271301 1.69066917 0.41396761 -2.27717507 -0.35742379 2.22507044 1.17257576 0.76727205 0.22431897 0.47899598 -0.84139905 1.05597588 0.27510288 0.83015777 2.57372521 -0.00713848 1.67197548 -1.90641451 2.91416219 -0.54739733 2.02841683
0.00000000 0.00000000 0.00000000 0.00000000 0.00000000 0.00000000 0.00000000 0.00000000 0.00000000 0.00000000 0.00000000 0.00000000 0.00000000 0.00000000 0.00000000 0.00000000 0.00000000 0.00000000 0.00000000 0.00000000 0.00000000 0.00000000 0.00000000 0.00000000 0.00000000 0.00000000 0.00000000 0.00000000 0.00000000 0.00000000 0.00000000 0.00000000 0.00000000 0.00000000 0.00000000 0.00000000 1.00000000 -3.80414727 -0.11053774 -1.21201035 -0.50685713 -2.25133538 -0.95833921 0.70003146 1.38000862 1.31012825 2.09649882 0.62623827 2.36770389 -2.99897566 1.23527201 -0.90826172 -0.21897730 2.52573755 -1.48362695 -1.59778979 -2.27685165 -1.55908085 -2.67228409 -0.79489830 1.42777166 4.39513125 -0.96042443 -0.12695334 -0.21004073 -0.61765775 1.01032585 0.15702073 0.08360284 2.03986350 0.57476109 -1.03352684 0.24173760 1.52797693 1.02503875 0.19722633 2.51406867 1.13462195 0.80319797 1.26305608 2.96261576 0.22633387 4.04947013 1.08938991 -3.04294279 -3.21511310 1.61468684 1.41637120 -1.15100569 3.66803929 0.31067479 -2.96428599 1.39330886 -1.65772419 0.56760922 -1.45188892 -0.77228440 0.48081964 1.44041560 0.32367047
0.00000000 0.00000000 0.00000000 0.00000000 0.00000000 0.00000000 0.00000000 0.00000000 0.00000000 0.00000000 0.00000000 0.00000000 0.00000000 0.00000000 0.00000000 0.00000000 0.00000000 0.00000000 0.00000000 0.00000000 0.00000000 0.00000000 0.00000000 0.00000000 0.00000000 0.00000000 0.00000000 0.00000000 0.00000000 0.00000000 0.00000000 0.00000000 0.00000000 0.00000000 0.00000000 0.00000000 0.00000000 1.00000000 -0.14118920 -0.58958207 0.34611697 1.27768270 0.46991012 0.13665656 -0.30496524 -0.47899757 -1.10011250 -0.97833239 -0.85229032 1.82231098 -0.94369850 1.42230013 0.06126837 -1.57633365 0.35356218 1.19007171 0.67713676 1.41068774 0.68608273 1.24520267 -0.03678595 -1.70385630 -0.24925200 0.10399837 0.17610465 -0.32650371 -0.02951451 -0.51058968 -0.36242877 -1.39410649 -0.03525460 0.88211865 0.41090438 -0.59894183 -0.94231694 0.68833372 -1.33111383 0.33093538 -0.47531059 -0.35506824 -0.97391884 -0.12257505 -1.08433490 -0.08201817 0.92287753 1.14002003 -0.88478372 -0.24447057 0.35139572 -1.65888808 -0.03662218 0.25695717 -0.90209264 0.03959664 0.04541231 0.58972687 -0.05949906 -0.90014044 -0.44290107 -0.82027256
0.00000000 0.00000000 0.00000000 0.00000000 0.00000000 0.00000000 0.00000000 0.00000000 0.00000000 0.00000000 0.00000000 0.00000000 0.00000000 0.00000000 0.00000000 0.00000000 0.00000000 0.00000000 0.00000000 0.00000000 0.00000000 0.00000000 0.00000000 0.00000000 0.00000000 0.00000000 0.00000000 0.00000000 0.00000000 0.00000000 0.00000000 0.00000000 0.00000000 0.00000000 0.00000000 0.00000000 0.00000000 0.00000000 1.00000000 0.40063436 2.18296331 2.69630405 1.80232672 -1.44238028 1.15825234 -0.69967640 -4.97653439 -1.11228965 -1.56466724 1.77759541 -1.34822194 2.82328328 -0.95833793 -4.04051996 1.02287459 2.60727006 0.15947449 0.25204593 2.36710241 0.58668098 -2.24982224 -4.04192751 0.55754509 -0.11964720 2.26547572 1.51972239 -2.27110321 -1.24805031 1.90149689 -2.06361507 -2.96464612 2.08757665 0.51220372 -1.74222520 -0.86566834 0.10197776 -3.56049774 0.88379096 -1.25593602 -2.33787612 1.20483387 -0.20753563 -3.08965804 0.07079469 3.48075530 4.01747685 -1.32853485 0.10477218 0.17387815 -5.13875217 0.13700854 0.39857663 -1.16507023 1.79581588 1.55350744 2.49890895 -1.87811990 0.49362058 -1.15535522 -0.24784016
0.00000000 0.00000000 0.00000000 0.00000000 0.00000000 0.00000000 0.00000000 0.00000000 0.00000000 0.00000000 0.00000000 0.00000000 0.00000000 0.00000000 0.00000000 0.00000000 0.00000000 0.00000000 0.00000000 0.00000000 0.00000000 0.00000000 0.00000000 0.00000000 0.00000000 0.00000000 0.00000000 0.00000000 0.00000000 0.00000000 0.00000000 0.00000000 0.00000000 0.00000000 0.00000000 0.00000000 0.00000000 0.00000000 0.00000000 1.00000000 -0.35459457 -0.39927700 -0.27327655 -0.02230985 -0.19745073 0.05338322 0.65027267 0.51864475 0.57218299 -1.06940875 0.62656404 -1.17806982 0.16434798 1.07716582 -0.12493567 -0.63328956 -0.26595132 -0.55245101 0.02853353 -0.84706944 -0.32803620 0.62912285 0.45198937 0.09844006 0.04225211 0.30198061 -0.17016442 0.35500497 0.28584429 1.15299067 -0.15836361 -0.31589014 -0.25255343 0.09063311 0.85288432 -0.57360103 0.75680511 -0.76614428 0.32556040 0.17358772 0.07885124 -0.05454954 0.35800543 -0.10555211 -0.19582876 -0.32568988 0.75625195 -0.09676203 0.04163168 0.74825146 -0.34383802 0.31383862 0.39341972 0.03633246 -0.09761182 -0.27674031 0.39982603 0.59180371 0.12195914 0.58769869
0.00000000 0.00000000 0.00000000 0.00000000 0.00000000 0.00000000 0.00000000 0.00000000 0.00000000 0.00000000 0.00000000 0.00000000 0.00000000 0.00000000 0.00000000 0.00000000 0.00000000 0.00000000 0.00000000 0.00000000 0.00000000 0.00000000 0.00000000 0.00000000 0.00000000 0.00000000 0.00000000 0.00000000 0.00000000 0.00000000 0.00000000 0.00000000 0.00000000 0.00000000 0.00000000 0.00000000 0.00000000 0.00000000 0.00000000 0.00000000 1.00000000 1.83005004 1.05867093 -0.34276393 -0.18041669 -0.51411847 -2.70110760 -0.20564248 -1.41597336 1.94486012 -0.79645464 1.40518576 -0.26976246 -1.91685080 0.82833146 1.39758093 0.28627569 0.46296445 1.18938730 0.50522411 -1.19891153 -2.12231791 -0.52797738 0.40306663 1.18401596 -0.03691357 -0.65433717 -0.41155146 0.15373166 -0.98760539 -1.14099690 0.76918356 0.26994985 -0.84973450 -1.21693758 0.15755533 -1.45847600 0.20389893 -0.44940703 -0.80717367 0.03726161 0.07601876 -1.29764569 0.31404024 1.11469238 1.67350549 -1.25121619 -0.18063655 -0.31638019 -1.87548800 -0.28254835 0.36342603 -0.97737276 0.22919786 0.39534925 0.44374510 -0.54214108 -0.49106123 -0.55709557 -1.03075925
0.00000000 0.00000000 0.00000000 0.00000000 0.00000000 0.00000000 0.00000000 0.00000000 0.00000000 0.00000000 0.00000000 0.00000000 0.00000000 0.00000000 0.00000000 0.00000000 0.00000000 0.00000000 0.00000000 0.00000000 0.00000000 0.00000000 0.00000000 0.00000000 0.00000000 0.00000000 0.00000000 0.00000000 0.00000000 0.00000000 0.00000000 0.00000000 0.00000000 0.00000000 0.00000000 0.00000000 0.00000000 0.00000000 0.00000000 0.00000000 0.00000000 1.00000000 0.56993096 0.26939762 0.30285002 -0.08994131 -1.21244887 -1.01257318 -0.24001278 0.43373048 -0.46172291 0.93757545 -0.36159552 -0.83993947 -0.05623041 0.74741118 -0.30219006 0.97379146 0.01078238 0.79694109 0.16504358 -0.75766381 -0.14724293 0.24731229 0.23656979 0.02115923 -0.54317197 -0.68308397 -0.01622233 -0.84215388 -0.51543111 0.80639620 0.30080591 -0.47978475 -0.24592399 0.21338390 -0.98887943 0.52001893 -0.14963999 -0.64415850 0.22463328 -0.59266459 -0.42223634 0.23208837 0.74943898 0.63127936 0.05178456 0.30004296 0.20474676 -1.31872828 -0.27798242 -0.39330844 -0.60604636 -0.08972423 0.48245425 0.43253618 -0.49383994 -0.34060460 -0.18218351 -0.36288022
0.00000000 0.00000000 0.00000000 0.00000000 0.00000000 0.00000000 0.00000000 0.00000000 0.00000000 0.00000000 0.00000000 0.00000000 0.00000000 0.00000000 0.00000000 0.00000000 0.00000000 0.00000000 0.00000000 0.00000000 0.00000000 0.00000000 0.00000000 0.00000000 0.00000000 0.00000000 0.00000000 0.00000000 0.00000000 0.00000000 0.00000000 0.00000000 0.00000000 0.00000000 0.00000000 0.00000000 0.00000000 0.00000000 0.00000000 0.00000000 0.00000000 0.00000000 1.00000000 -6.58897685 11.03634362 3.90995640 -6.04923384 0.78227051 -5.70592453 8.44878768 -1.64389872 13.73289663 -7.42711871 -11.78778357 -1.72299599 2.24100720 -2.54278525 -4.37231620 7.51585636 0.82289501 -4.52225375 -8.84259510 -3.76422447 -2.67743231 5.77445270 7.05987006 -8.16034990 -0.11781542 -3.25885846 -8.13578911 -3.64735156 -3.61882503 2.03858674 -6.54692752 -11.10491820 1.87035605 -8.41425416 4.69384964 -8.52884706 -8.45465892 2.02066659 1.22230303 -3.75515807 -4.28942348 10.88097911 -0.45777772 -6.69184487 2.57201998 2.54938201 -7.72656468 4.94014547 -0.16470164 -3.55294805 6.74203065 7.45384437 -0.36056178 -3.44424103 -4.09109435 0.73346250 -6.25978939
0.00000000 0.00000000 0.00000000 0.00000000 0.00000000 0.00000000 0.00000000 0.00000000 0.00000000 0.00000000 0.00000000 0.00000000 0.00000000 0.00000000 0.00000000 0.00000000 0.00000000 0.00000000 0.00000000 0.00000000 0.00000000 0.00000000 0.00000000 0.00000000 0.00000000 0.00000000 0.00000000 0.00000000 0.00000000 0.00000000 0.00000000 0.00000000 0.00000000 0.00000000 0.00000000 0.00000000 0.00000000 0.00000000 0.00000000 0.00000000 0.00000000 0.00000000 0.00000000 1.00000000 -1.30844468 -0.44746549 0.76509710 -0.19701826 0.66401895 -1.23843122 0.17129877 -1.71912033 0.93875050 1.72295316 0.26071119 -0.23677526 0.39455850 0.68118357 -1.10727261 0.05405014 0.91501108 1.24187893 0.31435206 0.51018264 -0.95000906 -0.97428473 1.04840461 -0.09408690 0.42036770 0.87368077 0.41368281 0.59056060 -0.29689362 0.89673568 1.61207215 -0.16407239 1.07120731 -0.43851821 1.29511929 1.05821058 -0.18186812 -0.35271612 0.55732394 0.64201004 -1.42169005 0.04551651 1.01341045 -0.26114964 -0.28262196 1.06688995 -0.70715574 -0.24400795 0.38791162 -1.02080458 -0.97576946 0.02788997 0.32979299 0.49115795 -0.02723649 0.73324457
0.00000000 0.00000000 0.00000000 0.00000000 0.00000000 0.00000000 0.00000000 0.00000000 0.00000000 0.00000000 0.00000000 0.00000000 0.00000000 0.00000000 0.00000000 0.00000000 0.00000000 0.00000000 0.00000000 0.00000000 0.00000000 0.00000000 0.00000000 0.00000000 0.00000000 0.00000000 0.00000000 0.00000000 0.00000000 0.00000000 0.00000000 0.00000000 0.00000000 0.00000000 0.00000000 0.00000000 0.00000000 0.00000000 0.00000000 0.00000000 0.00000000 0.00000000 0.00000000 0.00000000 1.00000000 0.64839475 -0.36790774 0.58455686 -0.81228955 0.85542024 -0.25295470 1.25553420 -0.75241151 -0.30097425 0.27753929 -0.06058422 0.12385531 -0.11845959 0.44333522 0.50878344 0.10816485 -0.00540544 -1.13678511 0.40175272 0.14382359 0.04274931 -0.41665233 0.22963137 -0.93139296 -0.85144311 -0.30275356 -0.39783100 -0.07604767 -0.21764767 -0.96911754 0.45281012 -0.32670108 0.84902034 -0.11926164 -0.20033621 0.22304269 -0.19524955 -0.14783144 0.03487290 -0.03569882 -0.68608132 -0.76271271 0.16501032 0.00989521 0.63280204 0.23234759 -1.10326492 -0.72537007 -0.00276101 0.03144252 -0.79004722 -0.56591328 -0.89336263 0.36384192 -1.16222086
0.00000000 0.00000000 0.00000000 0.00000000 0.00000000 0.00000000 0.00000000 0.00000000 0.00000000 0.00000000 0.00000000 0.00000000 0.00000000 0.00000000 0.00000000 0.00000000 0.00000000 0.00000000 0.00000000 0.00000000 0.00000000 0.00000000 0.00000000 0.00000000 0.00000000 0.00000000 0.00000000 0.00000000 0.00000000 0.00000000 0.00000000 0.00000000 0.00000000 0.00000000 0.00000000 0.00000000 0.00000000 0.00000000 0.00000000 0.00000000 0.00000000 0.00000000 0.00000000 0.00000000 0.00000000 1.00000000 -0.70720838 2.64464658 -1.89700244 3.81712295 -1.18288778 1.13044714 -1.30551416 -1.48395388 1.56984396 -0.85330221 0.95411963 -1.14649332 2.07508649 0.51541822 -1.81482807 -0.43965958 -1.83516134 0.44911127 0.69558339 -0.12237380 -0.16199660 1.37323722 -2.87128874 -0.88216681 0.61504748 -2.30774978 -0.35947600 0.10561219 -3.95864467 0.33526161 0.37682745 0.83067832 -1.35139672 0.26193365 -0.86536400 0.81138366 -1.45971917 0.34909272 -1.31070252 -0.53462632 -3.41801104 -0.73518543 -1.19156389 1.83443868 0.32573038 -0.39111369 -0.68065441 0.77483490 -0.68371437 -3.10651150 -0.99100129 -1.73641364 -0.38470071 -2.19737284
0.00000000 0.00000000 0.00000000 0.00000000 0.00000000 0.00000000 0.00000000 0.00000000 0.00000000 0.00000000 0.00000000 0.00000000 0.00000000 0.00000000 0.00000000 0.00000000 0.00000000 0.00000000 0.00000000 0.00000000 0.00000000 0.00000000 0.00000000 0.00000000 0.00000000 0.00000000 0.00000000 0.00000000 0.00000000 0.00000000 0.00000000 0.00000000 0.00000000 0.00000000 0.00000000 0.00000000 0.00000000 0.00000000 0.00000000 0.00000000 0.00000000 0.00000000 0.00000000 0.00000000 0.00000000 0.00000000 1.00000000 -6.09583507 5.00063489 -3.97254420 6.23965381 -6.71547635 7.43866567 2.53630493 0.88503956 4.77000853 0.29601035 2.76525715 -2.63756962 7.88865477 -0.24725816 4.42333884 0.11386283 3.20716093 -5.79224591 -5.97592359 5.90786691 -5.99430639 -1.65204706 9.60300359 11.33224526 -3.96436804 -3.16415355 7.73612141 1.69024591 -3.15491589 8.71820262 -6.59359055 2.83549084 6.50538633 -7.48043469 0.88685975 4.37717404 2.53052792 -0.88124619 -4.22846371 5.62941473 5.80147916 -1.71574656 5.20172015 -3.09662739 -0.23496451 2.12324686 -0.96220207 -2.84767893 -9.66557841 -4.33716059 1.63750415 -2.07371707 0.50523546
0.00000000 0.00000000 0.00000000 0.00000000 0.00000000 0.00000000 0.00000000 0.00000000 0.00000000 0.00000000 0.00000000 0.00000000 0.00000000 0.00000000 0.00000000 0.00000000 0.00000000 0.00000000 0.00000000 0.00000000 0.00000000 0.00000000 0.00000000 0.00000000 0.00000000 0.00000000 0.00000000 0.00000000 0.00000000 0.00000000 0.00000000 0.00000000 0.00000000 0.00000000 0.00000000 0.00000000 0.00000000 0.00000000 0.00000000 0.00000000 0.00000000 0.00000000 0.00000000 0.00000000 0.00000000 0.00000000 0.00000000 1.00000000 -0.70102878 0.41233585 -1.19915994 1.25701156 -1.26545129 -0.47250086 -0.29615509 -0.74998803 0.07814626 -0.70685023 0.63167507 -1.53335141 0.11174867 -0.76004785 0.04033562 -0.55750244 1.04329935 1.31617994 -1.02202095 1.12976810 0.60042158 -1.68700698 -2.13152643 0.88131055 0.73756701 -1.38477244 -0.02541743 0.71976197 -1.70464474 1.14677492 -0.59253197 -1.13253431 1.41995603 -0.17039389 -0.66906294 -0.51271975 0.29530449 0.99128037 -0.89937890 -1.07660443 0.49132799 -0.92306192 0.62169461 -0.03162603 -0.36643918 0.20700419 0.59872480 2.06347499 0.78732107 -0.17302377 0.41185535 0.00853392
0.00000000 0.00000000 0.00000000 0.00000000 0.00000000 0.00000000 0.00000000 0.00000000 0.00000000 0.00000000 0.00000000 0.00000000 0.00000000 0.00000000 0.00000000 0.00000000 0.00000000 0.00000000 0.00000000 0.00000000 0.00000000 0.00000000 0.00000000 0.00000000 0.00000000 0.00000000 0.00000000 0.00000000 0.00000000 0.00000000 0.00000000 0.00000000 0.00000000 0.00000000 0.00000000 0.00000000 0.00000000 0.00000000 0.00000000 0.00000000 0.00000000 0.00000000 0.00000000 0.00000000 0.00000000 0.00000000 0.00000000 0.00000000 1.00000000 2.04661694 3.78260409 -5.74719602 8.32012046 2.07870568 6.31783468 6.22867338 4.36947094 -0.53960481 -0.11007688 10.11649193 -2.93799515 6.58213475 -6.19321618 6.60201458 -7.16926731 -9.45936747 6.19890762 -4.67459255 -7.44377283 9.88270543 13.46746215 -7.55994422 -5.10433752 9.64205984 -4.81683048 -2.84263501 10.23319115 -4.12859639 1.95877550 10.20753481 -10.29042923 2.16108910 2.34413451 5.02111290 -5.07476585 -4.99813559 0.19926269 5.14528437 -5.18181524 11.98328874 -3.70528701 -2.48009977 0.08688389 -1.59895136 -5.95092735 -18.97813561 -7.86090038 -3.85071810 -3.00744164 -5.06905454
0.00000000 0.00000000 0.00000000 0.00000000 0.00000000 0.00000000 0.00000000 0.00000000 0.00000000 0.00000000 0.00000000 0.00000000 0.00000000 0.00000000 0.00000000 0.00000000 0.00000000 0.00000000 0.00000000 0.00000000 0.00000000 0.00000000 0.00000000 0.00000000 0.00000000 0.00000000 0.00000000 0.00000000 0.00000000 0.00000000 0.00000000 0.00000000 0.00000000 0.00000000 0.00000000 0.00000000 0.00000000 0.00000000 0.00000000 0.00000000 0.00000000 0.00000000 0.00000000 0.00000000 0.00000000 0.00000000 0.00000000 0.00000000 0.00000000 1.00000000 -5.34371758 5.47499214 -5.81929412 -6.06482896 -3.17083052 -4.27636100 -1.77324114 -1.95245443 3.33251517 -6.91239219 -1.95370744 -5.98241464 6.67127838 -5.16725668 5.90960675 9.57975994 -4.43758522 3.92032833 4.91420810 -7.35956863 -9.04969498 5.11790494 4.15919574 -6.45101192 1.62747187 2.52511168 -8.39313370 3.00153550 -5.89256102 -6.21180429 5.49212475 -1.65761703 -4.84744771 -4.18697627 3.93722855 7.05303560 -3.25812731 -4.92596566 3.73744382 -9.55137482 3.32863173 2.52424209 0.98232209 5.46548671 4.25064514 13.25753756 4.56453563 3.55057338 -0.12654157 3.75285905
0.00000000 0.00000000 0.00000000 0.00000000 0.00000000 0.00000000 0.00000000 0.00000000 0.00000000 0.00000000 0.00000000 0.00000000 0.00000000 0.00000000 0.00000000 0.00000000 0.00000000 0.00000000 0.00000000 0.00000000 0.00000000 0.00000000 0.00000000 0.00000000 0.00000000 0.00000000 0.00000000 0.00000000 0.00000000 0.00000000 0.00000000 0.00000000 0.00000000 0.00000000 0.00000000 0.00000000 0.00000000 0.00000000 0.00000000 0.00000000 0.00000000 0.00000000 0.00000000 0.00000000 0.00000000 0.00000000 0.00000000 0.00000000 0.00000000 0.00000000 1.00000000 -1.05491346 1.17491341 0.93570595 0.72257159 0.86280792 0.41139669 0.29163461 -0.46843847 1.44461367 0.07617638 1.08362948 -1.18878094 1.06805802 -1.14183010 -1.81146626 0.91251393 -0.77900967 -1.11290246 1.51944665 1.92711881 -1.10836206 -0.87686354 1.34161919 -0.49695816 -0.54957269 1.73589334 -0.66171946 0.93805051 1.30646726 -1.33457756 0.32031036 0.76215250 0.77470495 -0.75907726 -1.28240803 0.46188744 0.94439734 -0.75105296 1.89119013 -0.63945494 -0.42693113 -0.12396746 -0.83832259 -0.89040193 -2.83232283 -0.95685678 -0.66641890 -0.12146641 -0.83615870
0.00000000 0.00000000 0.00000000 0.00000000 0.00000000 0.00000000 0.00000000 0.00000000 0.00000000 0.00000000 0.00000000 0.00000000 0.00000000 0.00000000 0.00000000 0.00000000 0.00000000 0.00000000 0.00000000 0.00000000 0.00000000 0.00000000 0.00000000 0.00000000 0.00000000 0.00000000 0.00000000 0.00000000 0.00000000 0.00000000 0.00000000 0.00000000 0.00000000 0.00000000 0.00000000 0.00000000 0.00000000 0.00000000 0.00000000 0.00000000 0.00000000 0.00000000 0.00000000 0.00000000 0.00000000 0.00000000 0.00000000 0.00000000 0.00000000 0.00000000 0.00000000 1.00000000 -3.17326368 -1.15038110 -1.54529504 -2.67095675 -2.52560001 0.68225557 0.64544835 -2.96418285 -1.55447510 -3.45964718 4.03783218 -2.17237369 2.66776371 3.14839229 -1.96499413 0.82158747 0.99537220 -1.92851183 -3.21998142 1.30982143 0.53428961 -3.17760752 0.40538123 -1.03763156 -1.32053252 0.52775401 -0.69383392 -3.36482775 1.45617727 -0.96942808 -1.63175167 -2.88349631 1.79763861 0.77014144 -0.36516056 -1.28632915 1.53514826 -4.13476170 1.38491904 1.52992116 1.15267169 1.96248724 1.44568336 3.78342399 2.86811752 2.29725265 -0.03028387 0.81432779
0.00000000 0.00000000 0.00000000 0.00000000 0.00000000 0.00000000 0.00000000 0.00000000 0.00000000 0.00000000 0.00000000 0.00000000 0.00000000 0.00000000 0.00000000 0.00000000 0.00000000 0.00000000 0.00000000 0.00000000 0.00000000 0.00000000 0.00000000 0.00000000 0.00000000 0.00000000 0.00000000 0.00000000 0.00000000 0.00000000 0.00000000 0.00000000 0.00000000 0.00000000 0.00000000 0.00000000 0.00000000 0.00000000 0.00000000 0.00000000 0.00000000 0.00000000 0.00000000 0.00000000 0.00000000 0.00000000 0.00000000 0.00000000 0.00000000 0.00000000 0.00000000 0.00000000 1.00000000 0.13567108 0.21880315 1.27741042 1.28226367 -0.79299953 0.32069159 1.03365789 0.63380012 1.15171760 -1.87578092 1.03376498 -0.93766332 -0.65889073 0.70314308 -0.05150129 -0.03347218 0.47240878 1.07976769 -0.46592818 0.16445234 1.26801341 -0.12572947 0.78390352 0.24294232 -0.24129677 -0.11095739 1.18189934 -0.52233130 0.51639869 0.65797767 1.03563573 -0.27081468 0.27601175 -0.09754232 0.47646246 -0.42484345 1.59278769 -0.50209777 -0.67469218 -0.59291406 -0.69903071 -0.25717426 -0.99699705 -1.17784365 -0.87713193 0.16084909 -0.38936102
0.00000000 0.00000000 0.00000000 0.00000000 0.00000000 0.00000000 0.00000000 0.00000000 0.00000000 0.00000000 0.00000000 0.00000000 0.00000000 0.00000000 0.00000000 0.00000000 0.00000000 0.00000000 0.00000000 0.00000000 0.00000000 0.00000000 0.00000000 0.00000000 0.00000000 0.00000000 0.00000000 0.00000000 0.00000000 0.00000000 0.00000000 0.00000000 0.00000000 0.00000000 0.00000000 0.00000000 0.00000000 0.00000000 0.00000000 0.00000000 0.00000000 0.00000000 0.00000000 0.00000000 0.00000000 0.00000000 0.00000000 0.00000000 0.00000000 0.00000000 0.00000000 0.00000000 0.00000000 1.00000000 1.40763556 -0.21871938 -0.66456179 2.12597798 -2.75757783 2.55554888 0.14458271 0.80609911 -0.90720175 -0.72715973 -1.35880828 -1.51374061 0.76763009 -0.35286602 -1.44571661 0.57895009 2.06945236 -1.83664334 -1.45112341 2.40087283 -0.83723788 0.47593205 1.58306767 -0.16643006 0.14864755 2.13942542 -0.46604275 0.58485215 0.57438100 1.75726318 -1.51739306 -2.88072849 0.41159514 1.06760424 -1.67287274 0.62143602 -0.10865768 -1.36622407 0.58512575 1.11632893 -0.41971300 -3.05897874 -1.03957483 -1.03610377 -0.58568092 0.17466598
0.00000000 0.00000000 0.00000000 0.00000000 0.00000000 0.00000000 0.00000000 0.00000000 0.00000000 0.00000000 0.00000000 0.00000000 0.00000000 0.00000000 0.00000000 0.00000000 0.00000000 0.00000000 0.00000000 0.00000000 0.00000000 0.00000000 0.00000000 0.00000000 0.00000000 0.00000000 0.00000000 0.00000000 0.00000000 0.00000000 0.00000000 0.00000000 0.00000000 0.00000000 0.00000000 0.00000000 0.00000000 0.00000000 0.00000000 0.00000000 0.00000000 0.00000000 0.00000000 0.00000000 0.00000000 0.00000000 0.00000000 0.00000000 0.00000000 0.00000000 0.00000000 0.00000000 0.00000000 0.00000000 1.00000000 -0.25815380 -1.27324326 0.29185831 -1.24816802 0.19690757 -0.46387394 0.53529994 0.77463476 -1.38012725 0.24144818 0.55586777 -0.85431488 -0.11754350 0.03109174 0.70726825 -0.25577572 -0.14803601 -0.93752833 0.04819269 -0.28527751 -0.86037974 -0.29885717 0.98072023 0.47496816 1.09536392 1.00577343 -0.87696100 -0.58242616 -0.04823681 -1.34632601 -0.10651597 0.21788833 -0.07947846 -0.82368801 -0.48367703 0.11173522 0.25346289 0.64923698 0.56384159 -0.50174909 -0.34424110 0.03384697 0.53852338 -0.24746170 0.13334308
0.00000000 0.00000000 0.00000000 0.00000000 0.00000000 0.00000000 0.00000000 0.00000000 0.00000000 0.00000000 0.00000000 0.00000000 0.00000000 0.00000000 0.00000000 0.00000000 0.00000000 0.00000000 0.00000000 0.00000000 0.00000000 0.00000000 0.00000000 0.00000000 0.00000000 0.00000000 0.00000000 0.00000000 0.00000000 0.00000000 0.00000000 0.00000000 0.00000000 0.00000000 0.00000000 0.00000000 0.00000000 0.00000000 0.00000000 0.00000000 0.00000000 0.00000000 0.00000000 0.00000000 0.00000000 0.00000000 0.00000000 0.00000000 0.00000000 0.00000000 0.00000000 0.00000000 0.00000000 0.00000000 0.00000000 1.00000000 5.99586714 0.21151778 1.36444398 9.02651572 1.34160973 -0.82614786 -5.87423610 5.39165962 -7.59283733 -3.11891182 3.22244747 -0.90509264 -5.42706101 -0.69679085 10.98762185 -7.22290221 -0.13701422 10.29664358 -4.33765258 1.48341108 6.29931839 -7.44097831 -5.26768071 2.89972750 -7.35012245 1.17893173 -3.12990670 3.14467556 0.45435956 -2.34361686 -2.05119400 1.07571374 -0.83058440 2.53068026 -3.77187001 -0.84257336 1.84480728 3.94451799 -1.19726236 -12.70972767 -5.28912584 -1.33191677 -0.41507022 -1.72438347
0.00000000 0.00000000 0.00000000 0.00000000 0.00000000 0.00000000 0.00000000 0.00000000 0.00000000 0.00000000 0.00000000 0.00000000 0.00000000 0.00000000 0.00000000 0.00000000 0.00000000 0.00000000 0.00000000 0.00000000 0.00000000 0.00000000 0.00000000 0.00000000 0.00000000 0.00000000 0.00000000 0.00000000 0.00000000 0.00000000 0.00000000 0.00000000 0.00000000 0.00000000 0.00000000 0.00000000 0.00000000 0.00000000 0.00000000 0.00000000 0.00000000 0.00000000 0.00000000 0.00000000 0.00000000 0.00000000 0.00000000 0.00000000 0.00000000 0.00000000 0.00000000 0.00000000 0.00000000 0.00000000 0.00000000 0.00000000 1.00000000 0.13797283 0.61210789 1.11561826 0.09050229 -0.45244028 -0.78049231 1.07560226 -0.80040658 -0.60959174 0.75370648 -0.07568347 -0.77505267 -0.21662370 1.56978593 -0.92541312 0.09296625 1.17583963 -0.46887266 0.39253718 1.10366614 -1.33598144 -0.75009257 0.10818260 -1.38291285 0.37542959 -0.26863246 0.30203823 0.36923766 -0.44954366 -0.42662583 0.10710674 0.23514449 0.52946497 -0.38208015 -0.21765264 0.19111605 0.61736338 -0.06180934 -1.85133610 -0.47180747 -0.32392434 -0.08558383 -0.49890066
0.00000000 0.00000000 0.00000000 0.00000000 0.00000000 0.00000000 0.00000000 0.00000000 0.00000000 0.00000000 0.00000000 0.00000000 0.00000000 0.00000000 0.00000000 0.00000000 0.00000000 0.00000000 0.00000000 0.00000000 0.00000000 0.00000000 0.00000000 0.00000000 0.00000000 0.00000000 0.00000000 0.00000000 0.00000000 0.00000000 0.00000000 0.00000000 0.00000000 0.00000000 0.00000000 0.00000000 0.00000000 0.00000000 0.00000000 0.00000000 0.00000000 0.00000000 0.00000000 0.00000000 0.00000000 0.00000000 0.00000000 0.00000000 0.00000000 0.00000000 0.00000000 0.00000000 0.00000000 0.00000000 0.00000000 0.00000000 0.00000000 1.00000000 -1.08384765 2.12099297 0.53716740 -0.00041307 -0.97382737 0.12386809 -1.63547469 -0.33069095 0.12356575 -0.03991400 -1.57833035 -0.12097893 1.70349468 -1.83892590 -0.68635845 2.32325201 -0.91189139 0.53985159 1.46061415 -1.27401522 -1.40312813 0.34425904 -0.31835436 -0.12645384 -0.69035983 1.08513393 0.28155669 -0.84149253 0.14096839 0.18944025 -0.94636858 -0.58336388 -1.18009330 0.39141902 1.10320794 0.94173556 0.10486204 -2.68519250 -1.11825173 -0.34428512 -0.44780689 0.21347574
0.00000000 0.00000000 0.00000000 0.00000000 0.00000000 0.00000000 0.00000000 0.00000000 0.00000000 0.00000000 0.00000000 0.00000000 0.00000000 0.00000000 0.00000000 0.00000000 0.00000000 0.00000000 0.00000000 0.00000000 0.00000000 0.00000000 0.00000000 0.00000000 0.00000000 0.00000000 0.00000000 0.00000000 0.00000000 0.00000000 0.00000000 0.00000000 0.00000000 0.00000000 0.00000000 0.00000000 0.00000000 0.00000000 0.00000000 0.00000000 0.00000000 0.00000000 0.00000000 0.00000000 0.00000000 0.00000000 0.00000000 0.00000000 0.00000000 0.00000000 0.00000000 0.00000000 0.00000000 0.00000000 0.00000000 0.00000000 0.00000000 0.00000000 1.00000000 -1.74887433 -0.73570772 -0.42635143 0.63269160 0.34717692 1.55192010 -0.20857651 0.55648378 0.28973652 0.78865375 0.16625697 -1.31111516 1.55409093 0.31328081 -2.12156595 1.22498024 0.29311690 -0.48854657 0.38355957 0.98292849 -0.75379383 -0.03056689 0.46963877 1.11783530 -0.55584642 0.70752733 -0.01179456 -0.08434904 0.03740962 0.96836782 0.74144455 1.11147624 -0.42689369 -0.88394515 -0.79699631 0.24597853 1.76204648 1.29873042 -0.47801584 0.15636766 -0.57888094
0.00000000 0.00000000 0.00000000 0.00000000 0.00000000 0.00000000 0.00000000 0.00000000 0.00000000 0.00000000 0.00000000 0.00000000 0.00000000 0.00000000 0.00000000 0.00000000 0.00000000 0.00000000 0.00000000 0.00000000 0.00000000 0.00000000 0.00000000 0.00000000 0.00000000 0.00000000 0.00000000 0.00000000 0.00000000 0.00000000 0.00000000 0.00000000 0.00000000 0.00000000 0.00000000 0.00000000 0.00000000 0.00000000 0.00000000 0.00000000 0.00000000 0.00000000 0.00000000 0.00000000 0.00000000 0.00000000 0.00000000 0.00000000 0.00000000 0.00000000 0.00000000 0.00000000 0.00000000 0.00000000 0.00000000 0.00000000 0.00000000 0.00000000 0.00000000 1.00000000 0.53723601 0.00560437 -0.67293931 -0.08461274 -0.72277627 0.20955396 -0.01383510 -0.26377686 -0.47577848 -0.18089744 0.79161959 -1.09653474 -0.15295536 1.23958261 -0.52660811 -0.08508330 0.79155044 -0.55926175 -0.77216182 0.17076672 -0.10518836 -0.04864572 -0.36920239 0.47295402 0.11299373 -0.10819317 0.03327234 0.07358509 -0.33299744 -0.31347577 -0.57871754 0.27816174 0.63655987 0.51381732 0.28851404 -1.30253147 -0.74920321 0.12040667 -0.14699034 0.10889455
0.00000000 0.00000000 0.00000000 0.00000000 0.00000000 0.00000000 0.00000000 0.00000000 0.00000000 0.00000000 0.00000000 0.00000000 0.00000000 0.00000000 0.00000000 0.00000000 0.00000000 0.00000000 0.00000000 0.00000000 0.00000000 0.00000000 0.00000000 0.00000000 0.00000000 0.00000000 0.00000000 0.00000000 0.00000000 0.00000000 0.00000000 0.00000000 0.00000000 0.00000000 0.00000000 0.00000000 0.00000000 0.00000000 0.00000000 0.00000000 0.00000000 0.00000000 0.00000000 0.00000000 0.00000000 0.00000000 0.00000000 0.00000000 0.00000000 0.00000000 0.00000000 0.00000000 0.00000000 0.00000000 0.00000000 0.00000000 0.00000000 0.00000000 0.00000000 0.00000000 1.00000000 0.60432302 1.08269761 -1.00818774 -0.52769778 -0.71852728 -0.00889027 -0.57763751 -0.95106164 -0.96832095 -1.12948965 -0.07767020 0.80536259 0.91910627 0.35517582 -1.40825410 0.34040529 0.22133570 0.04051837 0.13181646 -0.10915492 -0.99692557 -1.78242369 0.63895215 -0.65339765 -0.30466606 0.78904296 -0.57073245 0.08163596 -0.59028312 -0.30989622 0.31555236 -0.07203520 1.42797751 0.36341577 0.90325032 -0.55659773 1.42548374 0.25034146 1.71419242
0.00000000 0.00000000 0.00000000 0.00000000 0.00000000 0.00000000 0.00000000 0.00000000 0.00000000 0.00000000 0.00000000 0.00000000 0.00000000 0.00000000 0.00000000 0.00000000 0.00000000 0.00000000 0.00000000 0.00000000 0.00000000 0.00000000 0.00000000 0.00000000 0.00000000 0.00000000 0.00000000 0.00000000 0.00000000 0.00000000 0.00000000 0.00000000 0.00000000 0.00000000 0.00000000 0.00000000 0.00000000 0.00000000 0.00000000 0.00000000 0.00000000 0.00000000 0.00000000 0.00000000 0.00000000 0.00000000 0.00000000 0.00000000 0.00000000 0.00000000 0.00000000 0.00000000 0.00000000 0.00000000 0.00000000 0.00000000 0.00000000 0.00000000 0.00000000 0.00000000 0.00000000 1.00000000 2.49122524 -1.22970270 -1.50952130 -1.77925511 0.19941557 -0.00805988 -4.33269193 -0.59152218 -1.68912511 -0.84820859 0.29118780 2.46668778 1.01241344 -2.70653185 2.37972509 -1.49703671 0.20037639 -0.85792004 0.31340156 -4.10603795 -4.58362269 1.11006192 -0.51023793 -1.77247937 1.29191036 -1.45422907 0.08026067 -1.25088574 -1.34156288 1.25884341 0.91783681 1.61145886 -1.54879445 -1.24903207 -0.83893303 3.17298222 0.24474865 0.55416007
0.00000000 0.00000000 0.00000000 0.00000000 0.00000000 0.00000000 0.00000000 0.00000000 0.00000000 0.00000000 0.00000000 0.00000000 0.00000000 0.00000000 0.00000000 0.00000000 0.00000000 0.00000000 0.00000000 0.00000000 0.00000000 0.00000000 0.00000000 0.00000000 0.00000000 0.00000000 0.00000000 0.00000000 0.00000000 0.00000000 0.00000000 0.00000000 0.00000000 0.00000000 0.00000000 0.00000000 0.00000000 0.00000000 0.00000000 0.00000000 0.00000000 0.00000000 0.00000000 0.00000000 0.00000000 0.00000000 0.00000000 0.00000000 0.00000000 0.00000000 0.00000000 0.00000000 0.00000000 0.00000000 0.00000000 0.00000000 0.00000000 0.00000000 0.00000000 0.00000000 0.00000000 0.00000000 1.00000000 -0.02405433 -0.10842746 0.32664916 -0.69912554 0.35812897 -0.61702086 0.24465166 -0.67567920 0.83056513 -0.48348072 -0.22278809 0.64370627 -0.07593839 0.44740213 -0.24790010 0.20053147 -1.08410957 0.57063211 -2.33332502 -1.22008496 -0.06025122 0.46697339 0.82815999 0.44496616 -0.44938887 0.29948647 -1.03498991 -0.78546843 1.03963877 0.94224773 0.16967437 -0.49371916 -0.32465400 0.65574343 0.90224386 -0.00862833 -0.59936163
0.00000000 0.00000000 0.00000000 0.00000000 0.00000000 0.00000000 0.00000000 0.00000000 0.00000000 0.00000000 0.00000000 0.00000000 0.00000000 0.00000000 0.00000000 0.00000000 0.00000000 0.00000000 0.00000000 0.00000000 0.00000000 0.00000000 0.00000000 0.00000000 0.00000000 0.00000000 0.00000000 0.00000000 0.00000000 0.00000000 0.00000000 0.00000000 0.00000000 0.00000000 0.00000000 0.00000000 0.00000000 0.00000000 0.00000000 0.00000000 0.00000000 0.00000000 0.00000000 0.00000000 0.00000000 0.00000000 0.00000000 0.00000000 0.00000000 0.00000000 0.00000000 0.00000000 0.00000000 0.00000000 0.00000000 0.00000000 0.00000000 0.00000000 0.00000000 0.00000000 0.00000000 0.00000000 0.00000000 1.00000000 0.61432101 0.98979995 -0.85525664 0.69664712 0.54824963 0.94700976 -0.09513251 1.49321309 -0.66542668 -1.25873767 0.82977609 1.60095333 -0.04771172 0.19561770 0.03626108 -1.32755731 0.95087238 -1.57966410 0.80696350 0.32778524 0.77408934 1.78489402 0.69581663 0.53184020 0.05675390 -0.26802540 -0.99481081 0.76585607 0.73798831 -1.02614065 0.50557052 -0.31719336 1.27824219 -0.28004602 -0.62137864 -1.50229217
0.00000000 0.00000000 0.00000000 0.00000000 0.00000000 0.00000000 0.00000000 0.00000000 0.00000000 0.00000000 0.00000000 0.00000000 0.00000000 0.00000000 0.00000000 0.00000000 0.00000000 0.00000000 0.00000000 0.00000000 0.00000000 0.00000000 0.00000000 0.00000000 0.00000000 0.00000000 0.00000000 0.00000000 0.00000000 0.00000000 0.00000000 0.00000000 0.00000000 0.00000000 0.00000000 0.00000000 0.00000000 0.00000000 0.00000000 0.00000000 0.00000000 0.00000000 0.00000000 0.00000000 0.00000000 0.00000000 0.00000000 0.00000000 0.00000000 0.00000000 0.00000000 0.00000000 0.00000000 0.00000000 0.00000000 0.00000000 0.00000000 0.00000000 0.00000000 0.00000000 0.00000000 0.00000000 0.00000000 0.00000000 1.00000000 2.42848722 -1.66149534 -0.09799804 3.81140309 -0.16635705 -0.78351961 1.90516309 -0.30451228 -1.18419033 0.36027090 0.99865791 -2.38513170 2.20106718 -0.15090186 1.49824407 0.49515202 0.55205988 1.39470543 -0.56526678 -0.06013078 2.42713643 0.24084339 0.75828752 -0.12854936 0.18855268 0.32223704 -1.65070042 -0.12469910 0.21820170 1.46300727 1.85840340 -0.25063703 -0.74755779 -1.53735807 -0.28854282
0.00000000 0.00000000 0.00000000 0.00000000 0.00000000 0.00000000 0.00000000 0.00000000 0.00000000 0.00000000 0.00000000 0.00000000 0.00000000 0.00000000 0.00000000 0.00000000 0.00000000 0.00000000 0.00000000 0.00000000 0.00000000 0.00000000 0.00000000 0.00000000 0.00000000 0.00000000 0.00000000 0.00000000 0.00000000 0.00000000 0.00000000 0.00000000 0.00000000 0.00000000 0.00000000 0.00000000 0.00000000 0.00000000 0.00000000 0.00000000 0.00000000 0.00000000 0.00000000 0.00000000 0.00000000 0.00000000 0.00000000 0.00000000 0.00000000 0.00000000 0.00000000 0.00000000 0.00000000 0.00000000 0.00000000 0.00000000 0.00000000 0.00000000 0.00000000 0.00000000 0.00000000 0.00000000 0.00000000 0.00000000 0.00000000 1.00000000 -0.80727944 0.65247240 0.21966179 0.92796484 0.76882662 0.73510540 -0.64198460 -0.67771969 0.27849903 0.43653068 -0.59553789 -0.76082622 -0.14829933 -0.12953940 1.02553721 -1.42780909 -0.24595106 -0.06368249 0.16117354 0.94415260 -0.21972205 -0.39626788 -0.04638150 -0.62326817 -0.68709564 1.72847323 0.76299732 -0.32218989 -0.52594100 -0.28141815 1.16366211 0.13711217 0.36730998 -0.30073481
0.00000000 0.00000000 0.00000000 0.00000000 0.00000000 0.00000000 0.00000000 0.00000000 0.00000000 0.00000000 0.00000000 0.00000000 0.00000000 0.00000000 0.00000000 0.00000000 0.00000000 0.00000000 0.00000000 0.00000000 0.00000000 0.00000000 0.00000000 0.00000000 0.00000000 0.00000000 0.00000000 0.00000000 0.00000000 0.00000000 0.00000000 0.00000000 0.00000000 0.00000000 0.00000000 0.00000000 0.00000000 0.00000000 0.00000000 0.00000000 0.00000000 0.00000000 0.00000000 0.00000000 0.00000000 0.00000000 0.00000000 0.00000000 0.00000000 0.00000000 0.00000000 0.00000000 0.00000000 0.00000000 0.00000000 0.00000000 0.00000000 0.00000000 0.00000000 0.00000000 0.00000000 0.00000000 0.00000000 0.00000000 0.00000000 0.00000000 1.00000000 0.54351839 -1.91702577 2.53938140 1.18444531 1.01011529 -1.02704842 -0.18112913 2.25537645 0.88227516 2.03051092 -2.88085791 -0.20007271 -2.51718241 1.19712171 -2.75341891 -0.02095476 1.91925926 1.43242349 -0.15463091 1.35579550 0.53948877 0.23263299 -1.26396918 -1.69153619 3.38979679 1.78061571 -0.36062836 -0.35271116 -1.10470028 2.64468897 0.88789261 0.51751488 -1.08155002
0.00000000 0.00000000 0.00000000 0.00000000 0.00000000 0.00000000 0.00000000 0.00000000 0.00000000 0.00000000 0.00000000 0.00000000 0.00000000 0.00000000 0.00000000 0.00000000 0.00000000 0.00000000 0.00000000 0.00000000 0.00000000 0.00000000 0.00000000 0.00000000 0.00000000 0.00000000 0.00000000 0.00000000 0.00000000 0.00000000 0.00000000 0.00000000 0.00000000 0.00000000 0.00000000 0.00000000 0.00000000 0.00000000 0.00000000 0.00000000 0.00000000 0.00000000 0.00000000 0.00000000 0.00000000 0.00000000 0.00000000 0.00000000 0.00000000 0.00000000 0.00000000 0.00000000 0.00000000 0.00000000 0.00000000 0.00000000 0.00000000 0.00000000 0.00000000 0.00000000 0.00000000 0.00000000 0.00000000 0.00000000 0.00000000 0.00000000 0.00000000 1.00000000 -2.39088613 3.04681718 1.11679893 0.80918552 -0.99572100 -0.18028293 1.07691247 0.17461776 2.27989546 -2.75012496 0.80379779 -3.64353898 2.39694391 -4.66585455 -2.24401362 1.55859848 0.61916523 0.30162002 0.67815206 -1.22036678 0.53987372 -2.32316285 -2.69996853 4.36797602 1.90619627 -1.13214293 -2.02648862 -2.74391007 2.64237269 1.92085877 1.18044162 -2.08554821
0.00000000 0.00000000 0.00000000 0.00000000 0.00000000 0.00000000 0.00000000 0.00000000 0.00000000 0.00000000 0.00000000 0.00000000 0.00000000 0.00000000 0.00000000 0.00000000 0.00000000 0.00000000 0.00000000 0.00000000 0.00000000 0.00000000 0.00000000 0.00000000 0.00000000 0.00000000 0.00000000 0.00000000 0.00000000 0.00000000 0.00000000 0.00000000 0.00000000 0.00000000 0.00000000 0.00000000 0.00000000 0.00000000 0.00000000 0.00000000 0.00000000 0.00000000 0.00000000 0.00000000 0.00000000 0.00000000 0.00000000 0.00000000 0.00000000 0.00000000 0.00000000 0.00000000 0.00000000 0.00000000 0.00000000 0.00000000 0.00000000 0.00000000 0.00000000 0.00000000 0.00000000 0.00000000 0.00000000 0.00000000 0.00000000 0.00000000 0.00000000 0.00000000 1.00000000 -1.03519475 0.31152640 -0.14668726 0.29827125 -0.28036689 -0.33322362 0.39358268 -1.35443052 0.27227614 -0.39634885 1.70101248 -0.83770616 1.86371804 1.29134181 -0.71695136 -0.39816050 -0.29644782 -0.53009606 0.53522202 -0.27137037 0.91648499 1.34228471 -1.03737230 -0.87563942 0.42262146 0.54337629 1.36095947 -0.10754295 -0.97457991 -0.12739305 0.93396316
0.00000000 0.00000000 0.00000000 0.00000000 0.00000000 0.00000000 0.00000000 0.00000000 0.00000000 0.00000000 0.00000000 0.00000000 0.00000000 0.00000000 0.00000000 0.00000000 0.00000000 0.00000000 0.00000000 0.00000000 0.00000000 0.00000000 0.00000000 0.00000000 0.00000000 0.00000000 0.00000000 0.00000000 0.00000000 0.00000000 0.00000000 0.00000000 0.00000000 0.00000000 0.00000000 0.00000000 0.00000000 0.00000000 0.00000000 0.00000000 0.00000000 0.00000000 0.00000000 0.00000000 0.00000000 0.00000000 0.00000000 0.00000000 0.00000000 0.00000000 0.00000000 0.00000000 0.00000000 0.00000000 0.00000000 0.00000000 0.00000000 0.00000000 0.00000000 0.00000000 0.00000000 0.00000000 0.00000000 0.00000000 0.00000000 0.00000000 0.00000000 0.00000000 0.00000000 1.00000000 3.20255890 0.95966725 0.34546517 -1.28654052 1.00076500 1.37395496 -2.18420504 -3.77543774 -0.80180446 0.12541358 0.07245049 -0.45101078 1.82034083 0.42725551 -0.61958511 -0.95456232 1.52814148 1.25288337 -0.45150942 -0.03423599 0.16142605 2.06136885 -1.13130684 -0.70182417 0.19228490 0.82080142 3.34329651 -0.41956041 -0.98444312 -1.00953760
0.00000000 0.00000000 0.00000000 0.00000000 0.00000000 0.00000000 0.00000000 0.00000000 0.00000000 0.00000000 0.00000000 0.00000000 0.00000000 0.00000000 0.00000000 0.00000000 0.00000000 0.00000000 0.00000000 0.00000000 0.00000000 0.00000000 0.00000000 0.00000000 0.00000000 0.00000000 0.00000000 0.00000000 0.00000000 0.00000000 0.00000000 0.00000000 0.00000000 0.00000000 0.00000000 0.00000000 0.00000000 0.00000000 0.00000000 0.00000000 0.00000000 0.00000000 0.00000000 0.00000000 0.00000000 0.00000000 0.00000000 0.00000000 0.00000000 0.00000000 0.00000000 0.00000000 0.00000000 0.00000000 0.00000000 0.00000000 0.00000000 0.00000000 0.00000000 0.00000000 0.00000000 0.00000000 0.00000000 0.00000000 0.00000000 0.00000000 0.00000000 0.00000000 0.00000000 0.00000000 1.00000000 -0.64161132 -0.81350309 -1.61710920 -2.10294395 0.63843367 0.79553456 1.73178073 2.44118117 -2.51086516 -0.97551819 -0.24803429 1.69133654 -2.31180670 0.73901795 0.62832332 -2.67453319 -0.69292959 0.80804060 0.22403857 1.60402561 -1.57631109 0.49531400 -3.03648623 -2.56410013 -1.83116191 -0.63810946 -1.39446402 0.74571785 -3.52986546
0.00000000 0.00000000 0.00000000 0.00000000 0.00000000 0.00000000 0.00000000 0.00000000 0.00000000 0.00000000 0.00000000 0.00000000 0.00000000 0.00000000 0.00000000 0.00000000 0.00000000 0.00000000 0.00000000 0.00000000 0.00000000 0.00000000 0.00000000 0.00000000 0.00000000 0.00000000 0.00000000 0.00000000 0.00000000 0.00000000 0.00000000 0.00000000 0.00000000 0.00000000 0.00000000 0.00000000 0.00000000 0.00000000 0.00000000 0.00000000 0.00000000 0.00000000 0.00000000 0.00000000 0.00000000 0.00000000 0.00000000 0.00000000 0.00000000 0.00000000 0.00000000 0.00000000 0.00000000 0.00000000 0.00000000 0.00000000 0.00000000 0.00000000 0.00000000 0.00000000 0.00000000 0.00000000 0.00000000 0.00000000 0.00000000 0.00000000 0.00000000 0.00000000 0.00000000 0.00000000 0.00000000 1.00000000 0.91000250 0.96147331 2.51361908 0.14736075 -1.76834306 -3.15561938 -2.69648019 2.38588545 0.85163535 0.31007765 -0.67166740 2.26845648 -0.71015309 -1.33425881 3.33552956 1.34484629 -0.96248030 -0.04446197 -1.15420022 1.69867050 -1.38326870 2.58585079 2.73788379 2.31632214 1.85872929 0.85962039 -1.38152404 2.66019674
0.00000000 0.00000000 0.00000000 0.00000000 0.00000000 0.00000000 0.00000000 0.00000000 0.00000000 0.00000000 0.00000000 0.00000000 0.00000000 0.00000000 0.00000000 0.00000000 0.00000000 0.00000000 0.00000000 0.00000000 0.00000000 0.00000000 0.00000000 0.00000000 0.00000000 0.00000000 0.00000000 0.00000000 0.00000000 0.00000000 0.00000000 0.00000000 0.00000000 0.00000000 0.00000000 0.00000000 0.00000000 0.00000000 0.00000000 0.00000000 0.00000000 0.00000000 0.00000000 0.00000000 0.00000000 0.00000000 0.00000000 0.00000000 0.00000000 0.00000000 0.00000000 0.00000000 0.00000000 0.00000000 0.00000000 0.00000000 0.00000000 0.00000000 0.00000000 0.00000000 0.00000000 0.00000000 0.00000000 0.00000000 0.00000000 0.00000000 0.00000000 0.00000000 0.00000000 0.00000000 0.00000000 0.00000000 1.00000000 0.93270156 1.12866235 -0.23394912 0.49729042 -1.12091834 -1.14286817 0.26725432 0.90764355 -0.30898178 -1.28159334 1.61809548 -0.51104897 0.02167945 2.25186098 0.72002811 -0.78747166 -0.74620860 -1.67486754 1.53813589 0.12651505 2.07934294 1.86321568 0.90700893 0.72307425 1.44408173 -0.59157117 1.83605257
0.00000000 0.00000000 0.00000000 0.00000000 0.00000000 0.00000000 0.00000000 0.00000000 0.00000000 0.00000000 0.00000000 0.00000000 0.00000000 0.00000000 0.00000000 0.00000000 0.00000000 0.00000000 0.00000000 0.00000000 0.00000000 0.00000000 0.00000000 0.00000000 0.00000000 0.00000000 0.00000000 0.00000000 0.00000000 0.00000000 0.00000000 0.00000000 0.00000000 0.00000000 0.00000000 0.00000000 0.00000000 0.00000000 0.00000000 0.00000000 0.00000000 0.00000000 0.00000000 0.00000000 0.00000000 0.00000000 0.00000000 0.00000000 0.00000000 0.00000000 0.00000000 0.00000000 0.00000000 0.00000000 0.00000000 0.00000000 0.00000000 0.00000000 0.00000000 0.00000000 0.00000000 0.00000000 0.00000000 0.00000000 0.00000000 0.00000000 0.00000000 0.00000000 0.00000000 0.00000000 0.00000000 0.00000000 0.00000000 1.00000000 1.02712630 -0.45921588 -3.51761008 -2.15241148 -2.85840088 5.71758161 -0.40015425 1.20863626 -0.45271036 0.81306023 -1.68615752 -1.01666828 0.06902222 -0.25470800 -0.66950402 1.46395664 0.52041625 1.50487863 -0.95293879 2.21688497 0.78815535 1.66330674 0.91367964 0.03044993 0.26025769 4.83552905
0.00000000 0.00000000 0.00000000 0.00000000 0.00000000 0.00000000 0.00000000 0.00000000 0.00000000 0.00000000 0.00000000 0.00000000 0.00000000 0.00000000 0.00000000 0.00000000 0.00000000 0.00000000 0.00000000 0.00000000 0.00000000 0.00000000 0.00000000 0.00000000 0.00000000 0.00000000 0.00000000 0.00000000 0.00000000 0.00000000 0.00000000 0.00000000 0.00000000 0.00000000 0.00000000 0.00000000 0.00000000 0.00000000 0.00000000 0.00000000 0.00000000 0.00000000 0.00000000 0.00000000 0.00000000 0.00000000 0.00000000 0.00000000 0.00000000 0.00000000 0.00000000 0.00000000 0.00000000 0.00000000 0.00000000 0.00000000 0.00000000 0.00000000 0.00000000 0.00000000 0.00000000 0.00000000 0.00000000 0.00000000 0.00000000 0.00000000 0.00000000 0.00000000 0.00000000 0.00000000 0.00000000 0.00000000 0.00000000 0.00000000 1.00000000 -1.12815713 -10.51416231 -6.96392983 -4.77006240 11.26644571 -0.22204596 -0.43147830 -5.15395260 0.79284746 -4.88923438 -3.27126629 -0.80866494 -3.63809119 -1.11079718 0.92241096 0.11034311 6.19435084 -4.12502869 5.30815190 -2.23742033 3.13822460 6.12288319 0.15700390 4.59984234 15.13079515
0.00000000 0.00000000 0.00000000 0.00000000 0.00000000 0.00000000 0.00000000 0.00000000 0.00000000 0.00000000 0.00000000 0.00000000 0.00000000 0.00000000 0.00000000 0.00000000 0.00000000 0.00000000 0.00000000 0.00000000 0.00000000 0.00000000 0.00000000 0.00000000 0.00000000 0.00000000 0.00000000 0.00000000 0.00000000 0.00000000 0.00000000 0.00000000 0.00000000 0.00000000 0.00000000 0.00000000 0.00000000 0.00000000 0.00000000 0.00000000 0.00000000 0.00000000 0.00000000 0.00000000 0.00000000 0.00000000 0.00000000 0.00000000 0.00000000 0.00000000 0.00000000 0.00000000 0.00000000 0.00000000 0.00000000 0.00000000 0.00000000 0.00000000 0.00000000 0.00000000 0.00000000 0.00000000 0.00000000 0.00000000 0.00000000 0.00000000 0.00000000 0.00000000 0.00000000 0.00000000 0.00000000 0.00000000 0.00000000 0.00000000 0.00000000 1.00000000 2.38198897 1.53972980 0.91505901 -2.67886078 0.24629375 0.11352499 1.88960307 0.10235139 1.25519443 0.65795032 0.43393411 1.31384330 0.03361092 0.07936869 0.15955286 -1.77714560 0.86034717 -1.56941213 0.99198395 -0.91521268 -1.33876901 -0.36606300 -2.05458836 -4.24383196
0.00000000 0.00000000 0.00000000 0.00000000 0.00000000 0.00000000 0.00000000 0.00000000 0.00000000 0.00000000 0.00000000 0.00000000 0.00000000 0.00000000 0.00000000 0.00000000 0.00000000 0.00000000 0.00000000 0.00000000 0.00000000 0.00000000 0.00000000 0.00000000 0.00000000 0.00000000 0.00000000 0.00000000 0.00000000 0.00000000 0.00000000 0.00000000 0.00000000 0.00000000 0.00000000 0.00000000 0.00000000 0.00000000 0.00000000 0.00000000 0.00000000 0.00000000 0.00000000 0.00000000 0.00000000 0.00000000 0.00000000 0.00000000 0.00000000 0.00000000 0.00000000 0.00000000 0.00000000 0.00000000 0.00000000 0.00000000 0.00000000 0.00000000 0.00000000 0.00000000 0.00000000 0.00000000 0.00000000 0.00000000 0.00000000 0.00000000 0.00000000 0.00000000 0.00000000 0.00000000 0.00000000 0.00000000 0.00000000 0.00000000 0.00000000 0.00000000 1.00000000 0.25249227 0.42759083 -1.01545928 0.18926192 -0.72586464 -0.73028270 0.36910938 0.34310607 0.85389972 0.32698677 -0.14697018 -0.05013016 -0.64965286 -0.85026698 0.92885983 0.65141879 0.64764303 0.05820648 -0.17447146 0.57646460 0.43305751 0.59907087 0.77662914
0.00000000 0.00000000 0.00000000 0.00000000 0.00000000 0.00000000 0.00000000 0.00000000 0.00000000 0.00000000 0.00000000 0.00000000 0.00000000 0.00000000 0.00000000 0.00000000 0.00000000 0.00000000 0.00000000 0.00000000 0.00000000 0.00000000 0.00000000 0.00000000 0.00000000 0.00000000 0.00000000 0.00000000 0.00000000 0.00000000 0.00000000 0.00000000 0.00000000 0.00000000 0.00000000 0.00000000 0.00000000 0.00000000 0.00000000 0.00000000 0.00000000 0.00000000 0.00000000 0.00000000 0.00000000 0.00000000 0.00000000 0.00000000 0.00000000 0.00000000 0.00000000 0.00000000 0.00000000 0.00000000 0.00000000 0.00000000 0.00000000 0.00000000 0.00000000 0.00000000 0.00000000 0.00000000 0.00000000 0.00000000 0.00000000 0.00000000 0.00000000 0.00000000 0.00000000 0.00000000 0.00000000 0.00000000 0.00000000 0.00000000 0.00000000 0.00000000 0.00000000 1.00000000 -1.34837376 2.46897911 2.30797195 2.57521968 0.22098283 1.68014007 -0.46591774 0.05606412 0.41228761 1.11644279 -1.85812185 -0.14588246 -0.22001385 1.76223596 3.68394711 2.35953586 1.96974953 1.37000347 -1.57250636 -1.07090869 0.24448173 6.00497366
0.00000000 0.00000000 0.00000000 0.00000000 0.00000000 0.00000000 0.00000000 0.00000000 0.00000000 0.00000000 0.00000000 0.00000000 0.00000000 0.00000000 0.00000000 0.00000000 0.00000000 0.00000000 0.00000000 0.00000000 0.00000000 0.00000000 0.00000000 0.00000000 0.00000000 0.00000000 0.00000000 0.00000000 0.00000000 0.00000000 0.00000000 0.00000000 0.00000000 0.00000000 0.00000000 0.00000000 0.00000000 0.00000000 0.00000000 0.00000000 0.00000000 0.00000000 0.00000000 0.00000000 0.00000000 0.00000000 0.00000000 0.00000000 0.00000000 0.00000000 0.00000000 0.00000000 0.00000000 0.00000000 0.00000000 0.00000000 0.00000000 0.00000000 0.00000000 0.00000000 0.00000000 0.00000000 0.00000000 0.00000000 0.00000000 0.00000000 0.00000000 0.00000000 0.00000000 0.00000000 0.00000000 0.00000000 0.00000000 0.00000000 0.00000000 0.00000000 0.00000000 0.00000000 1.00000000 -5.61942059 -3.00558769 1.70455194 11.00768904 -2.65349455 3.62473121 -7.05793287 6.53502148 6.47728052 2.43101936 4.92540174 6.09678167 -15.75742180 -9.85609212 -11.16668821 5.33766230 -2.91641113 -6.40887939 -1.50791262 -14.65654878 -28.91963757
0.00000000 0.00000000 0.00000000 0.00000000 0.00000000 0.00000000 0.00000000 0.00000000 0.00000000 0.00000000 0.00000000 0.00000000 0.00000000 0.00000000 0.00000000 0.00000000 0.00000000 0.00000000 0.00000000 0.00000000 0.00000000 0.00000000 0.00000000 0.00000000 0.00000000 0.00000000 0.00000000 0.00000000 0.00000000 0.00000000 0.00000000 0.00000000 0.00000000 0.00000000 0.00000000 0.00000000 0.00000000 0.00000000 0.00000000 0.00000000 0.00000000 0.00000000 0.00000000 0.00000000 0.00000000 0.00000000 0.00000000 0.00000000 0.00000000 0.00000000 0.00000000 0.00000000 0.00000000 0.00000000 0.00000000 0.00000000 0.00000000 0.00000000 0.00000000 0.00000000 0.00000000 0.00000000 0.00000000 0.00000000 0.00000000 0.00000000 0.00000000 0.00000000 0.00000000 0.00000000 0.00000000 0.00000000 0.00000000 0.00000000 0.00000000 0.00000000 0.00000000 0.00000000 0.00000000 1.00000000 -0.08088177 -2.03138040 -3.94789585 1.15935544 -0.82131624 3.59796363 -1.32569459 -2.46800487 -0.51027193 -1.35374110 -2.27255078 5.72972836 1.69173863 4.07209623 -1.49773493 0.36796819 4.40550662 1.54877129 4.67813405 8.82271529
0.00000000 0.00000000 0.00000000 0.00000000 0.00000000 0.00000000 0.00000000 0.00000000 0.00000000 0.00000000 0.00000000 0.00000000 0.00000000 0.00000000 0.00000000 0.00000000 0.00000000 0.00000000 0.00000000 0.00000000 0.00000000 0.00000000 0.00000000 0.00000000 0.00000000 0.00000000 0.00000000 0.00000000 0.00000000 0.00000000 0.00000000 0.00000000 0.00000000 0.00000000 0.00000000 0.00000000 0.00000000 0.00000000 0.00000000 0.00000000 0.00000000 0.00000000 0.00000000 0.00000000 0.00000000 0.00000000 0.00000000 0.00000000 0.00000000 0.00000000 0.00000000 0.00000000 0.00000000 0.00000000 0.00000000 0.00000000 0.00000000 0.00000000 0.00000000 0.00000000 0.00000000 0.00000000 0.00000000 0.00000000 0.00000000 0.00000000 0.00000000 0.00000000 0.00000000 0.00000000 0.00000000 0.00000000 0.00000000 0.00000000 0.00000000 0.00000000 0.00000000 0.00000000 0.00000000 0.00000000 1.00000000 3.49060078 4.35393042 -2.45432896 0.11054126 -5.52667850 -0.93398895 2.51802673 0.69712967 1.19610987 2.81675248 -7.23937690 0.33325653 -5.77565688 -0.10292388 -0.02093728 -8.08960598 -3.11454735 -4.30604915 -9.56001269
0.00000000 0.00000000 0.00000000 0.00000000 0.00000000 0.00000000 0.00000000 0.00000000 0.00000000 0.00000000 0.00000000 0.00000000 0.00000000 0.00000000 0.00000000 0.00000000 0.00000000 0.00000000 0.00000000 0.00000000 0.00000000 0.00000000 0.00000000 0.00000000 0.00000000 0.00000000 0.00000000 0.00000000 0.00000000 0.00000000 0.00000000 0.00000000 0.00000000 0.00000000 0.00000000 0.00000000 0.00000000 0.00000000 0.00000000 0.00000000 0.00000000 0.00000000 0.00000000 0.00000000 0.00000000 0.00000000 0.00000000 0.00000000 0.00000000 0.00000000 0.00000000 0.00000000 0.00000000 0.00000000 0.00000000 0.00000000 0.00000000 0.00000000 0.00000000 0.00000000 0.00000000 0.00000000 0.00000000 0.00000000 0.00000000 0.00000000 0.00000000 0.00000000 0.00000000 0.00000000 0.00000000 0.00000000 0.00000000 0.00000000 0.00000000 0.00000000 0.00000000 0.00000000 0.00000000 0.00000000 0.00000000 1.00000000 1.18584105 -0.84330861 0.01324954 -1.34081867 -0.54022175 0.51305696 0.32231129 0.34607275 0.93774239 -1.86087260 -0.19911716 -1.54922206 -0.18734576 0.03115841 -1.82622612 -0.74591643 -0.87471635 -2.59916482
0.00000000 0.00000000 0.00000000 0.00000000 0.00000000 0.00000000 0.00000000 0.00000000 0.00000000 0.00000000 0.00000000 0.00000000 0.00000000 0.00000000 0.00000000 0.00000000 0.00000000 0.00000000 0.00000000 0.00000000 0.00000000 0.00000000 0.00000000 0.00000000 0.00000000 0.00000000 0.00000000 0.00000000 0.00000000 0.00000000 0.00000000 0.00000000 0.00000000 0.00000000 0.00000000 0.00000000 0.00000000 0.00000000 0.00000000 0.00000000 0.00000000 0.00000000 0.00000000 0.00000000 0.00000000 0.00000000 0.00000000 0.00000000 0.00000000 0.00000000 0.00000000 0.00000000 0.00000000 0.00000000 0.00000000 0.00000000 0.00000000 0.00000000 0.00000000 0.00000000 0.00000000 0.00000000 0.00000000 0.00000000 0.00000000 0.00000000 0.00000000 0.00000000 0.00000000 0.00000000 0.00000000 0.00000000 0.00000000 0.00000000 0.00000000 0.00000000 0.00000000 0.00000000 0.00000000 0.00000000 0.00000000 0.00000000 1.00000000 -2.82581325 0.27598464 -4.13166088 -2.27480816 1.00872012 1.28134443 1.20028118 2.07512994 -3.88111149 -1.59636572 -3.47126028 -0.71075633 -1.63344665 -3.04901873 -2.16016824 -1.97887244 -7.26687171
0.00000000 0.00000000 0.00000000 0.00000000 0.00000000 0.00000000 0.00000000 0.00000000 0.00000000 0.00000000 0.00000000 0.00000000 0.00000000 0.00000000 0.00000000 0.00000000 0.00000000 0.00000000 0.00000000 0.00000000 0.00000000 0.00000000 0.00000000 0.00000000 0.00000000 0.00000000 0.00000000 0.00000000 0.00000000 0.00000000 0.00000000 0.00000000 0.00000000 0.00000000 0.00000000 0.00000000 0.00000000 0.00000000 0.00000000 0.00000000 0.00000000 0.00000000 0.00000000 0.00000000 0.00000000 0.00000000 0.00000000 0.00000000 0.00000000 0.00000000 0.00000000 0.00000000 0.00000000 0.00000000 0.00000000 0.00000000 0.00000000 0.00000000 0.00000000 0.00000000 0.00000000 0.00000000 0.00000000 0.00000000 0.00000000 0.00000000 0.00000000 0.00000000 0.00000000 0.00000000 0.00000000 0.00000000 0.00000000 0.00000000 0.00000000 0.00000000 0.00000000 0.00000000 0.00000000 0.00000000 0.00000000 0.00000000 0.00000000 1.00000000 0.04254637 1.54005205 1.11630641 -0.15397547 -0.51795923 -0.12820293 -0.83920391 0.96806362 0.76097204 0.80513211 0.49808047 0.55355323 0.37958546 0.74873043 0.18013033 1.67475567
0.00000000 0.00000000 0.00000000 0.00000000 0.00000000 0.00000000 0.00000000 0.00000000 0.00000000 0.00000000 0.00000000 0.00000000 0.00000000 0.00000000 0.00000000 0.00000000 0.00000000 0.00000000 0.00000000 0.00000000 0.00000000 0.00000000 0.00000000 0.00000000 0.00000000 0.00000000 0.00000000 0.00000000 0.00000000 0.00000000 0.00000000 0.00000000 0.00000000 0.00000000 0.00000000 0.00000000 0.00000000 0.00000000 0.00000000 0.00000000 0.00000000 0.00000000 0.00000000 0.00000000 0.00000000 0.00000000 0.00000000 0.00000000 0.00000000 0.00000000 0.00000000 0.00000000 0.00000000 0.00000000 0.00000000 0.00000000 0.00000000 0.00000000 0.00000000 0.00000000 0.00000000 0.00000000 0.00000000 0.00000000 0.00000000 0.00000000 0.00000000 0.00000000 0.00000000 0.00000000 0.00000000 0.00000000 0.00000000 0.00000000 0.00000000 0.00000000 0.00000000 0.00000000 0.00000000 0.00000000 0.00000000 0.00000000 0.00000000 0.00000000 1.00000000 -2.02547538 1.54791259 1.06384133 0.12131513 1.81102376 1.09355930 -1.05244875 -4.79646044 0.22003925 2.63042093 -0.42823254 1.73367342 0.24160232 -0.78073465 -3.92092215
0.00000000 0.00000000 0.00000000 0.00000000 0.00000000 0.00000000 0.00000000 0.00000000 0.00000000 0.00000000 0.00000000 0.00000000 0.00000000 0.00000000 0.00000000 0.00000000 0.00000000 0.00000000 0.00000000 0.00000000 0.00000000 0.00000000 0.00000000 0.00000000 0.00000000 0.00000000 0.00000000 0.00000000 0.00000000 0.00000000 0.00000000 0.00000000 0.00000000 0.00000000 0.00000000 0.00000000 0.00000000 0.00000000 0.00000000 0.00000000 0.00000000 0.00000000 0.00000000 0.00000000 0.00000000 0.00000000 0.00000000 0.00000000 0.00000000 0.00000000 0.00000000 0.00000000 0.00000000 0.00000000 0.00000000 0.00000000 0.00000000 0.00000000 0.00000000 0.00000000 0.00000000 0.00000000 0.00000000 0.00000000 0.00000000 0.00000000 0.00000000 0.00000000 0.00000000 0.00000000 0.00000000 0.00000000 0.00000000 0.00000000 0.00000000 0.00000000 0.00000000 0.00000000 0.00000000 0.00000000 0.00000000 0.00000000 0.00000000 0.00000000 0.00000000 1.00000000 0.12683368 -0.22125535 -0.20927448 -0.07228547 -0.85399287 0.04550394 1.42385453 -0.29991732 -0.36258923 0.55615219 -1.30786905 0.17385074 0.09154512 0.30110895
0.00000000 0.00000000 0.00000000 0.00000000 0.00000000 0.00000000 0.00000000 0.00000000 0.00000000 0.00000000 0.00000000 0.00000000 0.00000000 0.00000000 0.00000000 0.00000000 0.00000000 0.00000000 0.00000000 0.00000000 0.00000000 0.00000000 0.00000000 0.00000000 0.00000000 0.00000000 0.00000000 0.00000000 0.00000000 0.00000000 0.00000000 0.00000000 0.00000000 0.00000000 0.00000000 0.00000000 0.00000000 0.00000000 0.00000000 0.00000000 0.00000000 0.00000000 0.00000000 0.00000000 0.00000000 0.00000000 0.00000000 0.00000000 0.00000000 0.00000000 0.00000000 0.00000000 0.00000000 0.00000000 0.00000000 0.00000000 0.00000000 0.00000000 0.00000000 0.00000000 0.00000000 0.00000000 0.00000000 0.00000000 0.00000000 0.00000000 0.00000000 0.00000000 0.00000000 0.00000000 0.00000000 0.00000000 0.00000000 0.00000000 0.00000000 0.00000000 0.00000000 0.00000000 0.00000000 0.00000000 0.00000000 0.00000000 0.00000000 0.00000000 0.00000000 0.00000000 1.00000000 0.80104612 -0.18678843 0.79000645 0.89635343 0.86051707 -1.30949101 0.64366762 1.47488345 -0.09516107 2.10529486 0.88812723 -0.13932884 -0.76244414
0.00000000 0.00000000 0.00000000 0.00000000 0.00000000 0.00000000 0.00000000 0.00000000 0.00000000 0.00000000 0.00000000 0.00000000 0.00000000 0.00000000 0.00000000 0.00000000 0.00000000 0.00000000 0.00000000 0.00000000 0.00000000 0.00000000 0.00000000 0.00000000 0.00000000 0.00000000 0.00000000 0.00000000 0.00000000 0.00000000 0.00000000 0.00000000 0.00000000 0.00000000 0.00000000 0.00000000 0.00000000 0.00000000 0.00000000 0.00000000 0.00000000 0.00000000 0.00000000 0.00000000 0.00000000 0.00000000 0.00000000 0.00000000 0.00000000 0.00000000 0.00000000 0.00000000 0.00000000 0.00000000 0.00000000 0.00000000 0.00000000 0.00000000 0.00000000 0.00000000 0.00000000 0.00000000 0.00000000 0.00000000 0.00000000 0.00000000 0.00000000 0.00000000 0.00000000 0.00000000 0.00000000 0.00000000 0.00000000 0.00000000 0.00000000 0.00000000 0.00000000 0.00000000 0.00000000 0.00000000 0.00000000 0.00000000 0.00000000 0.00000000 0.00000000 0.00000000 0.00000000 1.00000000 1.71720057 -0.57036462 -5.52387943 -1.89598093 2.77596758 -1.09569474 3.97630117 -0.27290214 -7.74683402 2.95545347 -2.78685900 -3.57002345
0.00000000 0.00000000 0.00000000 0.00000000 0.00000000 0.00000000 0.00000000 0.00000000 0.00000000 0.00000000 0.00000000 0.00000000 0.00000000 0.00000000 0.00000000 0.00000000 0.00000000 0.00000000 0.00000000 0.00000000 0.00000000 0.00000000 0.00000000 0.00000000 0.00000000 0.00000000 0.00000000 0.00000000 0.00000000 0.00000000 0.00000000 0.00000000 0.00000000 0.00000000 0.00000000 0.00000000 0.00000000 0.00000000 0.00000000 0.00000000 0.00000000 0.00000000 0.00000000 0.00000000 0.00000000 0.00000000 0.00000000 0.00000000 0.00000000 0.00000000 0.00000000 0.00000000 0.00000000 0.00000000 0.00000000 0.00000000 0.00000000 0.00000000 0.00000000 0.00000000 0.00000000 0.00000000 0.00000000 0.00000000 0.00000000 0.00000000 0.00000000 0.00000000 0.00000000 0.00000000 0.00000000 0.00000000 0.00000000 0.00000000 0.00000000 0.00000000 0.00000000 0.00000000 0.00000000 0.00000000 0.00000000 0.00000000 0.00000000 0.00000000 0.00000000 0.00000000 0.00000000 0.00000000 1.00000000 -0.48830571 -4.23243070 -3.42373545 2.15569580 -2.44288623 1.63369814 0.38364644 -7.92573277 1.55293455 -2.24540559 -3.49846743
0.00000000 0.00000000 0.00000000 0.00000000 0.00000000 0.00000000 0.00000000 0.00000000 0.00000000 0.00000000 0.00000000 0.00000000 0.00000000 0.00000000 0.00000000 0.00000000 0.00000000 0.00000000 0.00000000 0.00000000 0.00000000 0.00000000 0.00000000 0.00000000 0.00000000 0.00000000 0.00000000 0.00000000 0.00000000 0.00000000 0.00000000 0.00000000 0.00000000 0.00000000 0.00000000 0.00000000 0.00000000 0.00000000 0.00000000 0.00000000 0.00000000 0.00000000 0.00000000 0.00000000 0.00000000 0.00000000 0.00000000 0.00000000 0.00000000 0.00000000 0.00000000 0.00000000 0.00000000 0.00000000 0.00000000 0.00000000 0.00000000 0.00000000 0.00000000 0.00000000 0.00000000 0.00000000 0.00000000 0.00000000 0.00000000 0.00000000 0.00000000 0.00000000 0.00000000 0.00000000 0.00000000 0.00000000 0.00000000 0.00000000 0.00000000 0.00000000 0.00000000 0.00000000 0.00000000 0.00000000 0.00000000 0.00000000 0.00000000 0.00000000 0.00000000 0.00000000 0.00000000 0.00000000 0.00000000 1.00000000 5.36966710 0.90667250 -3.50841048 0.88477537 2.14250905 -1.87462746 4.96310235 1.74102790 -1.74730631 -1.74424781
0.00000000 0.00000000 0.00000000 0.00000000 0.00000000 0.00000000 0.00000000 0.00000000 0.00000000 0.00000000 0.00000000 0.00000000 0.00000000 0.00000000 0.00000000 0.00000000 0.00000000 0.00000000 0.00000000 0.00000000 0.00000000 0.00000000 0.00000000 0.00000000 0.00000000 0.00000000 0.00000000 0.00000000 0.00000000 0.00000000 0.00000000 0.00000000 0.00000000 0.00000000 0.00000000 0.00000000 0.00000000 0.00000000 0.00000000 0.00000000 0.00000000 0.00000000 0.00000000 0.00000000 0.00000000 0.00000000 0.00000000 0.00000000 0.00000000 0.00000000 0.00000000 0.00000000 0.00000000 0.00000000 0.00000000 0.00000000 0.00000000 0.00000000 0.00000000 0.00000000 0.00000000 0.00000000 0.00000000 0.00000000 0.00000000 0.00000000 0.00000000 0.00000000 0.00000000 0.00000000 0.00000000 0.00000000 0.00000000 0.00000000 0.00000000 0.00000000 0.00000000 0.00000000 0.00000000 0.00000000 0.00000000 0.00000000 0.00000000 0.00000000 0.00000000 0.00000000 0.00000000 0.00000000 0.00000000 0.00000000 1.00000000 -0.88553469 -0.54670194 -0.07938970 0.77822377 -0.55821697 -0.84193829 0.68711532 -2.02144273 -1.16718356
0.00000000 0.00000000 0.00000000 0.00000000 0.00000000 0.00000000 0.00000000 0.00000000 0.00000000 0.00000000 0.00000000 0.00000000 0.00000000 0.00000000 0.00000000 0.00000000 0.00000000 0.00000000 0.00000000 0.00000000 0.00000000 0.00000000 0.00000000 0.00000000 0.00000000 0.00000000 0.00000000 0.00000000 0.00000000 0.00000000 0.00000000 0.00000000 0.00000000 0.00000000 0.00000000 0.00000000 0.00000000 0.00000000 0.00000000 0.00000000 0.00000000 0.00000000 0.00000000 0.00000000 0.00000000 0.00000000 0.00000000 0.00000000 0.00000000 0.00000000 0.00000000 0.00000000 0.00000000 0.00000000 0.00000000 0.00000000 0.00000000 0.00000000 0.00000000 0.00000000 0.00000000 0.00000000 0.00000000 0.00000000 0.00000000 0.00000000 0.00000000 0.00000000 0.00000000 0.00000000 0.00000000 0.00000000 0.00000000 0.00000000 0.00000000 0.00000000 0.00000000 0.00000000 0.00000000 0.00000000 0.00000000 0.00000000 0.00000000 0.00000000 0.00000000 0.00000000 0.00000000 0.00000000 0.00000000 0.00000000 0.00000000 1.00000000 0.32712905 0.37746518 -0.45137192 0.00164595 1.34441958 -0.34697139 1.26357014 0.94482423
0.00000000 0.00000000 0.00000000 0.00000000 0.00000000 0.00000000 0.00000000 0.00000000 0.00000000 0.00000000 0.00000000 0.00000000 0.00000000 0.00000000 0.00000000 0.00000000 0.00000000 0.00000000 0.00000000 0.00000000 0.00000000 0.00000000 0.00000000 0.00000000 0.00000000 0.00000000 0.00000000 0.00000000 0.00000000 0.00000000 0.00000000 0.00000000 0.00000000 0.00000000 0.00000000 0.00000000 0.00000000 0.00000000 0.00000000 0.00000000 0.00000000 0.00000000 0.00000000 0.00000000 0.00000000 0.00000000 0.00000000 0.00000000 0.00000000 0.00000000 0.00000000 0.00000000 0.00000000 0.00000000 0.00000000 0.00000000 0.00000000 0.00000000 0.00000000 0.00000000 0.00000000 0.00000000 0.00000000 0.00000000 0.00000000 0.00000000 0.00000000 0.00000000 0.00000000 0.00000000 0.00000000 0.00000000 0.00000000 0.00000000 0.00000000 0.00000000 0.00000000 0.00000000 0.00000000 0.00000000 0.00000000 0.00000000 0.00000000 0.00000000 0.00000000 0.00000000 0.00000000 0.00000000 0.00000000 0.00000000 0.00000000 0.00000000 1.00000000 0.01847034 -0.46710685 -0.42315472 0.12333473 -0.35707892 -0.01503822 0.31127194
0.00000000 0.00000000 0.00000000 0.00000000 0.00000000 0.00000000 0.00000000 0.00000000 0.00000000 0.00000000 0.00000000 0.00000000 0.00000000 0.00000000 0.00000000 0.00000000 0.00000000 0.00000000 0.00000000 0.00000000 0.00000000 0.00000000 0.00000000 0.00000000 0.00000000 0.00000000 0.00000000 0.00000000 0.00000000 0.00000000 0.00000000 0.00000000 0.00000000 0.00000000 0.00000000 0.00000000 0.00000000 0.00000000 0.00000000 0.00000000 0.00000000 0.00000000 0.00000000 0.00000000 0.00000000 0.00000000 0.00000000 0.00000000 0.00000000 0.00000000 0.00000000 0.00000000 0.00000000 0.00000000 0.00000000 0.00000000 0.00000000 0.00000000 0.00000000 0.00000000 0.00000000 0.00000000 0.00000000 0.00000000 0.00000000 0.00000000 0.00000000 0.00000000 0.00000000 0.00000000 0.00000000 0.00000000 0.00000000 0.00000000 0.00000000 0.00000000 0.00000000 0.00000000 0.00000000 0.00000000 0.00000000 0.00000000 0.00000000 0.00000000 0.00000000 0.00000000 0.00000000 0.00000000 0.00000000 0.00000000 0.00000000 0.00000000 0.00000000 1.00000000 -0.80505013 2.63233662 1.10788377 0.05320629 1.65742069 0.19267538
0.00000000 0.00000000 0.00000000 0.00000000 0.00000000 0.00000000 0.00000000 0.00000000 0.00000000 0.00000000 0.00000000 0.00000000 0.00000000 0.00000000 0.00000000 0.00000000 0.00000000 0.00000000 0.00000000 0.00000000 0.00000000 0.00000000 0.00000000 0.00000000 0.00000000 0.00000000 0.00000000 0.00000000 0.00000000 0.00000000 0.00000000 0.00000000 0.00000000 0.00000000 0.00000000 0.00000000 0.00000000 0.00000000 0.00000000 0.00000000 0.00000000 0.00000000 0.00000000 0.00000000 0.00000000 0.00000000 0.00000000 0.00000000 0.00000000 0.00000000 0.00000000 0.00000000 0.00000000 0.00000000 0.00000000 0.00000000 0.00000000 0.00000000 0.00000000 0.00000000 0.00000000 0.00000000 0.00000000 0.00000000 0.00000000 0.00000000 0.00000000 0.00000000 0.00000000 0.00000000 0.00000000 0.00000000 0.00000000 0.00000000 0.00000000 0.00000000 0.00000000 0.00000000 0.00000000 0.00000000 0.00000000 0.00000000 0.00000000 0.00000000 0.00000000 0.00000000 0.00000000 0.00000000 0.00000000 0.00000000 0.00000000 0.00000000 0.00000000 0.00000000 1.00000000 -3.04262237 -2.55043918 0.56491540 -2.73409417 -0.30769151
0.00000000 0.00000000 0.00000000 0.00000000 0.00000000 0.00000000 0.00000000 0.00000000 0.00000000 0.00000000 0.00000000 0.00000000 0.00000000 0.00000000 0.00000000 0.00000000 0.00000000 0.00000000 0.00000000 0.00000000 0.00000000 0.00000000 0.00000000 0.00000000 0.00000000 0.00000000 0.00000000 0.00000000 0.00000000 0.00000000 0.00000000 0.00000000 0.00000000 0.00000000 0.00000000 0.00000000 0.00000000 0.00000000 0.00000000 0.00000000 0.00000000 0.00000000 0.00000000 0.00000000 0.00000000 0.00000000 0.00000000 0.00000000 0.00000000 0.00000000 0.00000000 0.00000000 0.00000000 0.00000000 0.00000000 0.00000000 0.00000000 0.00000000 0.00000000 0.00000000 0.00000000 0.00000000 0.00000000 0.00000000 0.00000000 0.00000000 0.00000000 0.00000000 0.00000000 0.00000000 0.00000000 0.00000000 0.00000000 0.00000000 0.00000000 0.00000000 0.00000000 0.00000000 0.00000000 0.00000000 0.00000000 0.00000000 0.00000000 0.00000000 0.00000000 0.00000000 0.00000000 0.00000000 0.00000000 0.00000000 0.00000000 0.00000000 0.00000000 0.00000000 0.00000000 1.00000000 -0.93950289 -0.17913519 2.01742458 -0.37322039
0.00000000 0.00000000 0.00000000 0.00000000 0.00000000 0.00000000 0.00000000 0.00000000 0.00000000 0.00000000 0.00000000 0.00000000 0.00000000 0.00000000 0.00000000 0.00000000 0.00000000 0.00000000 0.00000000 0.00000000 0.00000000 0.00000000 0.00000000 0.00000000 0.00000000 0.00000000 0.00000000 0.00000000 0.00000000 0.00000000 0.00000000 0.00000000 0.00000000 0.00000000 0.00000000 0.00000000 0.00000000 0.00000000 0.00000000 0.00000000 0.00000000 0.00000000 0.00000000 0.00000000 0.00000000 0.00000000 0.00000000 0.00000000 0.00000000 0.00000000 0.00000000 0.00000000 0.00000000 0.00000000 0.00000000 0.00000000 0.00000000 0.00000000 0.00000000 0.00000000 0.00000000 0.00000000 0.00000000 0.00000000 0.00000000 0.00000000 0.00000000 0.00000000 0.00000000 0.00000000 0.00000000 0.00000000 0.00000000 0.00000000 0.00000000 0.00000000 0.00000000 0.00000000 0.00000000 0.00000000 0.00000000 0.00000000 0.00000000 0.00000000 0.00000000 0.00000000 0.00000000 0.00000000 0.00000000 0.00000000 0.00000000 0.00000000 0.00000000 0.00000000 0.00000000 0.00000000 1.00000000 0.00581782 -2.66348411 1.50109805
0.00000000 0.00000000 0.00000000 0.00000000 0.00000000 0.00000000 0.00000000 0.00000000 0.00000000 0.00000000 0.00000000 0.00000000 0.00000000 0.00000000 0.00000000 0.00000000 0.00000000 0.00000000 0.00000000 0.00000000 0.00000000 0.00000000 0.00000000 0.00000000 0.00000000 0.00000000 0.00000000 0.00000000 0.00000000 0.00000000 0.00000000 0.00000000 0.00000000 0.00000000 0.00000000 0.00000000 0.00000000 0.00000000 0.00000000 0.00000000 0.00000000 0.00000000 0.00000000 0.00000000 0.00000000 0.00000000 0.00000000 0.00000000 0.00000000 0.00000000 0.00000000 0.00000000 0.00000000 0.00000000 0.00000000 0.00000000 0.00000000 0.00000000 0.00000000 0.00000000 0.00000000 0.00000000 0.00000000 0.00000000 0.00000000 0.00000000 0.00000000 0.00000000 0.00000000 0.00000000 0.00000000 0.00000000 0.00000000 0.00000000 0.00000000 0.00000000 0.00000000 0.00000000 0.00000000 0.00000000 0.00000000 0.00000000 0.00000000 0.00000000 0.00000000 0.00000000 0.00000000 0.00000000 0.00000000 0.00000000 0.00000000 0.00000000 0.00000000 0.00000000 0.00000000 0.00000000 0.00000000 1.00000000 -5.42457872 1.91051604
0.00000000 0.00000000 0.00000000 0.00000000 0.00000000 0.00000000 0.00000000 0.00000000 0.00000000 0.00000000 0.00000000 0.00000000 0.00000000 0.00000000 0.00000000 0.00000000 0.00000000 0.00000000 0.00000000 0.00000000 0.00000000 0.00000000 0.00000000 0.00000000 0.00000000 0.00000000 0.00000000 0.00000000 0.00000000 0.00000000 0.00000000 0.00000000 0.00000000 0.00000000 0.00000000 0.00000000 0.00000000 0.00000000 0.00000000 0.00000000 0.00000000 0.00000000 0.00000000 0.00000000 0.00000000 0.00000000 0.00000000 0.00000000 0.00000000 0.00000000 0.00000000 0.00000000 0.00000000 0.00000000 0.00000000 0.00000000 0.00000000 0.00000000 0.00000000 0.00000000 0.00000000 0.00000000 0.00000000 0.00000000 0.00000000 0.00000000 0.00000000 0.00000000 0.00000000 0.00000000 0.00000000 0.00000000 0.00000000 0.00000000 0.00000000 0.00000000 0.00000000 0.00000000 0.00000000 0.00000000 0.00000000 0.00000000 0.00000000 0.00000000 0.00000000 0.00000000 0.00000000 0.00000000 0.00000000 0.00000000 0.00000000 0.00000000 0.00000000 0.00000000 0.00000000 0.00000000 0.00000000 0.00000000 1.00000000 1.60540178
0.00000000 0.00000000 0.00000000 0.00000000 0.00000000 0.00000000 0.00000000 0.00000000 0.00000000 0.00000000 0.00000000 0.00000000 0.00000000 0.00000000 0.00000000 0.00000000 0.00000000 0.00000000 0.00000000 0.00000000 0.00000000 0.00000000 0.00000000 0.00000000 0.00000000 0.00000000 0.00000000 0.00000000 0.00000000 0.00000000 0.00000000 0.00000000 0.00000000 0.00000000 0.00000000 0.00000000 0.00000000 0.00000000 0.00000000 0.00000000 0.00000000 0.00000000 0.00000000 0.00000000 0.00000000 0.00000000 0.00000000 0.00000000 0.00000000 0.00000000 0.00000000 0.00000000 0.00000000 0.00000000 0.00000000 0.00000000 0.00000000 0.00000000 0.00000000 0.00000000 0.00000000 0.00000000 0.00000000 0.00000000 0.00000000 0.00000000 0.00000000 0.00000000 0.00000000 0.00000000 0.00000000 0.00000000 0.00000000 0.00000000 0.00000000 0.00000000 0.00000000 0.00000000 0.00000000 0.00000000 0.00000000 0.00000000 0.00000000 0.00000000 0.00000000 0.00000000 0.00000000 0.00000000 0.00000000 0.00000000 0.00000000 0.00000000 0.00000000 0.00000000 0.00000000 0.00000000 0.00000000 0.00000000 0.00000000 1.00000000
