36.41971319 29.74402827 -73.80189378 68.00962463 -82.25970058 -91.10175149 -36.42559131 -42.03480913 24.24654219 32.32003601 83.63359091 51.32763346 68.41025266 -62.95662754 11.79307419 61.89961165 45.01405836 3.26045892 15.03467013 85.14186980 -51.49713508 40.99867757 -53.36861542 55.35526842 -3.67240377 39.31801356 52.86001098 41.59281076 42.85943372 37.18587514 31.92802264 -29.26313837 59.40804837 32.46030467 52.00103689 -88.56663101 -89.41622574 -94.94371310 24.60175664 29.76908925 -98.94717785 34.16353029 74.32202497 -2.89158186 3.63641783 -22.11852683 -54.53320643 0.69380372 -83.09285703 -92.09425719 -20.69275318 -67.89260939 29.63729257 -40.83147411 -74.71134511 96.84383176 -20.44258499 -86.99433309 40.84790530 -5.05813302 -49.37751249 45.40541209 -76.19060191 77.88463515 -2.40713840 39.37962852 25.89654882 -63.51117656 91.54292065 -45.05643462 -6.49945027 -25.64836628 -52.25177703 10.70823218 93.17785265 -51.54274955 25.29567426 54.41846989 -16.85558640 -16.88421139 26.05133263 89.97167731 88.73773244 -16.00512645 86.34515510 70.03930748 12.15898644 50.17369074 -30.87397542 35.13086572 93.04633637 13.97139156 -58.35524307 24.59297835 67.01635294 50.65907339 42.30971515 16.29240936 5.25420685 -84.63888068
-46.52301455 51.89318103 66.02427709 -8.01993782 -19.23915058 -45.70579739 82.67650848 -72.70752739 0.02780530 84.37941655 83.53632398 93.39872274 87.45513523 21.56581790 20.43713876 30.34875940 -83.53233979 -95.23123250 -46.00624510 97.84557785 70.79546848 3.24528086 19.05874464 66.26543497 63.29173487 2.96889168 68.57835987 -55.97652659 36.80160057 96.82168429 -55.78969066 -48.92491006 75.96065926 6.67269185 -93.78364597 3.01097698 65.46085490 46.05336632 36.45164037 55.84347561 57.71320142 -53.06258799 -9.66728002 -17.82976646 2.88291000 -56.67297276 53.75742217 65.55603814 -54.68827398 92.74215317 -49.82930870 15.75514020 6.38336447 66.58459879 -0.68143663 11.58935844 97.91723026 -34.75630554 99.64212361 -32.37140154 -33.59660219 4.10843961 65.19260087 -92.74854977 -47.44027231 6.82454888 -47.95958883 -8.97408860 58.12458510 -37.26670194 -55.44383786 18.02957230 -8.16490135 -93.38201295 37.82930173 54.20051470 14.27769261 43.66844876 69.20378710 -84.05409807 -6.15535490 39.19257796 -79.36307661 -37.68948050 -4.41695131 23.87821664 -8.88960376 -63.92632196 -22.19359600 -37.00892664 72.44863127 -51.76412809 81.35141723 81.84446478 -36.65815343 62.75637298 71.79185650 90.83360807 69.47028166 92.51142719
61.23217823 -88.63492384 45.31605430 -27.26729803 50.31754117 -10.30342177 56.65337117 -13.42315185 -79.17889894 -49.43706176 -24.05077174 2.57258712 36.68476740 33.38329166 -18.56387810 -65.44063489 -94.53624250 -21.77874828 84.57941921 -80.66429340 85.95015959 -40.64579016 -31.21094906 35.21074067 -31.10585794 -15.95130180 -71.43853750 -32.42125897 4.96014279 -15.89521763 -9.17350111 -56.10768391 -67.89164951 17.57900745 31.39400393 76.11671918 -63.60104710 81.20666051 -35.17076262 26.66987261 -63.12501392 -61.76452437 -28.61034566 -93.75005100 67.46133779 -41.83473726 -11.30874886 -91.51795662 80.95676385 -16.13801477 39.82753861 55.72215342 -70.34554877 -71.89954743 33.42068184 78.93492057 66.65572988 -82.33017875 -22.36251467 -70.31883237 -99.27646385 -35.26948916 78.42927431 28.25662034 -40.86115906 59.62467236 -54.29768192 20.96112207 81.64468281 -23.81916062 -69.77168146 26.98543916 -18.93358913 -45.31493485 -7.69819368 -22.10735252 -65.21309175 87.67420012 -34.73871011 -4.50226079 5.43630919 -21.13890474 -45.46661150 -61.44353703 89.77411436 78.18007094 -13.68651498 34.07962112 43.18146152 -88.26185708 -48.63273827 84.10366222 88.89345785 31.50788959 46.92719594 41.39899079 -90.34531787 42.65476966 -97.33153021 82.17201942
-74.08780223 -52.83499702 85.92246645 34.61394423 40.22248466 -95.88698999 93.28620217 -89.93598919 80.41889018 -32.61501529 91.81757132 3.57310001 -21.52131891 -67.18987281 -76.34490104 -33.91610826 -98.71323570 62.50528106 78.31152802 -35.61801816 69.14633546 90.24565817 -33.23080146 77.47504382 31.63611778 46.38987432 43.91431857 -20.94220761 95.50316893 -29.90255293 58.72209845 -77.43364018 -63.13223978 70.13946457 58.67135991 -97.25208757 -91.70521020 -32.46240842 -30.93820495 22.94690893 -92.45458231 10.24483530 -8.40614228 -13.93164151 -15.86943441 4.98731846 44.24723932 -54.23453124 83.07757552 -34.20848491 -86.82011363 98.09320913 -75.38497488 -45.84729066 -80.68737643 82.41738927 35.65792473 71.42654997 -59.58191836 50.07066075 1.99413062 26.34173616 -58.65047322 22.56312466 -36.61280482 -81.91644419 31.87495638 66.70237144 -68.30729742 -93.30980834 -80.32595029 -11.78467840 23.04981273 10.47278702 -51.95484658 58.79854069 -8.33046813 51.97052667 7.25027185 9.05233970 17.57786577 -9.81679510 35.18959943 -22.50091015 -27.68694589 -77.24403612 -20.66870118 -47.04010527 48.89422586 66.92009927 -64.60552490 -95.01649467 -69.20592059 24.52834298 -56.44864590 75.55719966 -36.57057568 47.23296896 67.59194572 -48.59275673
89.24016266 31.32701790 65.98794601 -79.86163198 57.51835497 -54.36543348 64.67643466 -55.59289507 -11.42538302 42.87999734 -77.14830806 9.49098256 83.25599448 50.67882024 96.60388856 -60.37488974 72.00478805 -92.65907476 62.72457176 93.23619833 67.94486607 -91.42465955 55.05027537 74.35118703 78.71141744 27.54986205 -29.52131937 -49.52173023 -87.29890107 -21.79128273 79.07635860 -97.59739703 0.86886794 70.09396171 22.94408422 12.15860708 -6.73644706 -35.37391023 -40.47669934 9.35472635 -60.78561703 -31.90504459 51.65896443 -31.05685699 -50.27343768 9.37476243 56.17227672 -84.19188487 -83.88572229 83.48971918 71.13744287 24.46048999 9.34987617 33.59967862 38.49017073 48.87407522 83.32494750 -98.97730882 47.91403288 -88.53691170 -74.87914827 -60.68836193 -6.68070333 39.46118134 -68.49461393 47.44127425 33.85447984 81.31287807 -45.47415767 -36.09458961 92.07293879 -35.53122878 -2.70317454 -40.63998952 0.66844634 -82.72047636 -30.24054888 50.87764799 83.54186904 -51.53574069 -94.47740499 35.98535911 10.62159638 -40.08802509 62.55476213 -96.65193448 74.60769575 53.61750230 86.21074370 95.81101155 64.54567225 88.20501699 29.64767927 -12.99428061 -20.59410921 -95.29719382 63.44523026 -24.26073071 59.69760371 -72.08903959
1.09378741 -39.14145628 -77.89574302 -67.71698288 40.28659215 -6.47820229 66.64533031 -53.45757363 6.31488061 61.14907813 28.59231192 -14.04023699 32.26690557 -72.34067064 -33.14758538 -44.67508051 -63.70833476 -74.37406546 80.82114252 36.35873300 -99.60333566 5.11416372 62.66925456 -97.89030422 19.04405903 11.89228838 -70.07888427 -24.21572816 -14.85382564 15.01039259 -98.10542432 37.28957052 -14.23912707 89.56101400 -10.42698515 28.41723127 54.74196753 -43.59548232 67.00124997 -14.61093244 -48.34588525 3.39563000 -25.57756458 -16.65354577 69.77753767 45.58747586 73.05543979 -63.51481769 31.99471236 -42.37418550 -89.02677215 13.02800985 54.19335215 -19.25227864 -91.03091383 -10.99094180 -42.77783374 -36.74606798 65.68563099 -79.23915694 -90.65519409 -5.03330635 -64.59328113 52.51318249 49.57240224 63.16857893 -94.59852987 -35.88454591 94.86276654 89.91088764 -45.84427018 12.71760057 21.35886229 1.02610896 -24.34774772 46.58281843 -73.40721525 34.15936387 -41.91657298 -75.20475605 8.86514568 61.00081326 61.51920662 -52.48653840 87.49187434 59.92723073 90.53325591 78.08984111 11.79018135 -83.84150859 -17.96989069 -57.56551366 84.88791892 -39.36770276 97.37524530 4.14909440 -88.45574579 -54.13190528 77.74902610 23.02083209
-77.71542995 -75.08722963 -25.35838291 52.45853000 38.49009361 44.65087537 -47.39981768 45.34648069 44.35853073 -52.91084847 -49.23862176 -40.03489299 89.53800153 -63.01015708 -65.87147423 -95.02661090 -73.31720896 63.37168951 -9.27145240 39.56931708 88.22149336 20.46454959 72.76697065 70.19193566 -23.38396393 -46.59715315 -70.76732229 5.92563247 36.03150091 91.65461720 -7.52187073 -68.93402084 21.27639928 53.60485052 98.29141336 30.67837081 27.33056030 18.60801597 -72.78174483 54.18950144 -73.66449166 -97.98533365 -29.59204390 -44.11872883 0.90335784 46.43196433 66.97778889 -22.03635937 -62.05332821 28.48678997 -27.14960616 -18.42082730 68.61067289 -73.17605539 -11.74012981 -22.32741828 17.39346139 40.39999580 -96.77934881 -31.67257987 -96.75313133 84.15501717 68.34188475 20.26374278 -24.75793319 -70.27824135 -99.22341489 83.99008414 -45.61599002 19.20594566 -26.08688902 -94.54583014 -86.90111134 -0.94230579 22.04443799 49.34726481 75.82450713 64.06443898 -10.03053821 96.71180548 -40.78629149 -56.98152006 -66.55012303 14.54723329 -51.34713382 9.43863886 99.02136031 -24.35732075 -72.15551169 14.69504460 -31.12337369 47.47674464 37.61717889 84.66841159 44.03122939 -60.74565117 72.81371731 21.56313309 -43.24578941 -50.51178482
-84.03788160 47.80730850 60.98816509 -63.79028338 -16.25740925 -45.06852121 8.16115835 84.94784551 -75.65985188 -22.54627452 34.02977057 -72.00677377 -77.53480060 27.20782172 -84.65878995 37.57708195 14.32919427 -33.64092193 21.63989411 33.39143503 -87.91281215 -90.27161796 -65.64273354 -18.24930400 14.84323316 -62.87574449 -16.83238982 33.03768448 45.71646313 23.12448752 52.62411367 40.13609334 5.79605194 39.73094622 -68.64783006 -41.07443231 -3.41719715 -62.23921629 -63.28900073 82.91387029 -80.39373290 -52.90667413 -90.37219338 -30.59814650 -6.83421548 52.70966051 -78.08204037 64.66155935 -37.38459613 34.99774721 71.18034115 -67.80255602 18.73895284 89.92400935 90.05511031 -21.61300247 -10.87639390 -89.29227922 -19.12739841 -75.68102871 -50.66518362 79.16250755 -60.39777558 65.89385234 -20.81856374 -82.45680265 -83.75092904 -7.65916912 -28.33601342 -68.04373587 -20.33253980 -67.25343158 -20.93938423 -68.54932125 -77.07501520 -83.15959490 23.36008178 33.65395274 51.70260477 -48.19936115 -17.46606516 -22.09461009 50.91287361 -26.10918672 -95.35569516 -96.82092239 -67.50345414 -40.46039374 -45.63711928 57.68056920 40.27341531 37.30153646 -59.60013227 -42.06502022 -72.79392962 -83.65100599 45.13127412 -89.98455622 87.29725233 -10.15524856
-24.67689787 -63.23921060 -57.07721461 -91.10876816 70.25198905 -76.37695636 -42.78241525 18.41238689 -95.68076294 42.75914773 -61.91598757 -31.03483920 -68.82325892 -12.36292902 48.59100963 50.55658080 -67.47295860 28.73131196 -42.64556049 82.86122420 5.82228005 -41.98891976 -4.54102125 35.17787176 15.26479242 99.74782771 90.46474788 -88.43551327 -53.05982442 -17.38249253 63.06214114 -68.49388504 90.39346001 -82.77739518 86.23380966 13.38749636 30.99465650 -52.66461594 81.52827491 -49.44849718 37.03345892 54.02360711 -58.99250883 -76.62388213 31.88066972 88.30926776 -61.55087233 -51.17393733 5.94889834 -53.83621718 47.51422730 -97.97561876 61.30650772 -9.61099545 47.34442135 -23.55199456 -78.01633008 98.70849565 -6.26130646 -7.85603555 -66.64818294 -18.18847551 93.54396422 60.54282553 96.63825174 -21.80546237 41.84689684 93.85384175 96.42542253 51.63250174 76.95320505 -76.05036727 -30.66937821 -24.96085048 41.35087697 -91.64504504 71.96389115 -46.59476225 87.62502525 16.87986405 93.14747041 82.19543612 -30.91375806 -51.60564651 -14.70843446 -33.29781193 54.61177188 49.85482103 14.98049813 -16.62105480 52.46722440 -84.32539786 68.85821885 31.78799514 -29.82309755 -48.00135637 -98.79114855 68.12125312 2.54334213 25.15937801
81.33486414 -97.31973801 84.76319463 65.67290604 28.80380780 -1.40133418 -83.18875460 86.30166027 3.44526998 29.16106557 -78.13815174 8.26038446 -74.60049741 7.41127748 36.61325563 -12.31843533 35.47048417 42.61024347 -46.37927042 -85.63715186 -76.01747999 89.57205047 20.69136531 85.27580869 -26.23218586 -87.74282651 32.36525194 -93.54112563 -67.12904493 24.35332025 -62.51650564 42.33655720 -67.20174283 70.24616583 -88.61710633 96.44422044 -0.06022591 -25.17164941 -97.98930998 -21.33156302 -81.68599823 32.72320208 -37.87991290 -38.76043846 -34.63669055 -53.93544450 -69.28478164 -26.73548567 38.95868460 -68.02517476 85.50273274 27.08521686 95.82950460 -70.11627693 -74.03478553 69.99022168 0.52329082 -0.08422703 -60.68588344 -84.07991557 27.24288336 20.03964189 -57.03312334 -41.38147360 -37.56952685 76.72597756 -39.75991932 70.53758566 -70.32304767 57.43256312 -16.85714001 21.10085201 8.83259604 -19.85016713 74.25774456 34.56972988 74.14748279 -61.61527949 62.11918486 -71.46492314 61.04435592 -74.32972541 -30.07349824 -39.54755587 88.16266614 51.46240490 63.65787630 33.30573014 3.27336846 -78.24737561 -95.03949330 13.88577063 50.09071741 9.03978596 -63.29127347 84.66066741 15.32332853 -56.80097121 88.84444655 78.52077249
-9.68404357 11.68386137 -77.95481757 -50.66460636 -8.20530943 -15.80658287 -60.78291370 -52.50665918 85.58200281 -46.81760866 65.45274667 5.08972136 20.26007925 70.04172174 -25.39129687 -29.20285074 59.82749017 -75.27820815 -74.16410844 67.72892695 82.60125046 71.49096225 97.72054637 -75.89440019 35.84579939 -12.09867866 -62.54067688 78.94162467 4.89659165 25.27196421 -94.32623028 -6.08417987 42.04895525 -50.98408941 -86.62275249 58.83321185 25.64042630 -33.16930175 -20.39082201 -26.11158656 -37.62319488 85.54151884 62.06775627 78.37235125 -1.59333898 80.73327272 -55.63415605 -85.03042114 -12.20559502 69.55949393 -49.33993810 -0.21995064 -95.18765602 -83.81226296 -85.16403362 -67.90098151 -37.78520166 52.21449666 69.38794944 93.58935243 -23.42711719 -25.46368561 41.72629155 71.92147850 47.03812309 44.42021797 9.11899871 -65.54491749 -50.23138685 -35.96836786 97.56572726 -62.57314183 69.95326580 -71.71839988 -49.37492635 -22.59267124 -5.45628495 51.53118712 -60.90447258 -60.58219365 -80.32946619 -42.92867506 -89.41229997 -47.61915257 37.86216089 -8.26119052 64.38722184 90.91772344 -5.36741146 -27.76544527 -85.10133883 -7.38960252 27.91914038 99.97909933 -13.84846059 -67.13095739 -16.18089254 42.82022037 -30.82405269 3.61964002
51.56570477 -42.27519521 73.76947601 -71.24746348 40.63680300 -82.98719358 45.32808379 6.58031341 9.25861005 -57.13135206 7.49253370 75.41609821 67.47925423 74.57332675 -58.73777191 30.24511500 33.72251391 47.30023374 -37.31591195 47.77024840 88.85758199 -51.29716591 8.62086772 83.38741078 -0.74899692 68.09809620 -55.38176600 24.80961104 -50.58502985 72.44610384 30.36004756 -35.38475903 30.18558070 -85.15864809 -63.54913278 97.96036846 74.70384098 -4.70206725 79.04647196 28.86985252 -15.41833009 -84.80495353 -12.27070359 -73.46521278 70.59064896 10.64381918 60.91019318 -48.71286393 -15.86798599 -54.77914761 66.06094230 64.65892100 -22.80935916 8.03757200 -83.86185969 14.84260340 21.07699420 -28.39956392 -33.85135335 47.23062423 74.05615140 69.22801472 52.04497382 92.17067878 62.58881056 -62.88774663 -76.86775464 99.63421337 31.90816053 -60.18545401 -44.80137443 92.25853863 2.47773678 -94.46439299 45.53821393 43.97550670 -49.48718514 56.32854126 41.85794680 83.50624864 89.55445094 -6.57198880 68.16798764 50.01744593 -47.44175109 -88.68417248 86.77053664 82.89739915 60.17769069 80.74698198 91.48095352 -13.80520653 -23.32280921 -61.60780218 16.78246944 3.20700536 93.97388259 36.00793704 82.21613747 -29.33028272
-77.85431081 33.99875809 -89.49118104 -16.20750414 54.80399249 -34.67902502 50.57729392 -32.79802889 -75.27903052 76.70755806 41.30916362 -43.31555936 -68.96915242 -98.60711251 67.29573594 56.99634622 52.49005749 61.98623658 14.76267484 -18.34046932 89.61321584 60.94336004 95.89649872 -48.44703760 80.31033934 85.35810937 -85.53249935 51.96949212 6.38979817 -26.10980584 -38.12661887 -43.48903172 4.98840139 17.62696027 75.37903930 22.24107226 1.01566458 49.82239696 3.84060466 -63.38976995 -9.57389185 -94.07816406 -97.40508410 69.56203227 11.84948520 -73.97406175 -21.02885836 -29.96441024 21.81826078 11.94683650 20.97976325 -23.31259577 21.31859553 -4.74036654 35.07292657 55.02458559 49.33350941 -4.83635796 -87.34149274 72.04197951 79.11587557 92.91368952 -94.17292299 -97.92311122 -83.95155478 -57.61152531 62.19008837 79.12768444 70.23317025 -98.39586425 82.48903974 20.42936908 16.32233683 33.01015144 -26.15099759 80.41921327 3.42159860 95.65769475 85.35818819 43.81721532 64.77984423 80.05854095 -86.97192296 -25.87149565 -4.59977056 -7.60527821 -90.33743471 40.59680775 -90.24778087 -45.08438301 -48.21046009 -87.01113108 94.87875486 89.12097337 -77.77661275 30.57591608 -92.77444656 -84.48541862 63.42278548 17.90027689
-79.15669759 53.78562831 -5.90593204 80.03993692 62.70033352 -83.60401614 55.43176486 17.22686885 81.83802843 50.51365502 -9.70195087 57.01957429 -44.70448736 48.69979378 -88.40991947 -56.81951865 10.98090965 4.71041940 84.11893210 -52.72270367 -99.85745878 -68.32283845 84.90886863 38.84807574 17.45780170 23.65349939 -82.16427939 28.79313308 -2.82528338 -72.65651814 12.97050980 -5.41513142 37.74861514 29.70698424 -52.34934681 3.03737791 58.47652059 -64.17741951 -58.10554335 10.76315754 43.84717671 -74.52394571 91.70109189 19.63612829 10.17820268 -14.98618309 -94.50245779 75.47737084 -34.86474575 -0.31263440 84.91014710 24.58077478 -50.42321690 14.56627548 -54.80026657 -8.12205484 -90.02671726 -74.69141704 93.86558523 67.95636580 65.93019658 -54.13472803 -84.85147129 -55.79605713 -56.55342106 -3.63247297 -14.22727897 -38.41289508 80.56489235 -0.89293186 -68.53345477 10.62944786 15.40766877 90.14688805 -4.97039684 -47.61527043 -1.80549283 -59.88025050 93.96761884 -81.49156365 31.84721863 4.94008732 40.57835110 18.04605161 18.26729712 31.04511174 -46.05819323 77.45723001 -3.90878289 -22.86923150 93.66815586 98.67532084 95.95282437 2.22047074 77.96605891 72.38878246 49.66174642 63.52490479 86.06131822 -96.16776456
43.27661217 -73.54382246 -50.34917025 73.65193642 56.48324031 62.74754070 8.52794339 51.10189546 12.84392840 -64.73115459 -16.80018058 18.28926102 -75.80841489 -44.27810318 -69.94448915 9.43400692 97.40518248 -65.14899763 -65.16410549 -2.22094285 67.19818933 -84.03675663 84.04465438 -79.50105339 -71.13305661 57.45598811 -88.80210164 -36.10324333 14.06209105 12.17715102 -15.00655607 -73.61815048 -21.53344697 92.69547363 -8.76367168 87.99623905 14.06248097 8.34102159 -48.65262386 28.65539857 70.41675170 -10.23876078 49.53838022 95.36606938 80.30819542 65.00950479 -89.00149844 55.44152776 -52.93183019 1.91358056 10.54990684 60.95221625 -72.53391046 -18.29554174 67.35269337 51.08658637 45.96421625 -76.43620328 -41.73532198 -73.26149816 -17.59530155 -75.50505201 -54.41000709 69.15062440 84.58791593 61.94220364 79.91701838 15.63351126 70.48196048 21.37572083 -9.56957829 2.69889240 -21.94805203 -49.59329970 40.48670388 77.89262265 15.54215155 1.13549027 98.38812024 -28.71029673 67.32396638 58.58274340 52.20664586 66.52900752 34.17471068 6.19131538 -50.33648991 -73.94697757 -23.26141194 -17.30964574 91.59849643 -18.61658444 -21.96598049 -73.14570345 82.69489005 -22.56336527 -87.43506319 37.15708024 -10.54839807 -55.50026807
8.92468242 15.66194979 -79.79918019 68.24205920 26.36023706 17.76697580 54.39363995 -34.66890078 -83.30422172 55.28554677 -83.58464620 81.61988708 15.78582026 43.38544126 -14.72321477 99.21549661 -99.52398672 -12.79500433 89.95581309 -86.90041177 -24.06646630 40.15814813 -8.60681710 32.24332698 4.16471609 37.75218169 8.49205330 13.42121300 6.70353874 80.66903498 84.46182449 44.62683535 81.82458809 62.25144272 -38.51640451 56.72691730 7.79171518 70.37352986 54.45624329 80.24267363 -86.96064809 14.28425339 97.72649487 86.07566943 -40.09984283 -56.37624751 95.20924488 63.99695882 -71.12509771 62.60344513 43.97569937 -61.42503354 -56.86808012 98.72949509 -73.80783987 -22.31701014 -19.06993202 85.87511944 32.16894417 14.66049166 62.46795837 -0.29737458 41.06711590 49.66524821 -71.78450715 65.10543307 -59.78535545 57.56943944 12.60540923 65.81481324 -36.76544618 25.22126039 -80.62142612 -22.49268337 -5.19847057 49.30695838 5.35347116 5.08051151 13.79512491 -47.04894753 -75.35893599 30.91941933 90.58479691 -15.62757655 -39.26470585 75.40688848 -84.68230008 1.47792875 6.94167832 -39.85129647 73.10004846 42.00907792 46.57669053 -98.61572359 76.85774427 -28.01755996 -1.85042686 -72.99259267 -67.05995662 -40.41638726
-68.54221051 61.84687345 -59.47877203 -83.06282959 76.89707034 -8.10967005 -58.60720096 -16.13226313 22.76459579 -37.59294933 -49.40919908 -61.00521821 47.57143325 97.92665359 -7.68245014 -54.54010326 -70.71636805 99.33958708 -85.11305557 94.91063325 12.53680808 1.93109764 35.44304392 62.87613868 36.40415535 32.75450258 78.48135561 -18.96944873 -60.32724778 -13.28205324 -67.89896949 -11.48948393 -46.91449107 75.63885619 -41.22535177 -32.66096527 -3.58898945 -98.30743840 -51.51137694 -90.47529096 23.07114016 74.31369811 40.36957969 -33.85563403 -58.46273449 26.63078475 -60.08117115 -19.96358356 -19.94204975 82.82834355 -92.44618923 -2.39444935 91.02669936 -74.95798131 -59.79473098 79.79408071 67.35537984 -20.13328707 83.54622541 -38.18016160 59.54411087 5.35414107 -43.48034994 85.87435242 -2.07664615 31.57036825 -60.07493924 40.86460829 40.81307558 34.33032481 -44.41156547 -10.46867884 88.54403544 -49.48204651 10.02565506 52.18009731 -23.28065301 -62.76004163 -83.77306181 38.19901411 86.71397397 -82.81840919 76.31949060 97.00574504 39.45189429 71.02708870 -34.97496277 -6.26982186 22.47089950 83.64640671 19.72050574 -33.95698234 95.25623832 -41.30847593 -1.52758897 -18.39384928 -67.28509137 22.14041182 32.89091528 -25.27828801
-63.32019987 -62.62589371 -94.49405964 48.01170556 -33.61133174 43.04152510 -71.10765344 54.66938556 87.58198890 -8.24587922 -67.75086745 5.53677397 77.34430666 -26.08693442 -65.92288748 12.74337601 27.42312851 7.78465497 -89.68630699 -56.47095173 66.63878774 -42.11762787 15.32979398 -73.94524894 95.15373588 -54.56348201 58.79657864 -22.99901351 -90.65370459 -37.98705713 -83.93484675 -32.74244019 33.47995828 -21.48553067 -68.26409672 -77.13201141 -30.69068199 58.40298779 -95.45623265 -87.90654670 -14.11368917 0.34794418 -9.80066740 50.13320561 73.57519990 -21.34876866 51.24998374 -87.82875871 25.21974959 0.71765683 -58.72073217 51.51031304 77.34143310 -87.11362184 -61.52072842 67.65217185 -80.98810451 -11.53082475 74.23999362 -24.88528440 66.24162093 96.10431802 -5.16538011 -85.77042321 -37.49003669 23.30819739 17.00616701 -68.52962284 -22.25123057 83.17188326 85.10711814 -50.43381793 87.60365364 -15.18270978 70.87589044 27.34879444 -45.20072458 67.93272424 13.48167867 85.85631465 93.66655246 -89.35978789 -26.04734943 -79.36292779 62.24040084 -86.82426666 -18.63165880 28.90712308 19.16601448 -11.73159785 82.95680206 17.67929794 -39.30587112 -16.07399865 75.95369241 13.11839133 24.02345750 86.67206240 45.82049278 3.00931232
-63.63016174 -18.78319124 90.22516587 -74.65887431 -39.82168293 95.36499120 35.41201497 99.34935727 -44.75800168 68.93964028 -90.13266921 -94.99622451 -31.95299165 83.86436375 69.14923298 26.10650840 85.08371612 -98.88052565 22.71015725 21.59723068 -19.44015598 -53.88525316 -87.84893733 -0.75676542 -90.15963112 -76.42368156 64.57350920 -70.92414400 89.64431459 28.02438872 83.67732552 -32.37839734 -90.73218608 81.30535124 -66.64796786 48.49585051 15.78733544 -31.18483402 7.22371603 -50.76396199 -6.92116714 33.56467434 -68.03736940 18.50385405 -19.45457524 80.26505427 79.11503009 -59.18142644 33.26505501 2.87037409 63.43031780 -14.76553083 47.88723549 -9.60890263 -6.44694280 5.69673495 -68.38485741 -20.90377727 -71.95493004 -54.65860718 73.30767582 39.65433523 82.12387734 -62.53729802 38.30011016 34.63420386 24.18331083 -76.44216723 96.78585375 -96.42726614 -73.31848582 80.31180821 -11.16968864 32.26185009 24.18231390 1.06165763 43.68138314 95.67528010 61.25661508 -98.44517129 -88.26822349 35.25682882 73.02730241 61.57881808 -75.60477041 -38.21769431 96.97835589 17.98049854 44.39579031 -97.74677015 93.20806633 -94.58904833 -18.98823888 -78.85597785 -20.19904702 24.64923834 -88.83512954 -44.22291151 -32.40677101 59.87491345
64.64309942 -56.96297609 8.24212955 67.44317422 4.14211188 -98.89409339 74.56761892 71.10453188 80.95737463 63.56772827 44.48901546 -62.86210131 -15.02494112 85.55834178 -6.29410222 -89.01191202 -6.45162020 -85.90699781 51.94100417 -47.40953234 -47.88683194 -29.74964497 -77.47566313 36.34572365 -96.64531042 54.87626822 79.70730081 -84.45637769 71.96706911 -63.48690928 -61.40612645 56.83034685 99.32807427 -19.51281112 -46.60810788 52.62316135 62.27934588 45.12462431 -87.38668228 -92.33149648 29.32536667 45.04952832 -96.61107479 72.19665109 91.09740749 76.72613148 38.23202768 74.49654347 97.94447103 -1.85472628 72.16526989 -54.14348276 57.61714207 -85.57875393 -84.42141362 78.08647760 -79.39643785 -69.11722072 99.21989251 78.22419911 53.06298019 66.00251441 -90.32269725 -98.05761103 -23.68868434 75.12110915 -66.44113691 -30.91053293 -18.19257123 51.03344969 -22.96873703 34.96854425 -76.22497002 61.00925019 -53.04215925 -46.52122875 99.86548692 -99.19684918 30.46069825 62.78743815 17.59858070 5.91573391 24.33144615 -82.78568321 -72.71799122 55.13035267 -70.25099630 -10.45807554 -89.98814938 -49.96733626 45.71148521 57.04354256 87.24953270 -39.15317998 28.69908530 74.39488461 -6.22728930 58.65136585 75.61645209 -56.75634468
-12.44009024 -1.63751646 -97.60838645 -99.13391570 53.02611072 67.95072949 78.60936180 66.02563562 35.55478718 -52.39735981 20.77378226 98.51050559 9.17849442 87.47386577 5.35255299 -50.49107706 46.30677207 -97.13252033 62.98969254 -76.71184810 84.69715274 96.38193120 -77.38431398 -44.03881844 -67.27502465 -68.81826882 73.76032701 -64.71253497 -32.43543062 5.81169659 -49.09184473 -24.46027692 -75.77698307 -84.88986604 66.69693894 -17.57676144 -50.69048892 -38.00386740 83.25813669 91.62739302 -12.40574557 56.05653685 -84.59487512 -2.80094063 83.93951292 -73.95636150 15.58044508 59.92040166 -3.46991943 19.85720105 46.97899306 45.77932309 -56.11802993 95.25402917 18.83571687 50.59738599 61.09543776 79.76125878 10.00428427 -78.63913255 62.61514515 73.39115708 7.13166733 71.33148334 -0.45091373 12.56226081 -69.89895697 -56.76634120 2.75465452 -13.56921919 -75.81424234 -28.45073928 -6.28241751 -90.33373808 -9.19865494 -80.64282617 82.45051707 88.95828830 -20.57975416 56.59645556 -29.67676536 -59.18655534 8.13305088 89.71201171 -13.92376145 -94.83570721 62.14754007 -55.43093470 -2.25563528 33.89395358 -89.07352886 -9.56679912 97.06013753 -36.56445797 -78.20511948 -61.88983440 -96.33261602 98.48019275 -73.15426808 59.28410358
-4.26117189 -51.16324896 83.53712986 56.34373394 -68.19519186 28.47827067 98.35970720 34.55245650 -56.54300598 -73.26564630 37.97144052 -42.66612131 93.97289551 -36.41271479 -3.21801514 -38.84688745 -49.83630961 32.55199692 -34.80748304 12.21334478 91.79528655 -65.12678425 -96.83886773 -21.61238176 59.17557267 10.33261753 -39.52611458 16.62730042 -41.11175984 27.68669259 -91.78366161 -21.84578148 -69.79353178 52.27862452 -13.32581602 60.41470412 -10.43983403 52.50385003 56.62843224 -1.94763883 42.62258817 -23.81853504 72.25024657 27.48919535 -80.52525712 -52.07200399 -4.59274326 -86.93995631 -93.99920848 -7.28850906 40.29892629 -76.80453567 -84.35174515 29.58806238 28.77637419 15.61099684 -47.12557310 29.14865387 -98.72627777 -43.86405339 64.07498059 -20.54765122 -9.34039376 -10.59572725 32.55787519 -63.65301606 -83.62727100 55.00429180 -75.72835805 28.74925681 24.06100368 30.21838737 -79.66444530 -57.53305844 -64.91019959 15.40668809 -21.53973229 6.86839651 98.48604097 0.68197207 98.78403798 -62.29767325 -14.61216760 71.57026850 44.46225479 -62.91502697 -67.34405042 22.78456323 -90.68180314 -70.47286151 -58.01121923 61.98727694 -38.59398109 -95.27007716 95.79299311 -58.96590228 91.24001239 57.86459571 97.73664869 -24.74135733
92.41168056 45.59279258 -74.42339175 58.46154054 -73.84391745 78.73514989 21.63386260 -13.30874508 91.01836709 -45.05578487 32.39883871 -56.62928858 -23.08480235 0.37172330 -12.18367085 -53.47842983 37.64093229 -74.11969241 -18.87923116 -40.27114976 59.64602597 -95.30605133 -92.90223784 59.63534428 84.92845193 -20.05573905 -91.57108714 49.80311059 33.95353311 40.19367778 -66.05456779 18.51019612 -98.27951613 50.64094169 4.16938681 1.28798989 -80.60659141 -99.33940249 57.54164221 -27.32461218 -8.88833546 -76.53623082 -26.62321608 77.10669146 88.81714597 12.32786592 86.03798159 -74.01481910 -16.76957960 53.79700280 21.32872291 52.87581882 -45.02925127 -23.49972700 29.98463336 -29.46816374 63.29858488 -57.97846676 -4.95761568 -68.19599735 13.62841503 43.84671021 58.31170455 83.27532678 91.11954039 97.38874425 47.82000168 -52.35049358 -95.64446788 70.96608600 -27.46004303 80.81626592 -77.27391698 47.80039190 15.98408087 98.52491375 43.11213480 39.18399337 -77.92696327 46.58302404 -20.86153362 -54.54130669 -14.06329397 83.45419472 80.54184593 -65.39813833 -95.91179485 -25.55786269 -11.24111605 85.51104053 73.22542862 -30.10761213 -40.54702058 60.15366157 47.06133802 -33.61354923 -13.47645466 78.64461617 -6.00502026 -86.97007713
-50.38742489 -21.98230562 11.01937462 -78.52137832 50.24879366 52.60348478 9.11003394 65.24053435 -60.87731195 95.63098260 10.04161177 -93.87748317 30.09275999 -31.28072283 21.19638757 -9.09995983 40.28866808 56.04487224 15.49517184 -76.06182010 -29.73897720 64.06307622 45.20464668 -74.96952262 93.45800943 77.01633758 -80.76214844 -40.98366208 40.84413601 -58.87878202 93.17914645 -75.05146278 -66.83041995 11.02790482 -65.53025699 34.13704326 -21.61407786 -11.91081713 67.56512054 93.00846663 80.00825639 82.95551422 60.89242439 53.77121605 -58.01733283 -7.45145465 90.63694243 20.99251542 16.13093316 -82.49250002 77.18990326 -9.26856738 -97.83339126 2.97913224 -46.08091956 -44.00174233 -76.37515755 -76.10132830 80.80647550 36.20797237 -26.79435914 -47.22410752 34.74229783 -70.14968471 88.25045731 47.89262967 -76.61912850 89.56639389 32.14503309 16.04615994 -92.61668602 98.60540189 -58.78504190 54.56123877 -92.64551641 -62.11011745 36.87797424 -17.87367982 10.34019828 -46.92401475 11.70578508 -48.53681710 11.89742814 19.39250190 3.80320053 71.62987548 67.56129686 24.18147054 39.63606507 -71.33802857 30.13166610 -35.61988037 60.73577471 46.65376272 72.10297100 -52.11645620 -16.29079153 91.58069233 -45.12274437 -43.75468745
-69.86432338 -76.33634055 44.11443283 -33.31766680 3.77540045 -14.11602884 -10.15895446 -75.13782104 -51.78418660 67.40075206 -59.81028404 -35.46263164 -55.27294928 35.05326347 25.54936805 -32.73782230 74.03534116 27.56014951 -3.07084016 -62.62632283 89.94027562 41.26194428 -35.14142485 60.57727238 -39.74100705 27.40067096 89.27692772 -3.34918820 1.26499461 63.10718371 27.69965533 -27.69183129 62.28235760 -26.38764539 -71.63293573 27.19608306 97.34041164 -26.30551750 -88.95476704 -74.95345154 -69.27226670 58.17561444 -48.44587893 26.04541023 -94.45334730 -35.74508416 -43.23612673 -58.28343988 88.68484422 81.31601436 -51.32581433 -0.57493755 77.77668992 -32.71182203 68.58720814 69.68703724 -29.23558827 45.64259314 62.06574137 -85.55056786 -77.61647541 -8.15343379 5.25100146 -69.85750323 92.01667032 14.67447703 17.63686243 62.64427425 -3.52237268 75.20972820 -73.13788302 91.49430499 53.11096039 -45.82015081 18.44596250 -34.72427814 -33.28235308 47.92917712 9.16047830 82.70071578 -7.83842814 68.78661992 -71.55220005 -11.69332838 -33.24607698 49.69588614 -23.75125203 -80.08994060 78.18780655 4.15195012 -42.02550063 -17.43468168 -78.08899185 16.66677862 -47.58316298 -39.38823585 31.38535019 -51.07812070 6.14207314 -23.87518530
60.99432383 -15.39781265 54.44164133 -3.90905336 -90.61264495 -50.28371080 14.21515169 7.38986360 35.67779290 82.44528349 45.56872333 36.28261793 58.81333848 1.77354100 52.43783716 -30.02431356 -88.79335462 -17.46605671 66.99353410 -75.51126368 94.52809244 26.09836110 33.31987471 28.99166523 68.96916267 -13.41711741 54.43230031 -71.02624968 -36.86269879 49.96519256 83.17260845 72.44210112 -37.68290729 -40.93240312 -47.26903375 -44.19700052 -14.37263674 -97.98752872 9.70671832 9.98734444 93.75893835 56.10636854 10.06891287 -92.76050856 38.27812989 -62.59706507 14.09567122 47.96775028 -52.46378696 -34.71426600 43.67784727 98.40090167 6.99014017 62.01247634 21.29452683 -12.55385619 29.96044117 -40.63632945 63.66242309 -19.90295088 -45.83130950 12.83860314 -13.29926838 -10.89198144 49.70787191 -8.82482358 -27.74080301 56.75866650 -65.26989708 23.55124715 -11.43960922 32.31066493 -43.38823050 25.52096161 -53.48992425 1.28627201 77.85819715 90.44093085 -35.48767137 52.83621200 94.20338517 -71.77999864 14.03979946 -99.50544706 -53.75756646 88.42600210 -77.94471321 83.89221932 -70.65369233 66.17092807 -58.40668185 -46.16488598 92.95837812 69.12753710 35.93999609 -34.01379171 24.19549511 25.26318623 -78.66116551 -56.14885645
-13.86233897 -66.99476589 -83.33732734 -8.86933485 -26.01929400 -24.47477364 60.80759044 61.04168142 -15.90061460 -15.60164489 41.29731864 58.70456374 -75.15434347 -54.53654771 -94.72360906 99.18522766 11.29019983 -40.65960241 -28.53420664 -44.72774000 -79.69949819 66.25319251 -40.72347909 -30.69470107 10.72765674 -86.18081084 -41.55482167 29.73868525 -92.82591389 -48.36514143 26.84558083 -5.87357530 -73.20433980 -75.25142567 -91.98104102 -60.34353479 -68.23036682 59.71462581 -49.58316919 -25.60938265 54.91085775 0.64884196 99.64377017 39.07394634 -54.36401043 -13.99201260 39.26838173 -97.52541022 -77.37908313 64.85008078 -89.09540811 31.85644778 87.96457933 -63.22603746 13.94150496 -47.87165964 40.95060464 4.19636593 59.56987846 34.38585952 31.16781197 -84.90717814 -12.41011423 96.68118897 59.03667693 97.29857670 77.31848527 -17.32599054 36.55029474 -15.58278358 93.88494507 -88.02660157 20.45385012 -63.49727528 -68.04621650 78.40414190 37.95958184 -0.64686334 5.36074619 84.46491699 -99.13953651 30.88273597 77.75401035 -84.07161400 -56.65072691 -23.52235850 52.13937432 74.40494891 -50.65819571 79.50986066 -64.25813614 84.85834395 99.34597680 -35.78489297 -60.31189946 14.43748931 87.09540237 88.14457084 -61.24265140 -25.41196272
-85.52388630 1.40009469 -35.61970961 49.49749547 -38.95646873 61.60852405 71.02178483 -43.50174070 68.05708793 -14.76614514 -25.28804118 11.77489733 -55.55573536 -99.32803224 -5.24083834 47.41407544 61.82230958 -2.27444283 81.43954980 -62.31614073 84.73402492 56.80127090 54.21654724 -43.01339779 -57.93965334 35.11848962 -34.47735951 37.96508058 41.22593949 20.22631124 22.56738709 9.75579526 29.68968517 3.03043903 -89.69688198 30.20299767 -61.47294572 16.88389128 8.47364183 -18.88686665 -52.90934404 -77.32404421 -13.30372945 70.54218261 32.29547673 19.41555042 -26.82897656 40.16665805 42.98125900 -38.34553563 35.26065932 -85.49613274 -78.87378162 25.03656007 -92.68898788 -84.06792190 -94.59673512 -91.48819767 -84.54489027 -99.20943561 91.16098434 86.53114445 90.39937938 -53.48611018 88.86899914 39.82346958 62.64515028 24.23992859 -12.51747139 38.88293959 -34.90273860 -38.56802781 68.00536939 -35.16729446 -1.25623004 -11.57446094 52.57623277 -20.52922306 53.45863422 -62.28240059 54.43949235 82.34507176 4.46490974 14.60785302 -28.99966985 -87.19017936 -85.38114005 -20.01538914 -40.22896356 45.78089301 -44.92003049 67.14362524 21.75702554 -7.98605752 2.95293880 41.52545737 -96.24473556 11.47625757 -26.22025850 76.81082592
6.15319432 8.17992667 97.03894074 94.17550303 35.28638099 -60.73122732 1.07687169 -41.99085719 -59.64913792 -38.68001630 83.37933621 94.50544268 93.71307794 -97.86704936 -22.97481761 -35.38933505 -11.25894158 -97.16254877 -62.95043422 54.10898468 -1.31832587 -79.92572722 99.97334035 34.21706531 -38.30967044 95.64445621 -76.61885966 -57.22052028 71.82521087 73.96102349 -74.22785495 -40.32713836 -91.80038563 59.21082685 -31.82245495 99.58693938 9.89210370 15.24123496 -55.80140406 85.40503803 -88.33241156 -94.96889258 -17.22541309 48.19855955 -45.59131639 -46.53460133 -3.77019037 -81.36715812 67.34415158 -64.75109097 -24.07170909 -19.45456885 -41.83825466 85.73830527 83.21480026 -96.62503080 89.80866909 -74.81384460 -59.75696688 -76.28062877 -42.24456415 -74.02356708 3.22497600 17.78470557 -46.29408469 17.97296956 95.02939718 0.83807175 93.22650596 -22.05809873 88.47248418 16.33702634 89.36892757 -67.67991341 70.59299174 77.95527786 79.83594690 -96.02763121 -25.67085113 -58.89675862 -1.73434805 -8.57935759 20.66617025 36.86777474 15.64913400 89.16240438 -13.67313342 -58.61829739 59.04540105 -72.05328633 -16.25085311 21.45364866 88.84748797 47.96179731 91.08596990 -16.30699854 80.51275367 33.32850299 35.17591376 97.04716274
94.64317601 67.15192329 -22.43187793 -32.60738971 -16.43638077 67.22685591 61.56756737 -13.71273272 -69.06014201 -19.00863913 2.66301587 24.12083164 29.94101551 -79.94603588 -73.04087887 21.69379060 11.77859018 -50.24976928 -35.15192797 -65.92684595 -70.06883430 80.56067567 27.69736931 -59.40223224 27.26612768 -72.38019809 37.73851829 44.42470692 -92.18840358 27.56360530 -53.94294588 -66.73470781 -91.98193241 27.12933793 18.56605199 53.75904635 22.74210036 -48.18968193 -17.94041476 78.61524705 30.23526178 -70.43571102 -32.31553210 27.62581734 71.18311137 -20.71221266 -51.00768664 -23.14582071 17.76598772 78.05824039 89.38802477 91.82090062 -85.18250710 -74.18655752 -4.66988250 -97.56839163 -93.62464607 94.81498948 17.17245500 -22.36993106 -72.56488384 61.00525774 53.58862134 -37.20164401 46.53530641 -46.86780049 -23.86445995 -90.07173932 -74.49423354 66.49681204 55.23873234 36.91091916 71.05407650 -95.98822606 -16.38712806 7.21101041 0.06334531 56.27410955 -21.19723136 -31.45166031 16.54331410 16.38316689 61.85463777 6.71733487 -71.61482281 -92.47434511 8.72031194 -36.64108009 -11.21542047 76.45668307 -19.88622901 14.99203194 -44.28043676 -6.91842643 35.61521233 96.04249178 73.52094647 -1.15377957 -25.39320999 63.33600386
-78.73688295 22.30431293 76.31411345 6.99634998 5.83147343 -50.71540859 58.37800491 -43.07086359 -93.75589070 -47.77320182 16.69881283 -2.06824579 82.71747225 88.02296912 17.04082653 -68.43973892 33.89003491 -20.46447574 -11.12673602 -60.07201564 59.02425932 -11.11775840 -61.51206823 -15.69928833 -78.44118388 9.61862483 8.15146159 87.90527317 24.74965454 -73.14664477 26.13933227 5.58984173 -58.75790188 57.46485436 46.97467601 97.59010993 94.35096919 88.26648897 -32.77442505 80.92882520 42.68933468 16.12280967 99.70418270 2.19635000 -95.11885253 74.72058338 53.15717562 21.44499330 54.97054568 -45.31556969 79.88829361 -69.90031319 -76.93223212 -21.76985561 54.82759930 78.47466027 62.35082412 -67.98310300 93.08947173 20.94289101 -96.11582991 -47.53366576 -78.99832263 -14.68380855 -92.51710004 29.79827187 36.47384484 89.93434170 -9.99265241 76.96360753 -33.03102538 -83.31090100 -37.59009974 69.79455649 -0.69750435 24.10964509 73.71310488 3.97007746 82.43105404 34.46737543 -48.38319700 -21.89769633 -14.62375531 54.44686075 -46.09148116 16.32422816 -3.66946888 25.23108088 54.07638484 76.11856625 -62.08331903 -13.89329754 -19.96231370 -17.60922564 -56.88771198 -57.82915364 -64.19480532 -12.24057235 14.57180922 -97.64924627
62.95712293 -79.04895687 91.06645702 -56.70096697 20.71453294 53.91147355 -20.79799967 -8.52323275 -21.52424423 21.98085406 12.63281396 -52.51875669 -66.84439185 93.82322682 -89.68988215 -26.46639403 -57.87633880 32.31395134 -25.30573001 -5.20667127 99.78394510 56.21709851 -65.27188945 -65.54338365 63.69105515 -49.34353401 1.93827503 87.43116281 -53.13197332 2.38868458 -69.52483242 -91.48753463 61.13675435 12.35981479 -75.86729635 -54.65881643 18.59620683 -24.89968287 -59.37355898 -38.33847979 -8.55352144 -93.58935745 89.05273751 -38.96024080 -70.36202687 -20.26164075 -12.02491164 79.44129028 40.47405426 -82.47024134 10.14595360 -67.03550672 4.50791009 82.66051659 28.54512462 57.38776573 -49.01376887 -18.93428761 -9.72084585 32.87809505 47.69207808 88.09467797 -33.39144656 -33.40774624 -37.97810083 -78.29961783 -20.27793999 -51.28331957 81.59420354 95.17368439 -3.03253089 31.02460690 -54.36791554 79.86828448 88.32842194 -83.23724547 -80.10901841 99.58682218 88.76220314 65.94580052 -5.79206697 29.08407372 26.76220103 6.23879266 0.61817807 26.29660498 77.96878235 14.38382729 -38.74119228 34.10722967 -46.92694017 37.94988235 5.69738724 10.20791995 14.82411021 -95.07216882 64.36927128 85.11870409 25.40247442 98.04777906
-60.66534999 -96.31241933 42.90510942 -16.02622291 -23.19530153 89.83690503 47.49379906 75.76479015 50.69494108 6.05405425 42.54543070 -80.38076422 -39.63868285 8.75319078 66.95595962 93.75363964 -32.12946603 41.47611181 30.62827660 82.34103739 40.01161673 23.23221993 -30.88589930 67.64183994 19.87782623 24.01689579 97.52895024 55.87283674 74.99908143 71.93912260 57.09392661 -59.74942071 -41.94358859 43.14536013 62.71055767 40.11288156 -8.96698976 29.76341274 52.00865627 96.12649929 -38.67863545 28.92689413 18.41811570 87.59396714 45.68379678 35.10887813 49.94279041 -76.23525032 -29.32912427 -45.50132209 -63.09637551 41.92119806 28.59768401 -52.84388079 -34.48798366 46.65722864 -37.55675024 -22.37521113 95.82781630 64.72510710 54.09431109 82.07664105 -28.36915432 61.83143823 67.47453678 41.59707163 -17.70147108 23.25710588 98.24787494 -21.49516086 45.10914451 63.34103098 81.25117715 -22.32853918 86.63233759 66.91093947 -32.70442490 -55.68348297 -31.99839338 96.35183083 34.62454995 14.00312399 76.86378218 70.48049718 -30.38713603 56.87284544 -18.20176033 -22.08537076 -39.92360655 -7.09464505 -62.75227366 -53.66429757 -89.83662942 -9.34581577 84.67446980 -15.41973842 -45.12926268 88.57571195 18.68215903 -68.38274224
37.67877673 -83.87749868 70.52458364 -20.77981574 92.62238943 44.69177498 -15.26589386 25.90367557 73.58920787 24.05849245 22.41180238 -25.76230191 72.40727767 -92.09698661 -51.43548126 -79.50006994 -44.71771057 -39.34725701 94.71481292 -82.09786275 -4.96333930 18.05867190 61.73857012 -54.02425756 19.65408439 -3.04536235 -31.65252111 -69.93905868 -31.16666513 98.37326536 -24.27088848 -51.34149101 58.03573087 -29.20038992 -83.03364492 79.90974677 8.21122217 -25.85797631 68.68117995 -79.53920043 -20.16072189 -52.03343920 24.05793087 -38.54560802 48.60778674 -54.40379217 53.04892042 -25.74351476 -43.27872605 24.29079272 11.62753595 79.45995160 -39.90036331 -54.56711744 -64.64244612 84.01334777 63.96619615 -57.71304619 88.29049441 -51.00476451 -85.34217836 18.71591632 17.87362777 5.34203433 30.81038560 -97.98720638 68.23591847 -32.34826651 -67.00922747 90.38660503 72.90058914 75.14945359 15.67596351 38.79640374 -30.86820177 -33.19242285 97.73710602 66.11790799 25.32840110 -27.64907556 -80.93317190 98.29390345 -22.92427423 83.24036088 71.43043473 39.54391713 8.03398262 -36.81118353 52.23938238 -11.71279308 93.42398984 14.47272434 -0.43222120 -38.49777197 84.33188671 -81.80978474 -69.60769684 12.87279685 -72.71631920 -83.20956551
-16.41568654 -35.73597803 -14.17075083 29.49885086 -85.65508261 88.44790799 -51.98718948 63.29639717 -23.47158524 -37.19979405 -4.00546560 53.73652415 57.14351787 -45.21143649 73.60426350 52.31837913 -89.27563887 -3.07592108 -88.09479479 50.62883197 -62.35747860 -72.68996501 -9.69597450 -5.09726803 33.88409891 -77.19816603 -58.18900386 -5.60448136 81.92326722 22.12863982 -21.55532027 -66.88272918 -30.91290795 63.91493001 -25.61999396 47.47249437 -70.32774089 10.12695828 -65.15745144 -8.07612961 -38.03283548 19.20544770 5.71504682 59.84418717 12.64738414 -26.88550680 29.83273833 -11.92679573 21.71970141 -79.99677591 47.53886753 25.32032114 -91.52975589 61.65884804 -47.33156386 18.47552055 -49.60505971 -24.78746234 -64.62716842 9.02973955 -73.47364266 11.62491076 50.82870652 85.52798641 -72.80060223 -63.31430647 79.90039931 -70.60182092 -59.33683748 31.52782028 5.94836428 -55.10688783 3.08582384 42.88665526 43.94339747 -18.80040845 82.22856549 -14.34965869 64.78003752 -16.70534177 45.62151010 -85.92062966 95.47389643 -8.04700943 31.71722562 -93.34628853 42.27869014 78.58898250 -57.75158523 90.24584023 -16.07286869 -72.85101279 -8.06225856 -51.23855562 71.80824608 -65.94942350 -26.19590880 60.53762072 -16.12126525 -18.29249334
78.25137822 60.28958497 -67.55477099 -41.79665692 -38.33919147 97.22758675 -83.34119278 21.38422919 -18.94679128 28.90126424 -0.07220339 37.63566503 70.87391622 -33.22280346 57.53789849 54.82333388 -87.56031726 -78.04159666 -21.84025534 5.80727824 64.22642781 -66.31965737 -74.48568438 98.12166966 17.58495571 47.28744044 8.06770561 -97.45595514 -21.92618875 -65.89270456 -16.26069133 -4.65402497 88.54857108 -98.89828187 88.77679638 -70.62797740 -10.16128474 -87.91223516 -90.60729855 39.12746174 12.86248472 91.16515594 20.53848076 -60.96721065 95.56214169 50.53791492 -86.17800763 51.78769042 -61.77871144 87.62740808 -26.61270396 37.98443214 94.37391697 2.17381150 -20.58996025 51.18619025 -19.22328771 -75.82161929 -63.94184911 26.63112279 89.30572654 70.18884230 -69.07342182 -11.38280542 93.67244402 -67.79736996 9.41903187 -70.60655316 4.83282535 74.10714744 -81.09408066 -87.30364726 57.85450693 -95.22820723 -47.53502369 86.21756142 91.18859843 -61.89768487 -4.25834076 -74.64303055 72.36079441 -49.43108122 78.53648536 69.44965864 44.39614912 -55.18391682 -41.50863764 -57.27085435 -34.18917929 -70.50787894 32.92198217 27.21411337 70.14729840 -12.69426925 92.88942148 -51.75843892 -38.57066340 -67.04902518 48.77341127 -0.64788175
90.07619128 20.83342666 -69.88406553 -74.11230356 -53.02968135 41.05906358 -21.73798605 21.35510134 90.43027689 50.59837479 -14.81999590 52.74096226 -79.51386510 -40.76968243 -27.36572251 69.34517692 78.17830395 -31.42979519 -76.80864868 -13.79618785 41.78102831 45.99311408 24.11448609 -31.70715415 -15.62381305 55.34011176 -5.07405728 44.33557356 2.53709088 -3.04251866 -22.43664526 -18.45680134 -18.15868428 36.00707916 -69.74935196 -6.51567762 -74.13147601 97.03291217 -70.45367203 48.20506626 -56.20996341 89.91723085 -62.60101568 -24.89790053 20.51960976 23.36049572 -78.48406715 71.15410080 -0.64530341 -36.37363729 81.48994983 42.22262164 95.76680886 -59.37883231 -60.25198776 61.84939222 11.62053035 73.96636663 48.51901841 98.30627220 88.33891389 -12.73572171 19.31277589 84.66030797 97.04884712 -65.29802660 48.78087929 -37.70689395 -11.38654321 5.95199287 -85.34151483 73.46613109 35.04328654 -2.99048696 94.71948165 50.44324064 -8.73582506 -79.61501286 60.94165690 19.91396169 -71.94767009 -28.80232975 -28.44661937 -53.03791788 84.56354193 16.87916476 -8.06378761 13.26180446 54.63189135 36.86495639 -28.76043587 69.60353798 -51.26606008 97.75345105 -53.72128314 71.64726554 17.91171871 -57.09421508 46.53515549 35.15686494
12.82035025 -86.64496337 -67.14807216 -64.14448805 -6.79698264 -38.34699826 -28.23062830 -66.85002405 48.43424324 19.76198231 96.84884279 -71.95023499 90.18122661 69.48423323 44.48708322 16.31297166 -45.14461705 92.59722197 -30.76082905 -87.55242643 60.80052951 -64.04505813 95.87198303 -81.53947045 90.94529736 3.31388728 -16.59191161 -44.70597978 -55.56434042 -7.39869325 -83.58501283 3.34575546 -44.03985948 -92.15398082 98.26057379 67.52755311 29.41882916 3.58808453 -20.98003266 60.06006358 89.29988234 94.17688621 -12.01927774 -74.57618315 -12.29090992 -86.37446979 87.02012627 -0.36620946 -76.27477678 -4.68865037 -54.45059136 8.69929994 -62.02092544 20.71527386 -79.43040279 -17.42660715 11.65585506 -96.51152953 51.67342991 -60.66652427 -69.86563627 -3.48347459 -93.86864594 -81.63120769 -30.28074014 -88.78498061 -10.67492504 11.61419495 95.11447550 38.12697564 57.47725100 63.35899382 1.13628509 35.36345726 -64.54973415 -65.84529117 -24.35287616 7.68312568 -16.20973851 -8.80348780 94.82568940 61.65729452 15.22795243 -69.36623182 23.65652363 -47.88476456 50.17555591 85.14145938 27.76819704 -42.80516844 52.21233987 -41.86516513 -10.09793072 -68.18748303 66.82983822 65.88286416 67.57120479 33.98560822 -19.68769062 -68.33021308
-46.83027258 -82.16836109 -37.39414670 5.21692174 -95.22912667 39.68616416 -49.90716923 -22.25986712 -80.97725567 76.04879589 65.77380868 36.00523533 -81.59173983 64.67885204 -0.72419655 -98.96053285 -29.07101407 56.96818318 69.56374971 51.03357298 16.89869215 -0.97341440 49.84728039 77.65921943 -25.36650211 -53.06245952 25.99544214 -74.07145554 1.69151560 4.85534423 -51.84598185 -98.14069504 55.31930114 -33.42213093 -31.18837223 94.13341567 98.71844773 82.22726242 -7.73065875 -90.13811632 21.50381623 -91.11295875 -89.48885052 96.53847117 49.66224772 10.77773082 92.29467070 28.97614295 -14.20715226 98.87175406 -4.04378918 49.83515186 -17.15244792 21.69054541 -69.55763451 -59.49366723 -37.59394375 51.70045853 77.28260734 -29.02398268 6.96780012 93.22103130 -3.60681150 -97.57251667 68.03516595 10.45111040 73.64933092 10.32202121 -42.48054529 42.36469091 41.54589719 -47.17657443 -29.45569263 -53.16396190 13.25832163 -2.54852124 30.51186284 95.44866588 32.74594716 -43.84116109 -5.48871448 77.12317572 12.94498679 -96.55729959 57.40789101 34.72843440 -90.84560058 -82.24847288 13.13646444 92.05345949 47.84713359 -41.78017894 51.29491317 -32.04886214 -29.12571185 53.10325732 75.51280599 -17.82864519 -62.40767262 -44.50202386
52.64665374 54.53442899 69.11411697 43.67273997 23.12199815 -93.26933667 -59.83733481 19.31072801 -82.83752733 28.87528996 59.40746726 -64.94895109 -65.47067878 40.81301643 -4.53927370 44.31488160 -89.55406173 18.37612314 32.36363117 25.94150662 18.75394739 -25.40285587 30.24353976 21.20120281 97.63101062 -75.60409684 12.36119603 -53.60353491 -66.02293692 -53.91740337 43.92796392 -8.19485792 71.70050730 -67.69688775 17.04458194 -94.50362023 93.43232751 -15.38338384 -95.30095398 45.66568351 84.93161668 50.83853625 34.16519096 40.93664949 -47.32765769 -96.22848580 -95.65874697 -90.85331244 76.76732833 47.35953238 26.04941357 -40.46834109 76.30543613 78.34389359 29.45871047 89.89259626 7.32281412 92.49456834 9.49311286 80.11707432 -58.93291557 24.34341049 -8.09263345 -34.88395817 -12.27039950 -54.59796434 43.23264845 -78.39943834 83.65884893 39.42386446 96.83796044 79.11905144 39.15713913 -85.00701458 68.83847074 17.97924436 50.38797075 16.93016519 68.27093835 -64.13967217 -18.17180961 10.84017115 70.13668450 -58.41894892 1.15073300 95.40769781 66.76555598 12.00009658 -70.54217959 -84.78579822 -78.81924657 -67.16822122 49.13252721 -92.73051187 -16.21023563 65.73685612 55.63584256 -42.60903655 -85.64538856 23.91305464
-56.66664501 -20.07829593 -49.36600973 -61.33761841 -60.28267707 91.62524457 62.73540415 24.21945011 -60.32080563 -66.37284662 28.18781454 -69.47981700 -93.57563482 -57.76600249 36.32784323 2.44091434 -80.57163094 41.70077225 39.51377506 -46.85473500 -44.61121797 -26.83828256 -93.76006755 -8.87867322 -84.38541129 -57.44231945 26.40893344 45.97840538 -69.52017089 84.01377704 88.00051571 72.71060722 96.76218022 -4.98229942 50.13451046 -26.58644090 58.89651298 44.38293581 -25.42268259 -95.90983299 41.56456610 -87.26966898 -14.33933508 -74.07487781 79.62331025 51.67637076 98.82467725 -94.23849091 -20.15404227 -63.58647521 -89.31475205 32.32315291 -18.66102768 93.77925854 -0.70991103 43.18014949 82.46629839 86.27561878 -98.47343488 -47.78382743 91.56884087 -77.03877596 98.47199009 -64.66700162 -95.63103146 4.74098586 -64.74693962 -39.43660995 -74.42079450 -2.82173040 53.10917252 3.43333335 -35.06711699 -67.55813389 -13.01357308 -34.07682553 2.72326445 52.55850740 21.33553355 32.06974662 -9.52298631 -4.00878144 67.44706263 -52.29145373 45.36406381 -61.58328434 60.58271803 -83.77178101 62.70215858 14.68537270 61.78233791 63.02620180 52.08686459 -26.94298049 65.29908520 48.29495355 8.19872601 7.64553326 -12.62971583 -2.38036333
74.42993132 20.93774938 35.26508717 9.29715485 39.61082208 -99.18606390 73.54313561 -69.07510713 -6.78556055 84.07865911 51.65678421 -60.45329368 25.67801961 -38.95071280 -61.30593813 -21.76928244 -83.47940462 -50.98205930 -3.81543841 -48.13414146 -64.99220525 -55.53021170 -28.75219294 55.81999114 6.28659493 8.25765022 31.79219149 -42.19315150 -54.49207262 -40.54085062 -94.19478629 54.84757769 6.84416681 -79.75764383 -84.19025812 30.15679420 -87.69428528 77.98155834 -6.18165542 61.98652538 -46.32282236 -54.16603326 78.74802831 82.59802674 86.73990167 69.18963777 -31.73437185 -99.22207390 -37.75416891 40.52606897 -39.30820974 -59.41829787 44.57605566 -65.02956749 19.50419999 -49.22118631 28.71221351 -70.82677766 9.50922811 9.56741869 56.09133924 99.31822600 -61.75304990 55.23687938 -78.83957956 92.52226968 -61.45913636 -66.77888025 -74.51335917 36.48498008 -8.26326551 35.58300849 -88.09598415 45.30054505 -12.57239781 29.78297040 24.11992205 -11.78463486 63.81769435 -51.03190777 42.89942209 -87.28018289 -90.62758415 63.15915046 -31.30675938 4.61569758 23.24848548 44.97399542 -18.17098406 75.98052892 -30.89130686 -62.80117033 11.11276882 -52.69994125 -78.08360808 26.67756585 -86.46089401 -5.49086297 -31.58979806 -30.76668377
71.18378521 -91.57638870 -84.70544766 -70.51125675 -15.17302843 79.87036446 53.68536615 -23.97218161 -33.85550980 -42.82371981 4.42419704 65.87819130 50.17244271 -52.97323829 -41.39051689 -23.06884640 -66.63528320 -90.42506001 97.81218043 -99.23243323 -36.91230342 -33.19432998 -48.63313463 59.44453873 80.69021033 42.01439367 -90.51017862 -42.32868260 -31.88028762 -95.64418091 18.94591153 -16.99259125 -34.42631607 46.91346465 78.60467310 84.62780671 -87.87200093 -26.04270408 73.25878869 -15.49482438 23.60168239 61.49047773 56.88972254 67.76200376 -32.34559053 51.14958861 87.35452831 -91.66621273 -37.56069862 -30.58027850 -68.02864353 11.74997571 8.19776201 -38.75156857 2.33741028 -3.40855913 95.21429169 -23.34483390 -89.40931476 -16.01397755 39.90673844 86.26851034 0.46747425 85.91042620 -63.70600654 -48.27266001 90.65286486 78.88980367 -63.78005862 94.07937598 1.40744435 -64.43339764 -27.07074466 27.61345551 -22.45598358 60.72522536 -10.67412160 9.92133630 97.25800095 37.62033562 66.74984130 -96.80914368 -16.87467059 -7.49249336 -88.02454998 -23.46970499 -93.66303001 -97.06108564 19.39403058 24.09253194 12.16664665 94.62062900 44.84508388 -58.28413642 -79.46795464 82.01626180 -83.74949060 86.77595131 99.27548574 47.71222553
-44.14078543 -64.96356348 77.45672937 4.80061022 59.94062658 -41.39265768 82.20194120 57.85924949 76.38765586 70.67453836 70.97999143 97.82567634 -96.42539551 26.36067157 -60.11865864 46.52698509 -17.26902327 -26.56147509 -19.68734787 49.40136761 87.39132911 -87.18671392 71.61882170 -99.20095589 -85.75622702 39.24684329 51.23503181 -49.19218526 -24.23825119 52.99753503 35.71714680 87.29872267 -61.12590095 61.10331359 -84.64973106 -55.68182418 -36.58009434 31.91787330 86.52741586 25.77132880 -52.05698300 46.06536431 -39.09589777 -42.80719179 -60.86873143 -18.32492581 46.77591559 2.95656512 83.21032128 -67.44858429 -86.91689581 54.39463641 68.86060555 -79.24529393 -63.22184911 61.44547164 -16.70307032 33.43936397 -53.27571367 -38.97864189 -63.65459123 -35.34134555 31.95825593 -59.62909927 99.49955314 51.04487632 30.85592455 45.28259358 75.66077279 87.59701863 96.19209663 -27.02984344 -12.04341926 80.83674241 -71.69082964 95.26718386 -64.91233556 -28.29519102 -83.49156115 97.38200061 60.66645971 66.44260870 40.64763990 96.60001755 -50.09839859 53.57859133 -47.63652699 57.21415127 -51.03514291 -83.64835534 72.39974881 -21.11509708 86.05769979 -21.69386465 -1.43452490 -46.99038212 -86.24580347 -21.69938002 -95.50615900 48.84733257
79.22960065 -22.26382661 71.85379754 56.02813702 -1.19845127 15.57514373 -51.18002852 79.04278964 56.42545994 0.53619929 -16.05423809 39.73259347 99.10300327 -22.67421927 91.54941843 -4.18044071 40.38394688 -31.42125873 84.33680539 32.47457708 -21.87393259 19.71970631 17.55309306 96.00829306 -50.20430157 -39.03553539 -98.51751627 -47.92663388 -98.53222333 36.86023483 51.21490870 -66.90587248 58.37880688 45.31554599 -41.12842243 -85.11751227 -35.25497472 17.44416164 -55.73912150 63.56153129 -86.70274854 57.44822612 -85.68197629 -96.84781723 -90.46451409 -34.21544516 -64.78713247 97.62203829 7.55549177 -5.58193614 -79.38940260 44.71993339 -55.39164471 4.03953691 -12.15904380 -6.74542427 69.36302368 -83.79333332 78.59523627 52.23197909 -94.29714346 30.58500208 38.52150454 -72.10280699 59.68371098 38.34374748 -50.10294271 62.74736746 42.21193988 -18.02780868 -35.11010946 33.46857141 38.39948042 -65.58122948 14.59222791 -48.14213104 60.53529606 83.76352895 28.62768163 64.18369394 -96.33487544 40.43513822 -44.64256420 17.80343378 -37.38490263 -20.38710512 53.78388418 22.77935527 34.90622105 24.34462258 75.43457704 2.36362667 89.95345024 97.07978431 33.91802579 -52.36614495 80.66697000 -90.33952810 60.14682334 49.81460694
-75.23448293 48.96584426 34.08024883 80.18402132 92.85774584 48.90886618 -96.16814428 -4.45636451 -45.60048521 -83.63145737 34.64896219 -85.42967862 59.14698537 0.65364498 -3.54138586 -81.62263774 -4.31183045 -98.39252372 91.41905322 -21.84306832 -6.47887334 94.81688991 18.49562512 -38.90856697 -6.98428314 23.30506885 -59.79353880 88.95767666 53.25392702 43.15169360 85.62234713 79.01664502 65.65922231 76.97392261 -13.32853599 -29.74273587 -81.64307272 -70.62165123 -46.88441293 -73.96171166 -25.67144362 50.94533051 15.92584197 -53.79705985 -41.00443392 30.64264076 -9.71701742 -30.63386416 -49.98553148 -62.76290680 39.83435995 72.91840283 -66.42592535 20.66333452 1.63463415 14.34356614 40.05395887 -64.29750150 -58.97699480 -87.86857146 -59.86506554 -42.98162331 -66.99139725 -39.13349455 -7.18981886 94.02771989 45.68599393 97.73464314 43.99679575 63.13345465 68.27716901 -66.11521825 32.41732175 -79.77823551 -4.23516342 8.56701550 -22.75060666 -29.71840021 -58.40618605 50.48164664 -84.10107856 10.24818986 76.31695504 -26.81621680 -9.29523416 -57.98794591 -67.22273836 -74.00230695 79.28453099 -47.94167955 65.52826192 44.44007155 -46.66561858 39.67352541 23.27223902 -39.01218790 77.20859881 -84.10522228 71.21963413 -95.90745784
-47.98957176 -41.18771699 36.65042032 98.78001667 -74.52561549 -26.59933343 10.53657610 -97.96197344 2.21454759 -43.82804189 53.96995964 83.14758026 49.25047013 29.43462518 -95.52833391 -33.16140392 60.02622173 34.16182876 45.34031097 -3.10677482 25.67169158 90.52111400 76.04650207 73.80933030 69.71915286 8.09046706 -8.84167683 -69.55652026 95.90701177 93.59848841 -38.17703629 -56.20412495 -78.96763194 98.66872696 -66.19270398 49.99511038 34.10454305 -72.46102005 74.42849843 79.41981468 95.11065752 -33.04995662 -15.10056924 -33.80478693 82.77120705 -67.51361804 -64.64374968 -33.45901741 -36.16498919 36.87430369 76.70409966 13.23700621 22.83360681 60.74746916 58.07868912 42.16401121 73.19730911 -31.98556816 32.96631035 78.15326229 -26.18836084 44.02001053 -78.22823049 12.49065375 -80.06532525 -82.69124403 -8.87767092 -78.30350516 13.37801881 5.95750771 98.03201324 -49.64085088 -69.91301449 -14.30503301 -26.53478484 -35.51255784 34.60763498 -26.48704018 -15.89371162 -41.89386573 -82.85862589 57.38390853 32.93305018 -76.80631211 58.42769380 -17.20127110 -72.90873067 -6.42134519 4.62327742 -7.06498413 25.48825173 -35.92224294 -64.95333565 67.58890688 -28.76840025 -70.00461899 12.26776002 88.45925086 74.85521300 58.56521268
10.27726167 34.07147876 18.25418000 -66.19522288 7.75128166 -73.51202811 -51.65076623 -95.47027044 47.99351902 -14.32895692 56.92594721 -56.71164941 83.35170108 -5.45453130 57.33210732 -28.08819531 48.87145163 12.73172619 46.99327429 61.80055823 -78.30310533 24.68591264 -20.70319816 91.73723777 -39.86693291 99.61706992 86.24587297 58.10900976 35.20009935 -99.98042415 73.55860280 12.18657871 -73.73825979 50.60747056 -27.58678006 -65.00569400 50.54905654 24.16627430 34.20379229 -94.32559005 9.52444229 -69.26814079 -21.35568543 -12.21907638 79.65521092 22.84758642 -29.68752174 -55.71777115 57.20038238 98.64890338 -74.59666585 -28.88596409 29.22342384 -38.96239270 46.21094743 -87.50625605 -91.96383882 98.72853567 -19.63598654 34.81802707 -67.57411330 -56.04439625 50.08462090 -87.88678256 54.02359352 -26.87764009 8.65754666 -84.84778501 -59.28748896 -60.43044449 -76.55874440 32.72058670 23.33636136 -73.49357551 59.35728639 -84.88221895 82.09436626 51.94378285 -36.03104992 -0.97110110 45.15499407 -3.02533217 -42.27388436 12.79574844 -57.54220984 1.32717627 0.58314956 -30.42969826 29.76570051 -60.98755427 -42.72363062 68.44611136 73.44758191 -13.46253506 -35.16850390 -54.01756926 -60.98175888 -1.55752164 -33.79282997 26.40597127
84.73252744 -41.81724227 -9.86716589 -83.61550994 39.65897001 -11.25890775 -19.35792139 -18.31481223 -39.29866731 58.87708279 25.59116541 81.15378376 59.50282558 -40.73255979 -21.79656146 8.41733883 71.68001687 38.50148520 57.61107027 19.98027000 6.36002410 -7.95058056 15.05998753 -93.95864642 -53.18839648 -36.33666861 -37.82368330 21.73215054 -46.86750822 70.84242617 -75.16661068 67.25323547 49.20778500 11.80134641 -34.68281372 -80.36384473 -6.20952310 5.36422726 -17.99362895 -61.96604976 -33.37879174 -64.96776541 -28.52151883 39.19781141 -31.33473196 54.37008234 -69.07952070 -14.46045361 26.08237595 74.23126103 12.71556526 17.11147237 -3.64551464 4.43169220 -51.60215539 -36.16490318 36.71931895 31.73220449 54.63120326 -92.16557517 -98.26433771 -27.51639740 -55.16919737 -33.01179034 38.37608215 53.68270999 81.88508039 44.10700194 50.85823165 -69.69261608 -15.59994102 -79.31891440 0.78221156 72.42411017 28.91257518 36.07743332 7.96614484 -1.19887046 -19.31078888 41.67609333 88.68305514 98.33062439 81.10270640 -6.95264285 18.35810656 -15.72842771 -73.08383219 -49.14554005 -51.48077505 22.18818628 14.73403301 31.15359094 33.30130858 -53.65543807 -29.98108752 18.04775186 45.80743297 35.10082722 -0.05192305 78.59148240
39.37364783 33.78715178 -75.86444375 99.14404847 -20.29715725 26.49048989 -67.29494211 -18.84776063 -33.52891014 10.67533981 -10.24295424 2.02739509 69.60119949 -25.59925569 -43.05258967 -92.76155019 -52.08146554 -79.26647111 -95.43773560 39.59763210 47.00286139 25.40954294 56.22031248 63.01661090 86.87961632 0.64012430 -39.48020936 1.71570318 58.87793523 34.45496376 -6.83854323 -85.93679041 44.69621452 -2.39521054 9.28439764 -3.12293293 -60.15620198 43.75968052 91.17124988 -30.62258847 37.01580891 55.88284074 -15.36131381 -44.50498660 -89.66911922 -42.33965174 -15.35915424 41.47731775 4.28314482 -36.81761638 62.00598833 -71.39184508 -57.63251383 77.46648099 -5.97726380 24.70193408 30.88243153 91.26910404 -10.74762092 -4.55259196 63.46030355 23.85610054 -57.51089170 -70.01300905 -1.28611042 -82.17439850 -94.33330825 -14.83707531 32.87371569 81.75240691 69.45681799 -50.89608220 -36.25247206 -61.11397481 -75.46171746 -0.58817308 -71.68467019 97.66161455 98.36156514 -23.35851922 99.29855321 99.30456033 -16.99771592 -3.62039133 11.97214261 52.97326182 99.33478089 10.99055016 -83.33636670 -20.11122532 63.00503375 66.65370148 -78.90461967 -99.46204936 89.89199857 48.33671890 26.74331165 -12.93183796 -24.98837151 55.93020861
14.50154035 24.30462345 68.49655765 17.03913041 -12.76029499 80.34954609 75.82961888 -73.21736443 -80.84026724 66.94810392 -29.80290098 45.27515069 -29.97272310 -43.25023392 54.61087672 91.70641972 18.44934977 37.94667603 -54.18293161 -21.12039741 63.00747053 -30.35495898 -31.76181048 67.32750796 -77.93636378 23.86754658 60.42784152 31.39000991 56.89474145 12.71135184 -42.13134603 -11.69625691 -7.52403844 17.68871273 79.22898363 -88.83196205 -15.20952352 -53.56547877 -41.75010363 -85.61439611 -31.71576278 -81.99794484 -79.39816603 40.84402437 -31.62643777 -91.06075539 -10.10301613 37.06304283 93.32516260 -2.93265399 52.70402216 14.43163154 -62.10056847 -64.88282326 -20.73113375 56.33286737 -12.18525978 -81.84668288 -42.56344490 -35.32501433 -69.03797322 -91.51190424 11.45627592 -6.00867162 -63.18236802 -42.59584694 -12.53787460 -97.04343776 11.77668064 3.12429888 -9.40977706 47.04131346 -3.95011074 33.92744861 -68.62195696 -65.51582290 42.65405661 -74.70808588 1.83991207 -53.65113939 -58.39403789 2.98002775 -62.04861559 -83.43358591 20.42940516 -8.62342641 -69.01703655 -78.37705509 78.71096767 -48.03264260 47.07815506 25.90751575 -16.22458419 -47.73741924 -21.10070945 -96.86594698 71.82610346 7.05681150 88.02955514 -75.31594659
-30.85889171 3.69105746 -20.12996393 -83.85539707 -5.56313755 49.28933247 -74.92773584 -71.46999427 4.24913610 69.60150041 64.89783308 28.05177668 80.11068908 -69.79239559 -10.38571389 -28.51192308 6.70124569 76.58574738 72.27797183 65.83192951 -22.24195846 -25.02539908 97.34568409 42.72689009 22.43222878 58.55105072 -62.46462766 19.26349229 74.14795926 43.34089504 -99.77556449 51.90125503 -34.75740267 -8.80384608 91.68738201 86.84162529 -90.70136358 38.85904953 15.21351447 -58.30287655 -86.89706844 98.51453381 82.71365435 30.34375101 -64.01038481 6.39025064 -31.71422152 -25.62620474 59.07005267 -98.22064786 -17.06999109 -24.76850114 44.12526862 65.79361483 55.37868912 -2.38954374 -37.85707322 -61.69580001 82.12808871 -47.21709856 -83.15856348 -77.98978084 27.45157286 -72.05900522 4.16509831 -21.89642266 60.73320794 -94.95463106 92.17704185 17.96094411 7.48840262 -62.45995486 98.29457214 -30.15147539 -50.27063088 -67.11848596 -26.32682637 3.15149172 71.20479714 -14.46741419 67.45031629 -1.41810676 81.82868774 -85.49284347 64.14610340 51.56415311 -97.00072019 -7.41179482 -2.08412120 -60.26650321 78.57893506 -56.02902403 37.42079663 97.12751495 -52.96339380 3.38357548 -21.14221071 17.13137825 -75.13033873 -91.40985635
-13.79691261 -75.59665507 -26.98691039 -91.67052102 43.05610438 46.45221777 -64.33686431 -49.25347654 19.15647033 -97.36805055 -44.82461425 -58.10824766 86.18561959 -59.20945831 -60.66564267 35.36377514 -15.52459210 2.44692264 -19.47273777 17.39768097 -84.71037516 -11.58688916 0.98184149 37.03698868 38.32154103 49.54858167 -12.62581646 -90.19579410 -89.06576420 54.23003903 76.50915205 -11.07463806 94.66091227 -40.43328539 0.48120639 79.69346384 60.83928876 -35.04258356 0.10035310 -29.65610580 0.91000782 12.11313346 -19.65911402 23.31148776 -53.32090387 -88.11806695 -25.96772471 -83.00452337 -54.19375704 73.91851823 67.54000495 57.16650029 -68.90606485 81.17822780 -97.05418800 23.31771840 -5.34275320 -90.13116239 -73.48219839 -21.08821218 -34.11433821 -21.24681863 24.60683825 57.87392645 -53.37457864 96.18686871 -73.31935346 68.14281472 54.18732958 -42.73564021 12.17970445 -43.92950191 97.70174227 -55.59269647 6.70523009 -25.73331056 45.29877967 63.65240635 -10.61826602 88.71857839 -41.64774256 59.65864473 31.75501174 -16.61356464 -60.80812257 47.58906047 25.22872913 -9.56890225 -46.67488874 -12.63306859 45.05257431 -96.29350370 -27.74680357 -4.55459466 62.72533267 88.94519834 19.61491672 33.01431678 68.82462633 73.44239611
65.40820784 35.52924645 -72.17465692 -95.35849792 -70.12933790 -67.11450625 -4.98350644 19.53044841 -37.36079909 -70.79118069 -84.34205978 -86.84816428 -4.62449559 62.65923031 -57.81757946 -11.14844304 88.03249974 4.44449674 23.47716938 18.19623027 1.54065944 -74.93633584 59.06732340 40.21472877 29.12630575 -62.91884471 38.26021764 4.29045990 4.49524844 -81.08507771 -57.10802744 -49.50645625 39.71102319 -79.16110977 -82.17361409 78.95506361 78.27196434 45.92902375 -33.85321551 17.75358111 35.14232731 96.15281084 -7.83208381 71.53695076 -83.68080732 -85.50534440 28.58509688 32.96183450 56.97401686 -90.22563104 -91.17477606 -53.01918647 -86.50626026 -1.96859162 58.53504224 46.34252640 21.81611528 70.66718904 -45.42130194 21.06240737 -69.27546700 -21.07585351 -28.19073483 66.38553773 -26.08344728 -20.57392975 -74.40224092 40.32800074 3.72251778 -13.80442951 33.67344781 -30.17637412 25.88020916 37.43224298 67.80727907 91.46263817 48.51456967 -94.13797855 -49.29136868 29.03113439 70.67057844 84.79797040 -7.13439466 19.88073950 54.95432158 -45.09761492 57.02082152 -79.61849873 -44.47785974 -55.87828377 23.62296355 96.97163414 29.20623302 19.71086478 47.06422872 -33.49677843 -10.23595093 -92.30665724 -85.53194694 44.96496026
-21.40953384 -65.20297994 -20.44560886 72.53050052 56.64479899 30.13615039 -21.44885724 96.37727338 -0.07105559 45.50104046 89.31951194 -85.91015143 14.69997336 95.51125276 -9.33378599 -36.61706680 16.81928001 -57.04297277 -81.34203308 -81.92837617 59.98862361 55.86241406 -42.11890136 28.05449464 36.99740747 37.78851309 -2.96486613 61.76112101 -28.97701803 -89.53368510 90.63484607 24.51760727 -94.80519697 75.03765248 33.47161430 -5.64752613 -77.88682445 -96.86968273 -96.41178791 61.40931719 45.26786082 37.68247520 66.98998894 71.61209586 -18.03128670 -71.89633045 -69.98417672 62.49300283 -23.88023245 2.55987921 -68.33825106 -38.31710591 41.57918447 -58.37925365 -35.49309902 -70.62321806 62.91514648 -19.61312857 -10.35973292 -68.26914208 -1.80609678 -21.05181476 -77.03282319 49.18366159 -71.70721650 -93.68285223 68.30957719 37.27463802 -51.65558875 -98.02993097 -22.56425904 66.66288919 5.69038351 -62.56251992 19.79950648 93.84752920 92.03828338 -1.97449481 -90.99230964 -39.51306191 -51.26536054 3.13362036 29.68893525 76.52604263 -43.78244516 -29.72610455 -80.87640333 62.80301310 -80.77198586 -53.27745409 -37.12416361 -58.82048023 63.35176503 60.85241529 67.95542582 15.10628949 71.49122886 -21.61956862 -79.29286871 5.92418187
79.55936342 27.39635661 -68.66110532 52.92119207 18.80154904 -79.05461778 22.27006151 -87.35504801 1.65547665 11.81129821 22.43909545 35.96929403 33.23683596 -57.41494533 -92.66902201 39.40715202 48.73308401 68.42941546 -25.07337436 60.16396763 73.61246582 -29.18520142 -38.78593829 -65.21784219 -35.92524706 53.34266472 -15.43423619 2.95761279 -89.44671038 65.36974032 -0.29961294 -83.71274705 -60.49818211 93.53576534 94.92023828 67.78600868 59.08122312 70.50633453 -46.59139612 53.29201686 -1.32481596 34.12873165 23.49559243 -94.17444722 37.19643385 -37.69193304 -84.73447079 58.57442354 9.49816276 -29.04872104 50.14664142 -0.98598312 63.54740842 98.20721586 -82.82823812 -7.54581159 25.54927825 80.11537428 38.17642269 42.29079261 90.94733267 -62.80074814 -38.01825163 -11.41092099 32.14708854 -32.42890091 21.48904131 -39.37293383 44.89831131 -18.94417105 77.22969722 -46.84205234 92.38534240 87.94973787 5.73318186 -9.35904594 -32.79488493 -89.19062125 -33.93190592 3.57272093 99.54987369 95.17474394 -48.73904095 72.57997409 -26.59604389 -49.30363757 -35.67245432 -87.27670116 -21.65893370 -57.66296217 -97.71866747 9.21744248 32.15194559 1.37723917 -33.39061852 -82.58360936 -49.24690363 34.55717234 -56.22403692 -50.08919290
9.35874099 0.09557965 80.70299470 28.70511488 -19.07858142 -65.80301859 15.99900886 86.00855851 -55.82141085 49.10612687 -28.71719770 -85.97471114 -96.22244319 -31.15498517 -65.53265741 -12.78578480 22.82708365 -36.44403993 12.44914845 96.00863876 79.87614884 -23.76373057 31.57182048 42.10933503 14.29986936 72.72314708 85.68575044 13.32861081 -69.50233963 28.06136926 34.02265639 -89.51672225 -75.87026194 69.59535312 -34.60485634 -37.04909623 22.55319453 -49.46020931 -84.41868822 20.52270098 98.22053818 98.24794910 8.04348390 -10.80094102 -12.14008601 84.26408951 -19.51439176 66.97280421 -62.29800658 -24.38109992 33.03530291 8.08441150 15.10331476 -43.67845260 -96.64288151 76.59540460 -6.27035255 10.75240196 -41.59403630 16.28965248 -97.10812247 11.78183740 37.84854540 90.87200020 -40.66053287 50.64719400 -26.52018034 36.20142764 -13.93741361 70.36291131 -31.08348618 64.08332966 71.07967149 92.20652312 41.34708623 -3.59692230 -23.18194018 21.85347200 -34.13754394 53.33322375 -43.80864977 32.83847599 23.85176970 -16.01533707 72.71742543 -9.97114155 54.17068200 79.74186067 -90.23535900 -94.02379969 -54.40957344 -65.89475705 -73.78697053 -3.49063294 30.44339537 92.29264336 -70.82286106 35.10954421 53.33856433 85.36048645
1.00283393 26.11709055 -96.01987093 41.29882232 -47.82899363 57.00437826 -97.18843772 97.68273713 -75.07481850 82.53214797 -53.68431287 78.53534060 30.88995116 -2.39703194 70.92925806 -60.27724689 -58.59753641 60.53130354 54.38819486 5.65993096 -57.83571826 16.06390396 -73.73158406 41.89208769 -55.13258802 -81.30133530 39.54917652 -81.09681680 21.16911532 -83.43953360 0.43876079 57.30431952 -0.37167641 78.47554009 -41.48950783 -78.32501404 90.20336299 -0.36390991 -9.38534867 96.10360510 -60.09685445 -18.85031911 72.95340053 -46.15900241 80.07440874 3.72723818 -38.40834082 -64.56277685 -48.43879044 55.52703186 -40.01724310 17.62013412 -39.23249322 24.46846862 -96.64148378 -35.57458829 62.96173260 57.52005876 -63.29484358 -86.57455004 -22.64210284 -21.35966010 -29.25113955 -98.80249091 99.73694259 -37.46487083 -58.08330199 -84.85796451 85.19040601 58.95148871 20.84314889 -67.99888595 19.44191976 46.61842418 -10.26709144 -50.04787961 -94.58974065 -75.25667719 60.19727739 57.34564180 -92.13910912 10.64310396 28.07827340 83.90536978 -70.56179569 -2.08718925 -57.63827830 19.40906919 26.94090596 -64.76147728 80.10010472 -23.39107994 -28.96667995 9.59604346 36.06248233 32.72586882 -46.34574464 18.82605056 49.42815643 85.89126233
-62.13437962 31.67690462 -51.55575465 -81.17515825 -80.55460145 86.71382610 58.32999662 -91.01290374 94.72402799 99.71605414 -63.80721644 81.66327979 99.42767623 -36.03248185 -24.55907607 68.31790230 44.99691596 5.93590363 34.77985589 56.60325598 69.43258036 41.54634115 -72.51696848 -19.81956632 -30.56697280 28.11075533 -38.04830495 -88.45008189 82.39782511 49.15962187 57.05480741 1.04656465 -83.04214552 -40.50439259 68.03376614 43.36474263 14.52122011 20.34008891 45.28162302 -56.62081116 -43.56121028 -62.77820825 51.13556224 -86.79101652 4.80256566 71.11021222 80.57199053 7.57096194 -0.72084205 30.39874914 -18.81336801 13.10629021 -20.97753972 66.15442247 -67.93597148 -62.87690639 42.72092040 -25.24995332 80.96454884 -69.26199045 61.81062940 -48.24874843 39.53770603 -61.00216449 53.97885069 11.48534740 85.39910398 19.63823827 57.44919366 -55.53700600 55.31555696 84.73640129 38.00890178 -61.21323466 79.44564035 43.61325139 -90.10765976 -90.39176958 -13.78596585 -26.95405108 -0.91377632 -60.26659504 -9.86444893 78.40631327 15.82160160 -41.88014870 -74.44083299 85.80533743 -0.37719378 90.45570926 97.76143873 43.30253752 35.00063390 12.55169990 -99.85493693 -8.09832855 93.78742046 -94.90641755 2.77674406 -83.43594451
-61.50060566 -10.84946412 -41.24119448 0.15147940 -53.90726477 48.94829648 -38.76390560 63.03902494 71.54311080 -54.01542873 77.56110804 -90.26939079 -25.39779796 57.69900352 71.04161806 -53.75190125 -40.11415779 39.38303678 27.56765495 -45.56667298 -89.77824717 -85.19958822 -96.67137687 49.06023073 -15.38967751 -12.15311190 77.04635540 78.47085777 -99.16833813 -22.94468727 -91.17638576 7.31471767 9.60055543 -56.93522131 66.68031835 -58.74394593 38.36640528 -28.85598091 -31.34920626 -53.49288375 16.46188445 -59.86707880 57.33446469 26.63501216 45.61709245 67.44453852 20.76041083 27.74814226 -36.83918740 -15.66318241 22.21561766 -52.99005847 -25.89369982 48.98166542 -52.94481165 -13.91845338 -55.52803477 75.82510455 -78.00779400 58.09116540 20.28539795 -13.57031817 92.11046971 92.98175995 -90.65012830 -71.26629411 -81.57803255 41.79086016 -93.63695619 96.45755571 3.57473435 74.54933329 30.28625862 -59.75069924 -44.08043491 88.37232269 1.40068846 61.73392377 52.30709887 -40.91739939 -21.64878353 -62.26553599 46.69472583 -85.92367150 96.75759770 37.28757248 -19.60824040 -35.53299063 -24.53215141 3.05935394 -45.94313244 9.50772795 28.27413149 -56.88167091 0.31093673 12.73618825 87.13340564 80.91035714 22.01407539 -80.59536412
-6.24725480 -49.44538980 -39.14129935 13.38498882 -4.33166968 62.20437626 50.07683852 -96.62384909 -38.19216851 34.10372414 85.47953265 22.44395477 -58.73660461 94.16144377 73.86117251 81.41244190 -67.40633517 -6.02406834 97.53844226 47.62536926 -95.84757893 -22.50778872 64.65468445 -38.15601789 -66.36793533 17.39156906 -8.27681233 -89.51935409 59.62112687 1.67598329 56.55371527 72.44047945 -19.27374420 82.27876323 34.68931506 13.79877236 -17.90210290 23.15969668 75.45165113 11.62927366 -92.85305375 -56.87227606 69.87085363 47.41224750 19.95068337 32.94830046 -73.09000685 -34.28407620 23.16610107 78.68384123 81.18599703 64.87434912 -84.96465533 29.54065726 66.89131021 94.70690457 -17.09163546 -6.34481714 -9.65479620 6.66606712 17.72855940 12.33671570 14.08273384 -82.40751500 -8.95908885 -64.06690971 15.25947389 75.17095271 -93.94433304 -63.28267234 54.41975858 -32.91183552 36.05918691 -81.58869121 -72.64657496 2.01064678 -44.46641837 7.11942983 40.81874740 -63.30529813 -37.67359509 -52.16932858 -32.12732776 42.54718918 -50.52973801 92.50143557 -64.46574946 -9.58595479 -83.11383290 83.43130301 51.03285967 -10.54541008 35.23322440 89.19837654 67.85916587 -7.82191881 -32.77358738 -60.59874005 -61.16969480 64.64804638
-62.85450940 -59.70950671 48.17318828 -66.23610035 68.89341571 53.77860271 -5.33940284 -68.20803101 98.26955829 55.65233619 37.23893706 22.90378505 -0.30682092 83.53734256 17.36756483 51.62073865 -3.16505315 74.92219567 74.07957311 -90.96926660 -31.34028171 -50.97786320 78.46289275 75.82405049 39.50867879 -76.42644168 -9.20445070 -48.49759177 79.55062639 -68.66424291 63.66323982 79.61371189 3.29022831 -31.21347132 17.31227647 84.18721860 86.36708943 -94.21585325 33.82526053 99.94322210 59.42824220 -41.66802486 94.81379954 87.74892263 84.24893811 -33.75601498 52.14717632 14.98338965 -36.06471129 -19.86835637 97.07654996 13.37491490 -67.74143717 -66.04979377 -81.74609427 17.77507424 -18.13352216 6.61457668 -58.86804395 -34.00223791 -25.57495545 -41.84696077 -69.22016490 13.29430649 -59.29374458 0.76855155 -61.56680813 -88.99694077 83.50210840 51.24298091 -3.28883251 62.85030478 -51.22897008 -20.00464798 -4.06396450 -54.94684730 -5.05720034 -54.19050610 22.02700004 1.80950628 5.13639810 29.56620750 -72.12717930 45.16785367 -63.96026987 95.45677584 31.20614507 -67.56123310 13.34849476 12.51951864 9.37294833 95.92933721 -4.66999533 79.11150230 81.01256111 65.75123443 -4.76590272 -23.06437245 17.31425239 76.57410450
-99.36755421 25.48763578 95.74251778 57.74403577 -20.46081641 7.56423168 -9.60166205 72.26420729 42.42685239 28.37146393 52.25886269 -45.15041675 -69.57378171 81.19132357 63.03457829 -84.54471277 -63.97686598 -45.50858615 -87.66763097 -26.33946972 48.10658446 -44.86865934 -39.11603295 62.59379622 54.94603905 44.53019292 -61.62171941 -56.15250596 5.48856403 69.26707972 52.40241227 -89.90015991 55.26866841 -46.77756436 -51.72071833 -33.07723527 25.47838896 -9.04613590 -77.02394637 70.26259435 98.37065376 -20.16008938 70.04072402 66.77933172 -41.32347262 96.62687499 -15.21677850 -92.83435942 -91.85617660 -53.77936057 14.42353366 -37.80421117 34.29271740 19.46677898 27.00248032 -62.92824797 -94.77612638 42.25756268 -22.62558983 51.15616300 85.11639621 -24.13882684 -15.94387234 -55.65895602 -83.97253810 60.37558840 53.61510465 57.00667649 -62.53522383 -85.63146018 -46.63154861 -72.64475303 -92.01008395 57.70472508 -14.23938838 -94.95392103 -81.57056035 -18.91098869 -15.12190478 51.11985442 44.58988455 94.94465529 -57.71323806 -75.13878722 25.00129262 -13.95713882 -2.49011700 -55.83422072 -32.44372447 84.72698312 60.38134143 -68.51136924 -35.31050845 -89.75550988 -52.62046192 57.08076348 -31.77854388 70.25047934 36.90906959 44.69891077
-93.15575424 67.13323538 29.54261729 -53.12495625 33.89290508 74.21904291 -15.39136722 10.78248314 71.70537603 81.52557886 78.35665663 73.43728840 -78.35474246 50.56909647 45.87563641 64.07234578 57.51606598 59.35075251 59.39188834 -93.31827531 -19.16116301 0.75957930 -83.77437485 85.63478650 90.32939235 84.50552431 -79.32202553 -51.36004278 5.72689314 13.85935548 -89.52734293 31.23472215 33.65911434 89.69172783 42.84655155 -36.28965021 75.90111079 48.08392490 -52.61393540 64.13793596 40.68651965 -91.75329345 -22.30891408 30.25237714 89.54828824 -41.37577509 -87.49789545 -45.51852263 -94.70581726 93.94683152 94.59939440 8.62080174 -7.82255973 -43.63845300 11.90989078 -67.01317483 -61.47323995 -51.55749500 20.39907685 44.61372842 -8.67820987 13.24314252 -33.58153494 -6.44470501 -62.97583924 68.41829679 10.68816187 -85.55914512 18.63264539 28.42874690 30.97017733 -10.93605471 33.96952142 -55.44542499 89.38943224 -10.09496746 -45.33031273 -27.81066509 -1.95245390 -72.28935841 -18.47123107 39.09522292 65.45737796 75.31381507 -30.43303932 21.96305209 -29.57475134 92.67886015 -69.44224533 -4.45191165 25.31860503 -38.58519920 1.23460955 -49.91099723 49.80706867 20.54852162 36.80391204 98.11942019 25.49627294 -46.31292152
69.48905991 95.41232709 -57.17142038 -56.45858748 33.62833642 -31.94854928 -11.30438756 18.69522972 -1.79310486 43.97245035 -30.19228895 -55.90029561 34.34882622 61.48139028 98.80974245 78.30443167 17.10322150 64.52988505 -11.48171092 46.48688134 64.78776948 -35.92787469 50.35852347 -37.50786893 -80.39042336 -48.35436373 7.20052895 62.71336104 -63.41958908 90.18799581 -80.33045641 39.33488953 -23.19349683 6.69292486 64.91170563 22.56074786 79.95189278 55.46458605 -36.82835235 19.79378026 13.99869756 31.54634836 84.37033105 71.47996448 83.19142786 45.00961474 -21.65009064 -53.72528697 32.11917209 -72.19776878 -17.25485898 28.64125796 -24.41420668 -93.55114831 80.66620336 85.64320580 -71.32956074 16.40457145 -31.08836413 44.63947772 -34.30425127 -25.34025404 16.19164851 40.31518456 -52.10367784 -3.20663207 55.84223305 -83.81797583 -58.30094226 42.29589757 86.91831509 9.18351633 15.85366870 -37.71113179 33.44513012 44.71573064 78.41183790 92.00356728 54.45239476 -56.61757326 73.27730511 54.24093776 46.11908042 25.69111157 -75.28645032 58.91211367 27.34522949 76.19630095 -86.24841836 -44.26206782 42.43503954 46.57966415 90.82770900 -86.80703788 -98.65630973 -23.44730404 -1.92281377 -51.35761613 70.62730955 54.42259042
53.42143516 71.53648058 49.24966355 -18.46659700 -66.78137385 -44.49020693 -72.19149581 23.62968038 78.18773874 -56.27177842 13.64693431 -98.54566803 24.77816897 -38.76097791 26.21319357 -40.18171044 -64.97535860 -85.94105171 -69.10107712 -81.11344489 81.70107558 -34.31738767 43.56479646 23.43422573 -89.69501105 33.67496623 -53.41900807 32.69875670 -24.33590814 -62.65393201 -94.65426466 -68.04986101 -15.14377847 45.78684609 -6.46288919 -86.72341368 -70.46887813 26.31102773 -8.61442305 -96.35710657 -96.75185059 70.60808084 89.47633619 10.99401355 1.49665330 -87.15121187 48.02283298 74.58110509 -59.45771804 8.81272720 77.80023067 18.63344864 -42.81703884 27.87313330 -83.89672501 71.69308836 -43.69788693 -20.42307420 74.47142511 96.69752949 81.07512662 52.00239523 73.83190463 74.86970394 -35.80730835 64.54104387 -93.20998113 -20.79646581 -66.46420431 -49.22725156 86.68281031 50.65494305 -68.40083525 -41.02772758 -2.16166031 97.44167368 -21.37829868 66.48566139 40.64789382 70.67225050 -52.19330858 -99.77645794 71.15011870 -21.42512071 -27.45306069 -50.65057563 85.37082069 66.04713824 39.17393384 -93.89810816 -57.82867424 54.08004332 58.20095286 42.06862131 -21.79063755 43.94477239 70.81032013 -72.03737023 -73.65782315 95.27377283
-15.99930269 9.16218323 -53.97483961 78.22522147 18.18708300 -61.67812596 -76.32046179 -89.73640357 81.39327879 97.67191272 91.22609729 87.99471690 -81.17545831 59.18054705 48.68556870 -85.89526089 61.40312575 -42.81103386 13.88338280 -4.29743932 -34.34721049 52.61958255 98.58072779 48.84351409 -17.00799929 55.11563413 -37.87521525 96.13441865 89.41940764 -94.16250929 -15.29699450 16.37229812 69.10159499 36.23310777 -27.09738794 99.23099878 -5.40503756 85.23432808 -84.50304369 79.47352486 58.34017008 17.53224707 -92.72352651 -99.57282582 -6.70481620 -90.95857790 3.97111036 25.28701348 95.46872056 5.38039487 -88.29300458 -64.48592044 9.48029795 81.43267410 -4.79852767 -88.07171064 -36.52122557 92.71629629 53.96087384 69.63958546 4.10312369 52.46855032 62.13488444 3.67384376 -57.30267343 -34.10940365 -65.13095079 33.83965726 56.40671556 -93.72961427 -94.41908426 -80.21313717 -11.65707964 6.54712459 -83.16336942 35.54441733 59.15126655 90.20730129 98.57212218 -57.49913726 -73.78122294 -36.27318705 4.42280260 -45.72852543 4.44933741 88.21149237 -93.62955360 -19.62241916 40.69461401 46.88789203 24.01105370 44.83420344 -13.59896059 -42.82671767 49.03467247 -88.18555920 -36.71801627 -82.68345665 11.26920810 78.16522938
-88.47910604 43.84650150 18.76571949 -61.15409415 -63.84417053 -73.44003270 -34.00133922 98.89026601 63.75222761 -39.08832029 -32.83867311 29.83496076 95.07437600 63.39390263 -40.02712977 -77.17939763 -72.82636892 -11.04052563 -45.71160090 -42.33036559 -56.27808369 -9.16854592 62.14401666 40.44696720 -66.92150533 39.18675545 -49.43655166 15.94715959 -24.59874794 46.54057486 -22.67936406 89.65308630 -39.10078764 -50.32866162 -86.59133773 -84.96021310 -57.41657841 30.53071320 -86.15169661 27.51128763 -69.66576133 -94.02396758 75.62850817 -16.71134462 32.59665562 -6.38701639 96.46108373 -20.90914352 -38.84809231 -74.07054158 50.81774535 53.59151184 -29.46320009 -22.04764658 -64.83846012 -40.13442899 -34.47754375 75.45451578 23.71383619 27.62188735 -99.28435368 -95.78240811 -96.45416986 73.98339568 -95.31028583 82.78788983 -35.87777372 35.78503079 64.93588646 59.45126046 -13.20182508 -72.05860891 80.01423941 91.17228006 -94.82306010 -12.31103805 66.13904707 97.78544071 10.37116992 -17.83927775 71.92891214 -61.99972008 -68.32021695 58.78774945 -86.46710135 -91.56075772 15.78765866 60.35320282 21.14135623 -48.23381701 -74.87420569 -79.45624088 -77.59863943 66.49101540 -35.15366604 -73.02513628 94.22270770 97.79257832 -71.56777852 20.21523043
54.16678496 -13.20691536 86.02859167 -12.50507566 -26.78171417 -30.54525839 4.46269813 32.42766278 96.20556704 33.69836808 -23.39006981 -89.87964392 83.03669506 46.28918202 -74.74626712 42.08193859 96.42207499 2.67751810 -86.93002069 -70.03046037 -62.38343379 -78.39853964 18.41864115 81.55650320 33.34893286 78.85064656 83.45328456 -54.39974848 61.59053615 43.17859651 -81.42222105 12.88852064 75.57931208 7.83973203 -86.03774268 -22.54459178 -35.24816866 -43.08845396 -11.51664802 -37.21698465 -69.28386980 -1.99284304 28.56332675 -3.40250433 -59.63226551 -71.08778274 -80.50943407 -28.94626906 6.99316844 77.54239819 77.09697233 92.59685620 72.16342008 -80.63581534 5.22957244 -13.93568947 73.65733511 -82.08325598 -75.85173007 18.13897256 -84.24744728 -22.52849287 -94.64464705 -51.63127435 -61.32869887 -30.06236989 11.72607829 -13.94345279 -93.91861575 94.27266167 56.71926267 61.99465927 -44.36778174 78.78204924 -36.05460130 80.73702173 -13.60466573 70.23711073 -80.03721242 -59.28691818 -23.53589394 88.46960909 48.34059012 55.94093359 60.56701591 71.24884822 -49.87288218 -69.29897487 -42.90696899 -51.83789033 -34.00538787 -63.56568325 90.68906060 41.85459216 29.26237369 -56.71927005 -49.55031350 85.66405711 -15.55619103 24.93115529
75.04374873 39.43337938 45.96876542 37.84248440 -9.27408893 60.90468631 -49.65861444 -89.54815221 -80.11050781 -56.35608502 98.79098287 6.10999505 -37.32352058 -64.89613305 -48.05398803 7.34894295 -19.96188323 -6.57022284 -80.45597799 -36.50965173 -30.74752506 25.49203496 15.19492025 -67.51554324 64.95934467 -69.68156326 5.53652405 -43.25655407 46.47165660 96.92560785 49.23061805 -1.06089415 -71.55020455 -34.73804080 -93.69781445 -75.58098035 70.37706103 51.29282572 -54.93274653 27.54623214 -17.91971992 -14.44747419 7.20881498 19.23899637 79.36445091 5.45625867 -6.94644273 -69.60572536 21.52523771 75.17306068 94.07564058 -78.65290109 66.12897960 86.63525253 -86.85975166 -41.94653257 44.44008913 -68.40119756 14.58635050 2.31733044 -7.45380142 15.97265251 31.19429648 -3.57137646 75.56560911 -67.20810541 -61.40349371 68.66791280 -17.89596092 51.86875163 -24.46635421 79.73528535 -36.51014402 23.17972679 -13.56321300 -7.30615704 64.33727348 -43.01539342 -91.34982558 88.71776904 97.78103591 90.40260010 60.03391898 -88.60203565 -3.39161540 90.18348190 6.31627522 -52.90901091 57.08236550 47.71353011 -28.53412139 64.76183593 -40.40309938 -54.32268099 -15.43308789 70.19544569 79.26725800 77.39910940 -43.85724440 4.02870152
75.16406370 69.87035346 -65.63823198 93.04197334 1.10452608 -3.90150992 -46.75866736 97.16605467 36.29981021 -21.91651104 73.76408217 -69.42698510 -78.06537721 48.13632817 -23.05236424 33.64166831 15.72958301 -80.26168955 -87.85150463 -4.01449645 1.08021211 -26.03162326 69.69364030 -56.16898619 0.62826716 -42.54794458 58.09209939 65.24664211 -34.26333231 -76.72694003 -93.68646661 88.07225821 91.73088966 56.11861884 81.30428088 80.57923744 -79.65013393 -20.16381015 38.13668450 -69.56921968 3.37328639 28.35369476 -89.77980285 38.92647961 -33.36587334 75.27970328 -57.95243309 -92.31467230 98.34802363 92.26302611 -78.19849640 30.51047790 -28.27731271 45.87456140 43.06074408 -30.24466297 59.45074735 -53.54447766 -19.07788961 32.66894800 -48.86357163 -19.82735761 -77.87076307 67.89271235 34.80424556 -19.24934116 -9.09086355 -89.57571821 59.20333213 -28.10146252 28.13530036 -0.63779668 -10.49738293 -65.51790953 -0.66085312 84.28874747 -49.86277117 77.33539696 -18.40904646 -38.92800904 94.04795826 -91.97040022 -93.30059061 -63.18294835 -84.04274214 -36.26995557 67.38307316 24.05857123 -34.61357416 -99.24008867 -20.02229436 -56.34018624 15.04057330 14.17306269 43.31858497 87.51522039 -46.89160139 24.93613002 -56.85346624 85.71646197
-35.12404200 84.00769920 -63.18977666 55.30572069 -26.74695983 34.56837601 68.29802724 -53.00577066 -19.67202806 -2.09195162 6.17570429 -48.53761557 -8.67107165 57.85153928 -28.00120213 -60.37710493 70.16371476 -10.96408889 -48.52331093 -64.74921272 -5.01700951 32.33482671 -54.04089171 50.96481010 67.56272688 84.30165723 -5.87245944 43.11863498 -39.53945791 -84.98030731 40.42390261 69.96921287 -47.09336649 44.52986704 30.93133750 21.24193213 -77.81266767 85.85185373 66.48875443 70.00048615 80.65959609 -16.04605939 39.04942019 64.27204706 92.36633370 -8.25757715 -20.29353790 64.64230782 -98.27523801 -78.44848447 -4.65164326 25.35208645 59.61655753 -27.30572861 23.30563494 83.41661303 -52.99773181 58.08174928 42.44735024 -62.15562783 64.64498525 -55.85770642 -66.84570599 5.10021298 31.50202539 -80.29600253 -2.15663346 -40.76910216 69.24566365 89.23999675 29.18727730 55.78188691 49.44096982 -23.49246220 22.32532241 28.40132298 -56.44453546 19.93350061 51.56831769 20.10333313 6.81713382 -2.58801934 47.33869747 78.06093159 -92.20408419 97.16230770 -86.52427283 61.16268297 50.36112777 -30.37442919 73.98242642 70.38349895 91.05317678 22.66203359 -46.84878714 85.67800707 46.47142861 13.03727898 -58.54432326 -29.74179705
19.67413562 48.42396768 35.64299973 67.30455991 -4.30479853 99.38596930 5.73981338 -20.90824140 92.88935734 -51.42267356 -23.30967009 -7.48193393 -87.51542126 87.94489732 -95.12107099 4.12963788 -44.06984978 56.36057644 -44.38276203 -94.15974868 -30.14921753 -76.15339582 -60.65429684 -34.42402851 -79.75224772 43.57396224 -7.27369881 62.12070720 57.27714367 0.40993394 -32.72541084 -49.42966929 7.69935158 -56.04036783 -60.57156662 0.49635250 51.55805481 23.52534643 -34.35501027 -15.53679268 -23.31160910 -59.86739874 63.29443605 53.55321774 96.89373772 42.12122530 89.05311991 46.98888900 47.38850638 15.82326459 -39.91012279 14.63747666 -34.21089750 94.66946767 -63.58402655 -66.54810199 -22.16218543 37.81689126 -61.59764071 37.03038521 -94.79397466 14.38242677 90.40614492 99.72124088 -83.54022802 -10.98292547 -25.05811248 -14.56420316 -2.58575088 6.52266872 92.30251065 42.93525974 48.48620185 40.09325540 -11.42697462 -62.68031682 52.07464931 -63.51998104 -38.28905771 -40.96868587 2.40552046 -21.68352878 -35.55022865 -64.87577014 51.78608466 25.44628999 53.23111592 41.14951410 -36.54574274 74.80780061 -61.72687838 98.19235506 8.60028598 -7.61827089 66.04168043 21.36513818 3.99189269 67.87618626 15.55222056 -40.58748224
24.66428911 62.81595571 37.06320020 -26.93405530 -15.48923009 11.26573217 95.54068661 48.55275282 66.51647017 -64.29184985 -17.22565263 -80.72830243 -50.80938322 76.08605666 4.39611616 20.77825492 17.04422305 -47.36055966 46.46869232 -28.94738156 -4.99411335 14.15561587 87.41667840 72.21125737 32.59934990 47.56691124 99.71418189 63.46692917 71.18431082 56.42578580 21.77890874 -79.64289943 -50.10821242 7.50407199 10.81674549 -35.41951199 -25.89126241 -49.88574498 32.16598230 -77.73369190 -36.38916352 50.76039834 -93.79662727 -55.79333840 39.10936413 -81.19467566 -47.09600435 70.62121789 -17.60416156 -44.90425018 50.05515658 -83.66374147 46.28881799 -77.99483109 -35.50938982 -11.14280482 62.19485436 -77.50065051 -9.22169274 40.18165737 18.05039380 97.19147377 -65.21592171 26.76789417 97.47433698 13.67935922 -41.01432164 -30.09280334 17.15358971 31.41377682 -98.66677234 -67.56015825 -80.75940366 -57.79166364 43.22446365 82.33499533 -18.98570845 67.49018019 -80.17022736 63.16663422 73.61902832 -8.97748451 -55.88957070 -52.23522505 44.82254884 50.46489511 -42.75528398 -52.04506067 -61.38076870 98.83955902 19.74310091 49.28229607 55.60619129 61.92604074 -29.66404889 -47.43334692 55.29308358 55.82811347 5.92339842 99.55084585
98.77625869 86.38033119 -85.13572308 47.33601517 26.56381200 28.98518636 56.53785057 3.15128255 -30.63688683 -72.45391200 26.19061769 66.52865805 -68.81799704 47.71078755 7.55448247 -52.01833292 55.88207620 70.67792006 64.13379646 -41.00492647 52.37443028 -55.17128997 92.65286153 71.28694045 32.66993400 -12.18611013 99.57382223 -73.95733992 48.03584085 38.12467267 49.64720519 49.15538484 -80.33700770 91.03972379 -74.34368207 -76.42563958 15.95749702 93.02400644 -47.49908001 -19.25717380 -60.98360503 -37.15171930 92.06736055 66.52401238 65.88028236 87.75194480 46.63635626 -58.85358104 -19.82283011 -51.76792099 75.56616782 41.08601887 16.19776748 -92.83557543 91.58547159 32.25141161 71.45287240 -72.66224572 -68.20265756 82.19691675 -40.00318118 49.20075168 45.86439206 -98.19800516 -66.75636634 38.07922730 96.68763366 -34.89645884 57.59403429 31.54264882 19.32137905 25.38639508 -33.93515174 -19.81323832 -48.20405518 -71.29720792 15.05961751 -32.45090165 71.94934699 -80.44712973 80.43972064 -4.53431602 -16.83051055 -45.99206865 48.76309975 0.14107372 71.18388253 -39.89701912 14.94852627 -71.23054784 -29.72627845 -37.98475401 95.97238111 80.12844557 -75.04722915 -61.77340226 -87.65443762 26.40549943 -92.59379854 7.30804815
4.26960887 -98.96676256 -32.20426531 86.43717751 6.97274927 -74.63782005 -20.13515826 22.56796312 50.19279536 -96.87542875 -97.01659584 -49.66080691 -92.38756924 -74.31354391 -77.59986019 -34.85333346 -47.23552772 91.02724401 -85.62602609 60.28822359 -7.90735977 39.92987942 13.60847676 -50.40758163 -64.05961124 57.14555397 -6.69400076 -21.88033166 22.02713914 57.02251767 -23.64100030 -97.00716491 90.25890037 -73.04292519 -25.97611005 18.07905048 48.06553635 -76.08387079 92.34017771 3.09463244 -87.03818509 84.94524072 -67.48808687 59.29630546 64.44328450 22.25040039 63.75210346 -22.54981390 -52.66929589 -26.53400154 51.05846549 26.04678344 58.06350883 21.56499319 -70.77344657 -7.26768572 -44.99681502 -6.21047279 -48.48044343 -75.62446803 68.89654482 -32.55032023 88.06919549 -58.24616369 -14.03262944 -79.86974237 34.98847960 -55.54590354 -81.25164970 63.96860828 -57.43234072 -86.21558527 -3.09573311 59.55074702 -98.75629920 -17.10158373 36.93112740 93.11884371 38.98790626 0.77968652 75.12381039 26.99370866 -28.18462284 -84.78003934 30.56053605 -31.19344418 -84.57893464 -12.19642771 -18.81534283 -16.33876314 -39.25884064 68.49233649 -46.24062775 4.79876696 29.26379428 -70.05754688 21.46783345 6.30589550 -1.80185579 42.56361751
-45.66286520 -66.38284967 -29.92570744 50.63329330 6.36951002 -65.69092824 -98.97082563 -53.68735078 25.73601695 -91.90674695 53.92176744 26.21172033 18.94188491 39.30887275 -88.23593888 83.55093861 42.20138153 -17.21751667 -59.35437072 55.91844902 49.88016542 20.74472975 -66.99821608 96.39766824 72.80145603 91.64460270 -92.29425755 52.32435765 16.79528590 -50.03831165 -18.62412864 18.75852203 -15.26720229 39.55844808 -60.98412165 79.58358000 -7.34861807 4.87715520 -96.04107522 -47.42836824 68.28892783 66.69547560 -20.07102967 92.41356015 -3.25278304 -2.02978502 58.09434179 43.92284616 15.61497435 18.12529841 -77.44446014 56.99588930 -55.31230295 -59.53942069 -99.01625133 -87.59051466 -73.72310879 -55.39649320 -71.45139995 -89.22293350 -43.74021316 -8.84955307 64.84793806 -89.37723117 -57.60568405 80.81835854 -39.20196054 -61.27452641 -68.90183547 -38.98127251 -43.56308340 56.41262897 74.19050095 -9.05828600 37.31709505 -57.96363270 72.78681859 72.62611293 -9.87170704 29.26640344 -34.46548953 -49.56132149 17.09828717 39.97878720 31.40737961 77.36804827 -31.79283044 -86.47926854 -12.22241080 -31.35387104 -41.01710127 9.39279950 -4.88097027 30.78848154 17.77681728 68.21819870 27.21474679 54.97193618 7.20560005 -68.12784508
80.35491164 16.18265216 -64.81137500 -73.34679917 -60.45186693 -46.94370842 86.52008981 15.31542287 -98.88551348 6.81415372 69.89222541 -60.86064248 30.31524221 -59.21044736 -34.85251554 73.89387445 24.26552265 -34.41790895 -88.28424799 -94.41015785 51.23864730 61.36605446 21.30465091 29.57578530 -75.58586847 -79.86708210 -92.52861941 -66.00610942 -75.42993432 -25.82784561 -82.67120236 -62.29213335 -83.19464997 -16.28189752 -36.34828969 5.56904959 51.04841424 -77.79239210 90.19309228 -12.80228242 -24.92027190 45.22816012 98.84973010 46.99385420 -11.13905218 90.98165730 -71.39568596 -5.20534984 86.59232488 -85.97589469 -54.84926412 -14.24002824 -69.96340082 -82.42538149 55.35597199 56.70017849 13.05701514 53.33713815 28.51559469 -92.50340703 33.80290645 -15.80443924 -94.70473417 -96.44686703 38.33213911 20.00389336 47.89706757 50.97993493 84.57819265 78.40311142 -43.74802072 -29.27661224 25.03372808 -87.72262203 84.31866258 93.81687265 35.57724813 80.35871327 -43.16629233 46.48561448 -59.04220496 -79.86927518 -3.84141708 -94.12444781 -67.02690375 54.91536822 -0.81833455 -72.11729642 82.42625188 70.00126709 -97.79793384 27.24524317 -60.14215538 -21.06028392 -34.00797424 35.63077823 84.31398428 79.34799574 -8.20991635 -71.55893897
-49.47581935 85.29286565 68.90958835 93.75583035 -6.92250544 -61.53533367 91.32680003 -50.52999522 -14.54403987 -32.92613879 -44.85328894 -4.34746797 -56.19984223 97.36926376 -90.83122584 99.06527988 -45.07241858 -63.80379630 22.37991698 4.55731797 65.85058711 -29.51658959 -77.21301425 -10.69454355 41.57085815 -65.50501542 96.99746864 67.27788287 -12.92843628 25.68435168 -5.44038631 74.58190991 -76.60210821 66.13975961 -16.44320329 91.79540416 69.67522309 33.96267646 81.82326089 -7.27822936 5.16349068 58.71830891 86.39221642 94.40906544 -80.10671096 -22.70051492 -2.82024025 55.96697662 -29.59881481 -13.45170470 23.19323635 70.53045195 -20.16775687 12.92134095 -18.84948202 81.11344405 23.36250182 79.20964016 -31.84785944 -78.04716239 41.32669284 -82.44216390 42.91788302 48.04520163 -87.38427799 -83.24500425 83.35685124 79.36166759 -40.65563292 46.31970636 38.66611884 -37.21177822 -14.41331953 9.16465063 -91.52721301 -80.32690756 -99.98484930 53.01575799 65.52355795 -2.31346107 -60.94144329 -81.65442856 -64.97561161 6.61612978 52.16637071 85.19581887 92.22770706 -6.68840358 -30.63141606 -54.23488548 -30.64294680 37.67957827 -25.26094032 48.76557590 17.87245523 16.47642675 -61.06602649 -31.35066724 -13.75959347 6.15486572
-72.66779293 -15.98212210 22.63216741 38.56508567 25.06150311 -79.97280393 68.08523617 49.36751027 72.89670012 -5.66937835 -75.44352821 55.00378000 -4.41272406 76.14215358 -76.81634890 78.50835064 -9.16278777 -81.42777464 99.03019484 83.44473618 -57.67202645 87.70464713 -45.83265813 -35.85610402 36.73585208 81.88176794 -93.88725617 -22.33802215 84.41469238 96.53865579 -23.61656951 -88.93205985 -7.42257852 -81.25424669 76.53339906 -77.91939309 -26.61784113 79.33717222 -70.71814665 47.34187469 -88.24893499 -66.17358333 -7.51003685 60.52462020 -21.98791391 -98.92658075 -2.28978747 95.56726925 28.63866042 -12.25619795 0.25438698 -46.71055159 -78.47259413 -49.50164009 45.62696190 -2.32647649 -84.15348427 71.05235489 -63.20038241 -95.97587377 -74.94158796 -79.03156953 -12.45823097 -36.92151134 24.41864852 -9.38910536 51.16471284 -32.88598777 65.89685914 68.21567343 4.18612025 -47.24828286 -47.88959735 21.22328797 80.68431486 -66.95763170 -55.64111581 -33.89462713 12.37795427 42.96740293 -81.94064507 -42.38394548 -81.48872547 6.47026255 34.12621736 -31.49688991 2.71012254 5.78721828 -93.89041284 -45.21210959 -83.78794062 78.29547260 18.21535944 -66.55435349 -50.56830924 58.15026233 -27.17704174 12.39297459 3.06453000 42.26575757
-55.69587648 32.56129479 -55.69452659 52.34353962 -75.91292231 -72.11736598 68.46402460 56.97905599 -0.65938655 79.92227531 81.23120557 81.21598388 -12.85184771 -73.92465304 87.49938054 -36.65288779 94.00529968 -27.50041050 7.52377193 -20.18275629 -92.12636395 -72.50005688 -60.46454859 16.34227303 0.31138559 33.24366323 24.16532956 20.91342141 -53.43838325 -17.67687126 62.86638249 -36.39116561 -39.88628599 40.40272429 -96.08803190 18.50570346 -16.91391800 18.12531957 -45.37488798 -74.70556745 -98.44842710 -1.80296917 -41.07692192 -27.74973186 -95.62520791 -50.49577477 -73.47802259 -67.33990531 10.77360865 -92.40331149 39.64559973 -79.04627638 52.95413916 83.18229389 41.84446336 2.37467023 -16.18738353 82.08812726 -72.15262206 6.54007747 -18.75141287 49.30766931 98.90656200 -73.78773431 82.02108408 64.21332318 65.95343590 -63.42887506 24.40868808 99.15234663 -72.27134325 -85.86131087 -45.76399889 70.59512075 23.25973752 72.41543161 40.21440255 -55.47656151 69.58058386 -7.39184852 96.00470760 54.52744962 -87.82272508 -40.69462376 17.24995504 -35.59892259 -56.06443662 -44.46074523 -42.98881073 -74.75022811 -5.38374480 -56.50745448 -87.61674137 85.71643615 -77.93045644 14.98570305 -8.29592334 90.51165063 65.43996938 -56.12216302
94.10272153 -31.20007242 76.82298791 -85.06276251 -56.31071395 46.38023874 -49.90489079 -36.02793363 7.03457263 57.21090366 34.56985587 -95.94922380 -5.69746487 61.11132566 39.71614892 -31.08382678 30.04284438 85.18951249 -66.83068253 -86.62806804 55.87745627 -49.57995213 86.74556910 94.16513543 -15.10788476 21.58722725 -94.96450762 70.52194409 20.76149916 42.54164628 22.67858060 21.62835081 20.93448636 37.29562072 -99.88620215 -20.71770446 69.75278196 -79.35443065 -89.76417448 -38.02885265 53.95189574 -45.25435151 -33.41552374 -21.89105459 -26.06964746 -42.05851048 87.40220079 -57.95295991 -87.29120363 88.41100013 63.88100181 -88.62365899 8.72592128 30.58673251 87.71005390 19.00044618 -73.83428428 -9.37091262 79.55113543 -6.52078903 -62.78569076 -73.81583498 44.54559399 42.84268232 22.69907675 -24.89278226 81.49764268 -46.61794008 -50.74173116 -33.08312927 -23.66981233 74.88854206 -55.72605947 -95.50671003 -63.03925777 83.17351008 -96.55326955 60.53685692 69.19074903 -27.10152018 -15.02865123 80.42962668 94.85355861 8.66301787 -80.00524815 15.09832261 51.55150358 -33.97972753 -26.28820696 57.64625627 33.93588800 -98.47372873 -48.05920505 -62.28587680 -55.01468871 78.94352384 -41.17845009 84.96937344 -22.26741788 -88.48652937
-91.24367290 -63.44533931 -77.98517288 -93.29152942 76.19971950 -67.97808440 -2.21033734 80.02336130 -89.96565528 -1.55075190 -40.23936642 86.31982953 43.43835821 -45.80653677 -85.21547977 -49.35518109 -30.58557020 38.18093826 25.89150886 -80.63099312 19.27191880 -47.03605939 -99.29046315 55.48555265 -62.66896004 58.45574102 37.42395859 -11.90931641 86.00538422 -55.79520780 90.93121312 66.96905085 94.15306809 86.02539092 38.00642670 -83.12595990 35.06042028 -28.67478165 -9.74931764 88.51304886 99.43601196 33.23725024 -29.56137329 -20.23882575 -89.22109235 -17.97833665 -73.55429685 61.32772184 77.75216853 -2.79421168 35.81759152 35.71626009 4.81146468 6.59612094 -50.28089281 99.14148401 -47.66223366 -54.69648626 71.60679574 7.92735235 -44.74636137 -49.69077510 -64.36157367 96.48198106 60.26916083 86.53927665 -1.71127452 -4.03617294 48.87587416 -56.46611169 -8.51711133 11.07802954 1.00552544 -45.70458733 -69.07255214 -97.22996431 -0.75954567 31.46835973 -32.27676342 -38.94306584 95.02439385 -93.44446197 86.39054894 -58.15294829 64.21343958 -66.83924384 -94.29915459 53.06264459 -11.66689161 -68.45970771 87.25263311 91.89034538 65.28952030 -48.20103239 75.17958407 -71.18408931 15.35274541 50.78445388 93.18794646 -70.75378918
74.30507497 -42.90035746 -18.55240348 -55.26340223 95.27417204 95.65686319 87.14960275 -26.28539075 71.71848697 9.06001902 42.24944921 -81.99574324 97.63023143 -26.58108309 16.19589565 85.66869281 -79.82734384 -74.66016004 8.15548744 -29.36399796 58.87561785 -28.94750518 37.05040950 10.68302630 -58.54082876 23.44051269 -44.19237677 31.27630171 -18.84299128 10.83900997 37.86815624 -98.03161509 -60.41413979 37.31948593 -44.74005748 -19.11768537 49.64286393 -18.83132500 27.97034653 -0.69328591 -36.97992417 50.16931382 -68.39868522 25.67372940 33.70251050 66.13956622 46.85530751 60.62753127 -19.13911958 39.92016038 8.30021594 -80.83511236 36.23672003 -17.56484030 15.76426974 22.24921258 -53.85181045 -77.91248802 -62.35298989 -71.70154640 87.54337784 10.75353413 -14.57945968 -30.67407991 -76.66048774 -26.33717434 -99.81059743 -6.68036460 -98.29499220 55.98221442 11.31068426 29.41587780 -79.65965355 40.40922419 88.77932740 -69.15210981 83.57608046 31.89090862 -22.28326105 58.04587352 -90.95252070 -3.07754077 -59.26060240 -42.01712999 -55.81891324 -86.56387752 56.89530532 -47.61022039 49.11688830 -33.95179684 -55.81335770 74.65878336 20.92239498 -37.93493801 -80.27163874 -19.81898605 -17.42288653 -28.74676379 41.00298399 -54.31562857
-99.05051160 -44.08028838 -23.93529696 93.86236454 37.00614698 -95.80297447 28.88692858 -21.64278080 54.18344032 25.73236115 70.42795524 94.95775193 -91.68592826 -58.21332575 34.70099368 -66.47337415 -50.52615223 -25.73199590 -85.42255291 17.00770077 48.44119605 -91.79626220 -34.20948316 16.28237398 -82.40097742 -80.05222027 87.15278969 76.31844282 3.75848052 14.10921910 55.93970762 -3.47003027 34.44580032 -40.00867034 -53.61037914 -94.66978831 92.90017502 19.40598281 29.96509352 43.61586678 33.57802460 60.21858828 7.04862838 -31.17955828 96.98400320 -63.39274027 55.47960111 -56.44225094 -57.46259860 50.25168958 98.52420682 -82.69475869 -94.95877078 54.34268919 -7.88771672 43.66207796 -15.24669235 17.56865180 11.39157342 -50.25940854 83.61936915 46.80669536 1.98586765 -21.78483999 55.26438369 54.75823573 -24.14814551 19.95111133 -7.47282922 77.54858663 -99.13580807 -0.46120784 -44.53500412 -62.77286306 -81.31359384 29.55196733 -98.95566940 -26.45618396 45.92165379 -78.12681363 7.44751600 -40.32390729 65.78306905 57.49221324 -11.12816966 50.82039564 77.16270299 47.99367682 -10.63895157 -81.23882004 -58.05350416 48.35084369 -56.78909213 -86.31929044 19.69546982 91.54485841 -18.76766423 34.71601290 -70.83699313 98.13802435
-56.21551908 40.87234548 -58.53160600 34.56380263 -0.27238561 -33.15370114 -69.54785332 6.85850815 2.45990224 52.40854363 28.25413217 78.39909827 -74.06303717 -89.95529257 98.19073362 27.43019783 93.24068913 8.02044998 -24.34617301 -11.81533957 74.37613226 -59.55969107 -7.28908306 -9.10601301 -7.17464761 -69.88086503 -71.02161496 -76.35358261 70.10871582 53.10324770 -37.48112907 -18.79973582 -68.02606195 32.37102495 0.98898946 95.76761494 -87.31255724 -98.08422997 -27.59446717 -58.31547714 -30.51138011 69.10501825 0.01263078 -86.15809127 98.66844675 -56.33727107 -82.43807347 49.80845369 58.69455239 40.52425656 -94.97301464 -29.80331982 98.60563816 -12.22731590 72.10887264 85.97983085 95.19288605 23.81023089 96.25851146 24.98687749 -39.96296756 -34.75717985 25.37400622 -52.02409342 -22.48353104 -33.90967456 18.07273056 -24.24711798 82.04736790 55.53517860 -71.16188769 87.47996316 -35.17199781 -89.16427448 -60.63549393 -99.58606488 23.24630707 64.35091612 -6.70847701 -53.02119717 83.53388806 94.27841864 -98.40995495 35.16456819 -57.42685081 -28.14925396 -47.79920553 -21.73628061 16.03233664 -43.37776412 70.97901381 -5.98075463 -48.38501253 -24.84013376 -73.08040221 -17.62061053 82.78540391 -49.81742823 -94.07118335 66.64901632
-18.01839942 -86.49484697 -13.18872932 76.29503393 58.68721488 55.64479634 60.27719141 -38.04505860 -37.77523754 -87.20108735 -61.38526522 -4.07964436 19.05939553 -25.10734329 31.13711008 14.77852145 -58.11081552 1.20961051 25.50978322 -80.84607769 -78.43313873 76.92763119 -82.36916053 -87.97020850 -25.74092529 -31.81391065 -9.63237902 -54.85379215 85.03897605 36.73738107 -70.90753125 -42.08787610 80.86026671 21.16325598 52.01803142 86.57976946 -64.61154253 -7.10191663 34.87742664 -36.60994498 23.76305781 30.51913758 -2.08816555 -15.05872035 78.07790349 11.15934926 -42.62252162 -50.96858498 -63.58957593 4.37873830 53.86002406 -96.82387815 -16.90214928 38.36786536 -45.41579718 3.32500732 4.26427828 -96.43220626 9.31618265 72.01338081 -35.15869610 -46.01023806 83.37522680 -69.13635090 44.67439991 -74.15557808 -85.86544596 -30.08996826 38.74369337 94.41622581 96.30278043 12.97571234 -99.68526345 -93.25655915 -48.68975836 -18.95450009 58.54694979 19.47797291 27.77781361 -38.11637496 77.04509528 -9.27930168 -33.77747533 32.14481586 34.76531968 67.75786302 -30.30778344 -62.27605415 -80.72698060 -36.77994124 0.99663998 33.21704839 76.29743779 87.09740568 -31.95950738 5.28846118 98.51274740 54.68733585 -54.86657991 70.77752678
9.91963746 -97.92431413 34.95911500 -7.51246100 -43.51374576 91.67951113 -50.98362758 72.55987714 41.97222755 14.65347978 69.90896674 6.51853107 81.25040688 -5.66112190 5.12535169 -85.50728596 59.84328845 53.90487508 -2.79511365 -99.51789044 60.06895494 -7.96213480 -43.06287734 -44.33491803 20.25111894 39.00015381 -22.14573708 -72.15496310 -39.26082584 27.49088074 22.83403863 13.43785258 85.97549660 -56.89564937 -96.22942002 86.55026243 -69.48107774 4.29479727 -56.84610829 50.19604484 -93.50800532 74.85692544 55.74316726 82.75601238 46.23678411 63.18703888 4.64675713 -56.84054064 1.37534012 23.29140706 22.60646554 18.88796536 24.34266158 48.27678252 -97.49174463 98.42918609 35.14894204 58.76099132 -84.86661822 -9.47335998 65.00168472 -96.55476867 -48.30355621 41.57394789 87.66902816 85.48703707 74.79597619 -64.86025410 69.01183177 93.72131731 18.49720202 -47.60357762 51.35155763 18.97557219 -39.83784361 -12.04631681 76.76784281 83.79331285 22.23332338 45.04993534 88.38177985 -97.43319897 -14.78685379 -32.25432143 63.76845712 -58.03698081 93.72588657 60.69355876 -91.30671040 43.38609366 33.92586297 -90.95170223 80.63367826 81.78386995 -58.33298585 92.49159711 -88.66233474 -27.41722385 -37.22902672 -44.96903895
-40.28302326 51.08971588 -82.12367382 96.24793964 67.21048851 4.65108642 -39.42909016 48.83745533 83.71185976 91.25727926 17.16700947 7.54396169 98.49176014 19.61523337 34.72522546 -8.85329030 -36.33749969 22.16887192 5.55658730 -64.02501409 -78.71289707 -74.78781071 -65.05524432 1.77111256 76.50750798 77.69425842 66.81523299 -69.70914506 18.78539706 -25.06522607 82.27413436 0.60040487 56.43469531 12.41671021 77.15552632 45.49128367 66.80312682 54.29848017 70.55011738 25.74240366 69.86065545 75.50592353 22.14916618 99.03219619 13.39591787 10.13099320 69.76126157 -68.34753839 21.32192932 -18.27138595 -70.70142520 39.07800198 71.88493123 -5.73380628 -50.75818677 -96.72565980 35.11185065 15.27275667 -47.98361570 23.96522132 -41.16194743 26.47888376 22.28343992 -40.14052611 -59.48707063 84.90350981 -42.36840941 -83.90627578 -84.26187044 -98.53943293 -2.83457905 -78.73281991 95.65476864 15.51272664 81.88729658 -61.67275611 25.27487936 97.42581457 62.26748407 -42.99451375 29.22207363 71.31819175 59.54569077 -74.51455733 -25.07837322 41.81298053 -62.09115310 69.24783561 -31.60094219 48.67848733 -23.65800570 -50.19939809 59.65983473 65.62861829 4.80263715 -4.63873865 -65.45857959 -94.12987230 -9.88696566 -87.15379765
8.48503605 23.72230117 -3.37484652 43.53428736 67.46757782 -35.16906982 87.97902318 21.60000347 -71.66496573 94.12689098 90.22375209 23.04720896 70.30627101 -40.77593379 -17.53914661 88.72794635 23.99548240 55.27161405 85.79569636 34.06373923 35.72007333 -89.35660620 -63.85717703 -44.69952973 3.27346838 -55.70851758 -96.00901296 -20.35183571 71.01056270 68.54749137 -23.89918552 67.28273631 84.67231586 -4.24974756 76.81353403 12.89201514 -33.84962679 -3.54619417 83.13008388 25.55735138 -48.99083205 -3.34370625 -33.29411747 58.15931871 -62.13099045 66.05182594 -52.40081981 27.16877600 65.16622276 25.37106134 6.21266560 76.48039378 -59.74957287 96.41496602 24.20938808 -87.31295090 -92.40117165 11.47505754 -13.81648529 -65.26654465 -31.56818338 -90.92329569 17.29399535 15.09859779 -80.36746896 -10.90473335 -38.07832632 -58.39403222 10.70079185 -88.70110606 26.07340776 -8.49109145 -61.42847230 -70.62861383 74.43064225 -95.45577043 -65.20515601 -16.75724856 70.63710175 -80.99333231 49.94015843 31.72187341 64.94133259 -47.59849066 82.76943782 -76.96650423 -49.34017447 -91.39923520 -38.69755233 -24.99712323 58.55880150 17.93902375 44.45397107 -78.06745370 23.05249968 -66.50783003 36.58906387 -54.75905286 -83.15809461 -37.64481451
31.06528164 -24.68830873 66.37457281 -9.92806184 -28.74075982 29.68513275 -43.06266930 11.14547485 60.63637130 99.69793032 -95.52338566 -97.04680696 47.66358909 -6.59730293 -27.24935383 12.66362948 26.50165618 -52.68696938 -79.75833280 -75.70643259 -27.80827910 38.32208230 -23.05091059 -21.60823051 -69.27072148 -37.69549981 10.99498468 52.98225080 -53.54617575 -12.77584662 80.84717716 -82.49789171 -89.07079922 -40.21282221 -27.68306673 -73.17656324 -59.59406092 17.23011265 -69.98927039 -43.95733090 32.41232383 -90.25080262 92.38918115 2.54141890 -57.33960899 82.17348752 -40.23101770 93.28781897 -44.77662783 4.96705382 46.80801797 -52.16223607 -76.33087998 -51.99376925 -54.74154477 40.83575771 49.44209333 -23.43194751 -76.47858907 -19.17546555 -79.07792522 7.04925370 41.46735705 66.38168772 33.84740337 -90.69973270 75.37561314 51.28052298 -63.33012419 53.61619878 95.37285595 -72.17160513 69.38527024 89.09631742 56.35603197 17.05320943 -35.51786724 83.31900696 -42.35038399 -54.42402908 -61.17608237 -55.73357786 -2.18580525 15.71958173 47.79183721 94.17188419 -61.91061228 -69.41128168 85.51028151 87.64217691 77.83923280 76.78298146 -5.19637622 -93.35492470 -20.79707757 2.93733113 76.41545614 -32.67930421 49.81162505 -79.89405080
-64.14059384 -49.70895611 28.05474608 -4.46571311 89.19166956 -21.83347388 -39.29517053 -99.93228638 -76.74085645 -80.43215407 68.59440362 -82.50300721 -3.71923930 37.68182420 -98.40400551 81.45970808 62.33921376 -7.62073515 51.61822713 65.39917422 -93.60749227 -83.80643314 -6.52694266 69.36627201 -44.93233513 47.15531974 78.95108865 99.24241415 -36.61680105 -63.21788327 2.22809669 -22.10118597 80.74851696 84.92941885 77.85043769 -85.95414798 -3.81757526 -91.72609770 80.41800495 -36.66676712 -7.32780138 -77.86674602 3.84760470 -2.58235350 -81.99590392 2.01379797 -6.45772757 23.74060246 -68.70214536 62.70610485 0.31105862 -13.82356557 49.90060353 99.13600705 -91.04162173 7.78093131 84.26933379 -82.11382587 36.10284256 17.38178438 -14.22539954 -51.05188177 -14.25000570 76.27044129 -42.21454319 -60.84701928 -18.72890299 -12.02837866 4.96036649 80.71047748 -97.50967732 -82.26110749 -63.37338705 90.32740759 13.57640223 -90.02579017 92.21595275 15.80044493 21.33222006 5.95639318 1.94175763 83.88978265 91.07605339 -12.10066495 -85.73466964 -1.51751277 52.01532490 -19.31986054 19.22376219 27.07059750 96.38517681 80.87103601 42.98369790 -28.61850528 31.02282893 84.95417849 20.75344792 72.25266559 -71.35155275 44.55248751
-19.54710686 80.37890428 2.18638769 29.80241424 65.44344589 0.45279230 91.18514052 -65.04882814 -76.69383142 -38.18020521 -2.27528158 -8.29295315 51.29186257 -86.45491442 31.09043154 -80.31595334 32.55332755 27.89768717 70.10350726 -18.68723578 63.81557551 -7.27124105 45.78474231 -84.41066391 -37.68440507 -1.46326250 90.03185305 -11.20637397 -31.08361172 -89.93373275 24.18202500 96.84051421 -11.83104979 -54.59325256 -92.78391482 -24.18903167 -66.99599178 -11.20914326 1.68209780 80.47454913 90.55888261 -44.66879191 64.15939468 -10.03215980 30.58417771 10.75182597 -54.81352413 -98.68084164 -81.51218862 -72.84450512 44.80028354 68.83018828 13.84603170 20.35788925 -77.29498269 -69.46110530 79.27878656 78.56987567 1.31965513 92.95625136 -75.99291174 59.28438179 -64.60578743 -18.71535329 -79.84344554 66.26865502 -98.31195884 44.82695848 88.98939462 -65.54359777 -32.72217776 -3.91736230 37.23502568 -43.78976236 63.29487198 70.25403958 11.32697561 -64.30922310 -10.24991241 -1.91047491 -46.74154362 26.35430028 -14.39753207 -66.79585085 83.86970947 93.22979209 8.94831901 -54.00825736 -73.40324365 66.07274743 70.82260093 92.23925921 -99.68248372 14.55106945 53.25971419 69.95428911 -12.47718825 -11.51586074 -38.09820971 59.53914519
62.47072201 74.38555735 33.93137850 -76.53426137 -54.98469317 25.75583862 -95.03688533 58.07670876 -86.45836695 41.54998656 18.08826988 11.83004954 67.55066664 -67.57868625 81.01962245 42.44723612 26.54581981 22.04559035 9.76439731 59.69860372 -30.36798768 -91.10218007 -96.64264551 -55.78866552 46.04592324 2.84655212 54.26015246 -35.39215305 70.40204885 19.85257093 2.30201045 28.57831440 -7.19095278 13.87272027 -23.14965450 -94.60805279 97.44617730 -18.91409628 65.46447763 -27.06594416 14.34766398 -89.45041421 -58.02020063 -21.61810352 -36.96999808 -93.35175107 -16.87546939 15.99865076 88.11418470 75.48598081 -76.39379528 53.00349265 -76.44065479 17.60751475 -41.35822559 -19.53821409 34.00106698 -39.24776217 -82.19433354 44.52024837 -57.87339283 56.87382357 77.11786592 57.20645894 -96.08701447 -89.45681336 -81.09706238 -56.59589213 -54.79182367 -54.02109906 -18.72321567 55.21575713 -2.98822766 65.99776128 90.29239647 -19.63260920 43.04455634 -55.97622223 -15.05810106 69.27509224 -77.31873584 5.68370464 -96.69984629 7.68696388 60.93503949 44.99134175 -21.54654413 -29.70493361 19.98882115 -25.45231253 -15.40897926 -71.14451569 98.78286719 22.70306175 17.17358738 52.80306721 -45.27548205 49.54176988 86.30571440 -2.09567660
74.68924723 92.30625492 69.78775681 -86.14102505 97.01836148 -33.76935880 -94.45694280 10.59077707 -11.68982110 3.14206571 -35.01636838 -65.94370925 1.49361342 50.89298535 -38.29134971 -37.87910553 69.76796443 -67.24606622 2.72883261 6.07584268 -69.31562883 46.23158524 -29.71926261 -22.33013112 -27.36462100 30.99981983 27.54602993 -99.71174598 30.50010444 -28.43732369 60.36515445 17.65593989 -45.78642856 11.45644673 91.61754837 91.56323772 -66.57649042 -59.50296551 23.18749320 14.97463476 -34.67792855 42.80630146 69.46788593 23.34604790 12.49822819 -93.62221449 -62.37229360 -68.73928966 36.71426698 15.17553802 74.77969353 -92.24027083 81.12185841 68.80265393 24.75945620 89.30004402 40.68945037 98.66626203 -21.01538070 99.44853037 -82.57285610 -26.76940991 -52.39363268 39.94398977 -82.83610633 77.54456263 21.19159133 14.75718296 -38.45051929 -4.38799528 33.22881651 21.24225793 -98.79235702 -89.91621713 99.27643370 -78.91229055 -5.03592595 35.27379020 -44.52177476 82.38404265 -33.71174763 58.91233454 -52.92576469 92.33664433 26.57449762 -14.33214577 -51.03107370 -90.51758424 76.77865097 -57.06073308 -83.73271761 61.74574494 88.53628380 -52.80695480 -79.35277411 -13.83060811 77.77710884 22.05817124 89.31884006 -70.79542289
-27.65585857 -32.61493321 9.60616315 40.70532790 -64.64608150 86.49174432 78.62872920 -37.26357400 93.82423110 32.55351344 56.12302875 -74.57400462 56.51532452 80.42081311 -99.80656634 68.60205784 -14.52524649 42.33734023 -83.68773098 40.62056048 -86.09146607 67.15287162 -86.05074687 -70.65916540 -10.21218767 18.97767105 55.75434893 -65.75416812 46.45560384 49.57887980 -60.17781641 65.69682113 -6.91339357 50.04061084 -10.12831238 -19.95113014 83.55468846 9.08298031 52.17281888 19.87221833 5.20151333 -16.14515454 -75.50049416 -84.26248673 -99.40897487 88.25715472 86.63936165 -76.44294087 -25.13209840 -97.35553218 62.64657509 -33.46310629 10.15316649 -61.38848706 60.27161100 86.52449207 86.18792749 69.50792851 -19.36805963 -64.36542314 54.06157398 63.01781918 18.22820684 -71.28848959 96.50362020 9.52656385 -67.58908976 -7.61139773 51.25639156 78.62045616 56.44193556 -97.84758686 -10.92502583 73.18861884 -34.23147024 17.44804195 96.92444495 -76.95808177 -7.43476455 77.14601212 4.80316655 -18.93591764 18.93569740 -17.86612340 -76.32950094 -13.78512733 -41.03799329 -82.80928604 20.46617459 75.18381258 -73.73714796 -11.79663702 -71.06017726 -32.52806714 60.28039621 -71.72465095 87.66915137 77.00329009 91.34622714 -81.69119695
-77.36240294 23.14762462 -19.77434728 27.67045891 -32.27371814 74.67126265 77.41618708 87.82192887 -17.23587719 -86.27014788 2.05868398 97.12607103 0.77273200 16.35640381 24.87863470 -17.16937037 -12.23687975 18.75722953 75.57558577 56.96365862 30.89897146 88.67037339 97.37747751 97.19177399 -47.93650865 7.39978351 34.50633226 2.17727739 29.00200797 -76.89673721 -69.56830705 95.25340069 81.58749391 40.62454965 -59.22276556 -84.80096148 -41.88192507 -37.28183646 -77.88036832 -38.06069325 -42.76189143 99.56323138 30.06473762 -18.79096332 -12.53478884 5.41320455 71.63060851 -83.91191354 -90.38188219 -16.63004705 -66.84338730 61.84357969 50.75804707 -79.45207500 -99.91861715 -17.31276624 59.05567519 92.33482688 79.24122157 -38.23653114 12.03604758 -54.93263014 -43.32564392 60.83113686 46.90552089 11.78526678 25.04197982 -65.17071476 -71.19424606 10.38103024 87.61061638 6.06165158 -47.98287333 -74.63377245 62.38541133 -86.70024004 -49.71026761 -32.72195700 -21.56679245 -64.76998393 3.68800650 11.09075137 69.24940152 3.21933230 68.42651448 23.91437070 -68.65054512 94.04826359 -92.31402250 -69.11496766 -2.95534618 -86.49319100 -61.70083297 83.07103384 47.09577626 -2.60134481 48.30867977 21.52655157 65.14667202 -31.42542632
-15.15458797 53.65914715 -66.39750005 59.65917642 70.47292789 41.29597043 63.39088690 60.52074139 -99.01706738 -19.49354351 -25.79956870 2.02163180 6.79232595 25.22747139 -71.87356512 -35.17400386 65.90407785 -80.66666635 21.50999493 63.11103276 91.94546016 84.92071845 88.08291522 -36.14512816 12.73271220 81.79122333 -29.77477712 85.96192224 21.71924328 -15.03245925 -32.64313669 -42.64935605 -20.39562096 81.42933047 21.67087051 63.47527586 -74.86686192 44.27511734 -25.77837121 -98.82786218 -65.84768436 64.99110711 -5.09601793 -29.48794298 -3.00831901 -99.91641039 76.12819126 -33.78465967 -97.35268791 -19.50286759 71.88238840 -23.31647469 -95.88835207 -33.14773759 -30.34716464 59.50826699 -67.54733527 -59.42925883 -83.22729154 -88.84039130 10.91560180 49.91711104 94.92199631 94.27069114 74.02616837 23.52928186 -83.39642759 70.88555396 30.29483429 -58.83319808 -2.37179558 49.52906654 82.36141859 56.23025206 -75.99278623 34.78420888 72.00644124 -4.26484446 -0.48999118 -71.40625671 -61.80004020 23.79700157 -30.14423076 -21.32846754 -94.76327262 64.55121198 49.33948519 -26.85443136 22.69061043 96.58031125 53.49112672 -87.23221704 51.92322773 93.48840176 93.17162451 -56.89087992 -47.00275385 48.52458964 -47.21900434 99.45964587
-71.03027097 18.27158143 -56.38045271 -0.13569680 6.76762798 -18.29710205 35.01285024 87.47294028 -85.27845690 12.90667693 42.48682438 57.86030683 -0.57171964 49.93018256 -68.51207701 -97.85598234 68.32790213 -37.72764912 -32.46888886 57.80320590 -47.47368616 -82.09020237 94.22703621 22.45346218 54.00543446 82.88666107 34.01988985 -10.91230992 -47.39176740 -67.00746518 9.48600798 50.93642508 -37.49495093 35.80671026 -14.43108957 -93.94166030 4.46104749 -71.81455133 -49.87660025 33.88045999 -63.34163857 -61.41604778 -34.74494696 91.37202834 -88.10678815 -10.70309539 78.69654542 7.48072420 41.44252108 -66.70174076 58.20220173 -46.09117160 -88.18891652 60.29707812 83.63428690 -48.79876744 85.74824346 -80.22566967 -81.17694837 86.39804862 -22.06318171 12.86420275 -69.98118882 -79.30090139 14.38953227 -39.67257557 76.46588113 28.73855876 69.91331222 55.40221418 0.54617806 -23.40460117 20.32582410 23.91702939 -18.61374999 -41.67185097 67.39787593 24.57509198 -9.95976342 -41.41895663 77.97138569 -79.46807709 -71.02813670 -74.01321847 38.35691716 -45.70741259 34.15941231 74.83446069 -90.70343111 8.30299074 77.78326316 -18.06800960 83.80547464 -14.97946312 54.77032283 -94.02434980 -13.63252006 18.11332914 53.85736578 -99.91368114
-20.77008079 18.25609936 46.98276446 -75.26673555 37.08001538 -35.47230295 -55.15072807 -15.44558450 -65.01636281 -68.22505775 55.10953152 -83.48787473 -99.07449823 -19.24405209 17.57829680 -16.62665848 73.69922139 -33.07570863 -35.69848571 8.62499989 93.78098863 -65.30498651 -79.86010896 -36.71574588 13.83934266 81.77237511 4.53990043 -47.30676829 -20.25958468 -26.92012875 -77.09626428 72.91726823 -51.89004481 -81.91365975 57.01129267 -88.50248975 76.23673264 92.06585460 -29.81327225 23.24541450 54.40740950 -73.33754159 -96.81187533 16.95767675 -75.03033607 7.27003103 -13.23755897 64.30035915 -70.40173854 0.48057575 -75.26610263 -7.89952651 80.48633255 21.97576733 -48.31603896 -94.41481381 29.15541807 10.89355120 9.69452862 25.96880100 -71.99567713 24.58889373 20.22021866 43.38544887 29.17471207 31.89291001 19.33956407 30.00051578 -44.73604598 7.73272341 29.08266466 -78.35402708 -53.32898807 1.12911766 52.19061523 5.59822970 -11.99448665 76.54067640 32.84377296 7.33400618 48.93669133 13.75968423 -60.61455974 12.38385969 -4.98966045 82.78683119 -23.35879573 35.11455481 23.48534954 57.24668767 43.59866020 10.30665592 -96.20908305 -34.78441250 64.67921333 -7.03798719 -62.68517358 -62.59137765 -28.94153696 -53.91317807
