313.9470951567574 3.4662648409862586 4.755984051139997 4.906054865946318 3.7646988133959525 4.795048339967886 1.504517566884573 4.020812400048858 2.7800092917084105 3.825218743034965 1.298070561979157 3.894111674666792 1.2279747747887222 1.4339934849984761 1.6351054691507652 1.6378283028702656 2.7009784928442127 4.324628931760191 4.363135489297743 3.9069107477167138 1.4301673040429783 2.2954102213740972 4.7816657313817625 3.6213074226794006 4.374318903522051 1.3392622363670794 4.757420288712096 4.683864664429342 3.063114103400011 2.1483676957089415 1.1903031198570324 4.71790164754611 4.935136624938202 2.9102643398247485 2.2844384352854123 3.030713347281548 4.9926482395050815 3.645399477435806 4.616894780069167 3.864494989340424 3.584872079117023 2.562515356718763 2.496163362799156 4.300457179929202 3.7771436938678553 2.7425059191761445 2.1595647929996598 3.8469667730421806 4.419975913292356 3.985241676561149 1.7945277227360945 3.683771011425663 4.571648332669412 2.8177601296273127 1.3581960789517238 3.0317586044970866 3.759861128174303 4.862596622472425 4.81724110604508 1.7506673962600896 1.677732816091607 3.980300879275734 3.6607011637241125 3.976387210823142 4.912778279247657 4.143571694835757 1.8720035584416084 2.518848332483693 3.559231353060644 4.228385127281548 3.8127729000923183 2.3068455096918985 1.2898471274408538 1.608011619237927 1.6462147590047391 1.2416775472495751 2.393608238997917 3.2063727440500034 2.5674690510524534 4.78286762579897 3.043448672568059 3.3572628676409293 3.5544198101727553 2.375467006642756 2.3864887589689205 1.7880392835218841 4.221786238000592 2.03431439285543 2.28645648427259 3.6592950206407306 2.5705447037246447 3.2973212521698727 2.7287188986479465 1.5229783688888308 1.5320069562829781 4.093620132829686 3.3362024334205174 3.4360711529660337 1.9182226192833154 4.5004635985944255
2.7259571713088104 300.21789633269464 1.5572956440374552 4.75094827311382 1.1917860874477553 2.016109769660292 4.19320015128406 1.0533951087260913 3.435521504113218 2.8931524424552255 2.3519817149084696 2.3316649801135356 1.7047026535415544 2.8589062760499155 1.9866951203121932 3.0888005501272375 3.8136239380604007 2.2294080577825106 1.1301433689433495 2.4430654512906584 3.0249838644877656 2.1052954526619003 2.164041528290688 2.582334824758552 4.058328912230044 3.4799898231348823 3.1336372860244364 3.5502078350774493 4.31475503388052 4.0815012714152985 4.63316008371635 2.0015354474729126 4.326860961870716 2.8424863671760563 4.830965993501666 2.22279053124549 3.8343133736936745 4.349806942443294 1.2131234443355985 2.5475685645257027 4.612551137657527 1.63855338777348 4.50515806129849 2.495343831240494 3.4696038209032833 4.118420196773709 4.300455509883601 3.4047996076250007 2.4971217321521344 1.1077228924535727 4.267860952876676 2.091375152027157 1.5392197242033823 2.383626314523516 3.0770276716581058 2.331629453359554 1.9942240198954382 3.9944222980099204 2.4168341313997863 1.5015509728115766 4.058385903882769 1.4173323071261255 3.3551524945667404 2.2167250750873793 2.554241810312819 2.997177517833032 4.219960649667637 1.8662807909021653 2.0436580577851062 1.402252775077609 3.5268863611768393 4.239106823161201 2.873184342148148 2.8207377026987093 3.842087517906476 2.298482448634321 2.9345371838033074 4.280253292015073 2.765116459870894 2.5075461141254514 3.3562747186423576 2.0399794205126467 3.8988053563470793 3.84236659908325 1.970753827552767 4.585386824197517 2.431333554389633 2.3749342686531496 2.1459421848329243 1.9359210297601694 3.1878245575105337 2.7362880079347054 4.906613577184715 1.9401174106932166 1.7225272194725116 3.501489162012238 4.018418408678963 4.234875138272033 3.062615641793036 3.861506550467747
2.2700506062976147 4.190117272326219 313.35325233318815 4.371546966828491 4.778050298513524 3.3188495731041434 2.4850743025074875 1.395784021913817 1.1197057820321827 3.9441283808602017 4.167222899355757 4.308865215335698 4.659995095173403 2.9045880603661063 1.0386362038060937 4.7835132186945515 4.8742057263214456 1.757188949720923 4.078734913304128 2.12276031335899 4.8060042671100955 4.051614393020354 4.711763444930732 4.509181547321806 3.083518839008085 2.986109554310738 1.1751705245134492 3.6991083316767726 4.672387618400904 4.402212183702183 1.3650246474362975 4.749962481537009 4.514353794475287 4.500402725763617 1.3003959497287605 2.186327728339004 3.8974172848652735 2.07195901008105 1.1584174711270778 4.722485929701587 3.3890213606942328 1.453601598599426 4.8603851905317015 2.0198805521673817 3.145456318057603 4.566086862760926 4.913885748568047 3.803403929903168 2.2176166050415653 2.336624990919885 4.860996375804331 1.1385318542286282 2.9564233180064425 4.609146205333397 2.71049730454445 2.8325974710643944 2.3651372289756534 3.921347100123871 2.5792127249786083 4.976639675204289 3.8183342303768115 4.016878697880552 3.460935240121815 1.0703632638655485 1.2891798108228678 3.3636886115265554 3.811216004425758 2.4643079258494156 2.156964444872173 2.099173308049981 1.3845761018082428 4.809795615583474 3.1584123822587764 1.6771959395499816 2.8630065867545427 3.131401424913387 3.0625863913209126 1.1827543691255418 2.5638561769144643 4.1960062685568635 2.716866352473619 2.116448959408835 4.239215447132519 4.973460079682353 2.3183624609866698 1.1201026669800207 2.6755811803041873 4.6686472697559 1.353339975148045 2.1081168420618446 4.100608505802339 3.5904780133545278 2.6160007779973347 2.3579325965585856 3.203671716769919 1.1717922600590787 4.145075007310865 3.6210790143372376 4.085016964306765 2.7213066813124795
3.3437509947806037 4.308611630598004 1.3206186067049712 301.29187027687396 3.2485724905660343 2.413845836570055 1.2927079172035087 3.7489113631531485 4.459729158841373 2.188315712022578 4.3822721590110145 3.6966921354042928 2.3664037561820677 1.0289492484072968 2.9257949734306914 3.6673447565704107 4.284095702267849 4.638112263746043 1.2498735505887955 2.2835539118457824 3.9711704423735537 1.7089613680203084 2.3250419666446134 1.4664434722200652 2.3106133943420484 2.7402345259128507 4.9796023351056995 1.5672560915736398 3.3641027033923514 1.1217100178572483 1.525527192918691 2.6836361149381185 1.0333434613213828 1.1184564321217692 3.8255128428448897 1.9141390514197223 1.1915677927231192 2.7053317361175955 3.5402640885188146 4.0392998854853595 4.850094031744105 3.7289933424614516 4.028570328686715 4.011240315627919 4.377157268323969 1.358067721073117 4.171659190403963 2.0873733413695956 2.8463415441189612 3.3819798707224518 2.809596798678004 3.1852028224588196 1.9103117624173702 2.3042646669613673 4.731692009922101 1.1901250549740126 4.7314435780421125 1.66810038502331 2.630901380323949 4.769362276030087 1.3763534708790872 2.0128907695468263 2.5336026159022196 2.5189476187646878 4.65848072321754 3.4230236929190303 4.717047138723458 1.8755687299941415 1.390632477415382 2.973040593368072 4.119780729323919 4.438662612603096 3.8253572013168577 1.8619394152885143 3.906382817412453 4.478537172281878 3.8510426478180584 2.733478263417152 1.2703641784911825 1.6721326869715827 3.5763566426005737 2.8927882629169277 4.59426172966924 3.2775611859048897 3.488838852158327 4.110070850866066 3.0491512100202187 2.7519678661127807 1.1708683029527727 2.9610651080216055 1.442777922377665 3.818838243321251 2.919323687908717 4.031794879854436 3.6354913630912433 2.879949390713985 3.818572308639196 4.300658333116872 3.6254737715042986 2.282759654777061
3.054168819387263 1.4400141407437297 3.3263458824529 4.018617123445276 302.84330965432525 3.082905869455542 3.8777476168964324 4.942386647260783 4.407541137095807 1.3462028569470208 1.409579368433767 4.1544570861597645 1.247172462212892 4.836780003747264 4.383007487355449 2.5739083002995713 1.801278548917475 1.3084103251505503 4.79516938052817 4.9698961404114606 4.582626913268663 4.5483847304053056 3.4985642304056026 4.298688461307955 1.7683247209142934 3.7856200447272554 4.391497356208806 2.050877009763878 3.6348868354682353 2.078948503579455 2.793282311729667 2.0235115548729596 2.3032728637395947 1.3989735271167558 2.646784966709333 4.005495002992137 4.697837404255965 1.3391682217249783 3.298396653189803 1.0201243851411834 4.614546010388644 4.986953366736637 1.5621731077946084 2.184718091161313 3.599127010424134 4.982921693965668 4.132831181227727 4.006568468915123 1.980459619194031 1.5974643942072615 3.574337853392001 3.5513028255115726 2.874885578085272 2.6196981790310043 2.8957562485718378 4.552915321178165 2.094388576727549 4.166641135294194 1.798211532583828 2.3150076588748907 3.3566174531721864 3.5099422148910864 1.3600390814899437 1.735982124176052 4.332296635814026 1.3909111968158263 2.5765789927135776 2.428338247651147 4.9824074741561235 1.1014043418094355 1.7957420113181102 2.34594288036395 3.0485731813574004 2.9837270365649533 4.293724348005963 2.589938341664528 1.4314275484832817 3.6413068652165963 2.1981494134737978 1.4835514286519818 2.1701378358093377 1.8897509502721461 3.548759451002233 1.2393934701135345 1.9384628296768134 4.598892154617753 3.397420714066874 3.4183613302435223 2.049908344409243 3.4757342174079757 1.5464491969366616 3.8940863964809593 3.6334473534383993 1.993504691968699 3.9257866303005784 4.059170002030173 4.71175874002544 1.1936855035331626 4.088636154328162 3.840239950267318
2.9982932736408183 3.20857298027426 4.871731857013641 4.986032709588683 1.5971887683672916 303.9304686896423 2.042246215498953 1.4674537505803733 4.318141544918548 1.6259525977214073 1.258559246922585 2.5079323970237555 4.327401353495963 2.9440583838837777 3.65897564078878 4.258456481088842 2.5060980260371393 3.314581986607231 2.3510310506372405 1.7446401603529336 4.88915364320488 1.8419936667479901 2.1866157661428858 4.381747942692595 3.0264240679310492 4.477317185662571 4.0974553224234675 3.5146027711565533 3.0125180877857356 2.8987028998532587 1.8698163767298324 1.2093381650753345 4.0808985651692495 3.1000097844670305 3.9987754675710425 3.210655490183166 3.306141297234838 4.131415472045406 3.8180552463892226 4.416473280946546 1.8418618217359164 4.541711867013406 2.5807399338999444 3.5071297858300348 3.112658355057299 2.571866451710901 2.4373226243923933 2.1222283820635885 2.424722280278135 1.8577860475619579 3.4285151925857664 1.9431155782256346 3.6558679620811825 1.0989416704769313 2.29040010793263 1.507764242427161 1.2037971852315872 1.5629911646193846 2.9129100750850294 1.2618545605985596 2.9292040428630877 2.679364863206059 2.374649847803505 2.4518410349689628 1.3617049195167028 4.5310738636541705 3.8466363650210185 4.266245744006168 4.713603916762195 1.2901952104175853 2.4940749313540076 1.5941672169718109 3.3426218405455 4.841088581616868 3.0591727207588306 1.3161319223350887 4.55949892433747 4.842554621430818 4.233213245016753 2.9173766805909276 1.2821856537850476 3.8213490779334967 1.8760571060395157 1.602014823899145 3.464622558776627 1.7245681769930314 3.9722189661167717 3.0170245441616896 3.116404209914023 3.4889924676481177 3.0647534344363394 2.8788020430788146 4.1962957824930385 4.974091710982698 1.193379076377385 3.6043955723588086 3.798851721844113 2.1508239130777214 3.5293999792948907 3.3815985527835895
4.802493568096775 2.6731387807036344 2.0288919902572027 2.919582682072766 2.6329033933530805 2.7097868759293156 315.0002361678649 2.281598217691551 1.4714067118265413 4.973161228685311 4.832954608595774 4.63617455391959 1.2050979561988724 2.5616020654585454 3.66301423893979 3.023975938804738 3.2680161648951427 3.317491309204261 4.598769529375209 2.9616005664815286 3.6358121675345365 2.8953392685628385 2.6125413854377086 1.7421733724701043 3.518918206461121 2.7459988563563145 1.5025382335436896 4.332440374130556 4.2665431035269705 4.219650481004974 1.6915196613028702 2.959268168214317 4.60090795311643 1.7751057033264703 4.223591477167206 2.7618454712739684 3.0355155120859596 4.418430322906662 2.0743976853900965 2.88087816091051 3.4621407809080567 1.1825541790731662 4.612056180166904 3.0360966876318605 1.7947504166691055 1.3195512247243126 1.0561093462462932 3.3633567158102475 2.131259972824702 2.8148771096883736 3.452267955505506 1.8899506743557724 4.1715212293863635 2.6686872216973017 2.773407893389931 3.2296083519124212 4.49650155993822 4.456283720273861 1.6734432238395938 2.156276054259304 3.4628677907868233 2.8916256701833083 4.89626681800063 1.4017667338310855 4.45025885704047 2.8933723376017273 3.4053796361885214 3.9957501071159793 4.720656767215643 3.2729689441451257 3.144662559156678 3.0948127240552923 1.1041026215910965 1.2755029697191986 3.0149481306355868 1.9403508142440935 3.132165881030302 3.5926876853523697 1.5242299733764568 3.36173773245489 4.25939631835112 3.7732711143899773 4.321644921763321 2.762928833815482 3.126214205668378 3.747192054061483 3.992531128216372 1.0222032472332883 1.5766909582355129 1.1817028011943758 4.879718566419596 1.6993356195971954 3.5461848157153377 3.158862085825623 3.6222095616620478 1.4079029031723982 4.450544745207216 4.7968120879442955 4.939436417064826 4.248833841551772
4.668981960047325 1.2944647368608226 1.3142646996643705 4.650227675988164 2.4238961946678983 1.106269328628755 1.7743769822098758 290.66751890436797 4.158619136921768 2.129795792720792 1.0352568472861985 2.3705942753947493 4.76819013422279 2.7161878845633844 4.313656689064174 4.614250041762999 1.9649361171746764 3.2244375486397403 3.4449655366541596 2.623017329043312 2.8306527705230002 1.8438842280471381 3.839130670994835 1.1671605971838641 1.660562867348729 2.2365829460356523 3.127732550257758 2.186331911479216 2.454364354895702 2.9980014607323073 1.9135852474834603 1.43198762761752 2.9636048332684894 1.2747506753757536 2.202125622194251 2.1968474738743295 3.71462353534677 1.8487826726155303 3.9580504830974244 3.1830279956668615 2.53506794604176 3.6803367583216 3.138370229938301 1.1601540758936228 1.0021743962765273 3.372136594670854 1.6695135981763065 3.189961067493769 1.3030851678712772 4.960425964094774 2.0613571570706113 3.82384008952877 1.8508701487002295 2.5729922379545207 4.632541873209256 4.445027180286915 2.7396160266197374 1.3005347109406658 4.47332379011159 3.3722308513772936 1.677550970547899 1.9773824605310684 2.6507132923234313 2.811487964606981 2.690472607787838 4.807182756845204 4.9110941625902775 1.2439525854788034 4.0610326545095905 1.8505245826276715 2.8648303022536075 4.97514292251362 1.1203981007388109 3.5690510677881786 3.3493476918802725 2.2237623131224624 3.427435773785412 2.094937454937424 1.8598089995493416 1.30268010999152 3.995397986916277 3.6528514969264694 3.97443092262376 4.366706591530624 4.088808714744788 1.4008718387808066 1.2335819734555655 3.375861328439637 1.5269331302032443 3.8489996503049104 2.8133071213304905 1.890090651153252 4.013471232905834 3.484750255583519 4.750876410350348 1.4585341050080305 1.8420814905430216 4.99627022994227 4.87641618847824 3.7809208384677038
1.3135605674484134 4.58575658359865 2.4958285877676962 4.049154956549625 2.99735086128908 1.8838197117813906 3.5486288097784366 3.5462705866322572 305.06923025905706 2.007869152776047 2.477790393773434 4.045830263766337 4.083168324932647 4.560581814908286 4.1234270948463205 3.6400928940420356 1.1575137884365252 1.3573595972322634 4.232844582769568 4.795271613779711 4.8443644116497975 2.603099414434726 1.93763218750308 4.506150685368491 2.885251469151811 4.495561861662139 3.520982111649544 4.305310933347867 2.6932343626997706 4.011043629629201 2.312778377309422 1.5175719869227615 4.4759761359014725 3.716461060747824 2.9818553360757827 3.766197688807631 1.9547124088403853 3.3229655811570353 2.7485466040437134 2.2580856462488637 1.6191645650213466 4.512862325846209 2.855888540389272 4.656281218247269 3.279081348400317 3.351837883987425 3.1943902253316243 1.4605412992642366 4.858173012574983 1.5186011646977269 1.7591879839348534 4.636529835164012 1.9934557836759188 1.884316225640784 1.003391727166648 4.753012762089757 2.3075286806653894 4.751652505480717 2.9123122096644067 4.712592822301738 2.775188765899328 2.5173707582789784 4.847177461582956 4.336809672188307 1.8256387776566334 1.9421870447096792 3.9238743823629476 4.199094405191781 4.750776099358049 2.8702911017605275 2.9905225724734463 1.1974721003611162 1.0989743402779246 1.8801555463060589 4.373617609553717 2.065280366841744 2.2530027091327667 1.2571034011031896 4.267244289987625 3.5204280651031032 3.6750743331097904 1.2357762968313297 1.5893296668703805 4.841831683106676 1.0823415532457692 2.179612679049048 4.649270471281216 1.7540405734084459 1.2641671254152151 4.381382638901292 2.476279581238283 2.4113224652762923 3.0209353282454945 2.357673676547362 3.7033616917834595 3.378733426403115 3.5866278728538226 3.2089352073760495 2.9068401075225765 3.214262590775904
4.536021050530064 3.1579820932679783 3.3568341724439166 3.2371921913948944 1.6502247210877132 2.5512061658437326 2.079636724346773 2.7652662688434875 1.5504010737434402 304.1324734000594 4.958814259207468 1.6557330795819998 4.791531600412684 3.6722679579399378 4.079162272524936 2.2252011096453876 2.9810685073308196 2.6726756815890744 1.0210311830149736 2.528407267702949 4.535246934672411 3.176665183607094 3.1110690184869703 3.5628175802807065 3.530333975605583 4.584360103377719 2.370125606000237 1.3407003185342399 2.292254207304517 3.0385824084820774 1.069624663729174 4.86466793160745 3.2601265824720422 2.2505636072853097 3.74403726607704 4.469395678677717 3.2365518419188475 4.564242673164755 4.983536587247164 1.511770819416443 1.2327233999634708 4.395372929744485 4.975626244405794 3.073211760773309 4.364778026409783 2.295637098504481 2.203250063741511 1.0002871815329204 3.16694957975558 3.1303088771436975 3.7190420093203365 1.7208860716962069 3.0367434069841206 4.094638795766786 4.140035063088719 2.04549156081629 1.509795299168609 2.5818476702636293 3.380393598826443 1.736361891025167 4.1119469430416435 3.632535265581491 3.128136597703248 4.538959669336468 2.4445216395267444 3.0903306641727313 3.8923895580889525 2.180178454473784 2.3567640849440976 1.5786550751453556 1.1326161412228042 4.061820653241326 1.4575136720743287 3.6661834592183546 2.2517537965406693 2.6977086304382487 1.9647909255325762 2.2150745305162274 3.4634450924352675 2.736136427284106 4.988711355098553 3.821999037241501 1.3100575800728573 2.12332299484206 3.5799294710764897 3.54552177710654 3.1265868002010513 3.8495109400488565 4.417980966788759 2.5548557019675044 2.640740078429825 4.5648112234681255 4.604766122490273 1.185709772445426 3.663212780149353 4.931676526137091 1.975111963042416 1.5259829330684007 4.42423884915689 2.9349841749789887
3.67188045237869 3.12956568552775 1.0305088802002595 3.3743477787105336 2.3072139222245744 1.1469312636862101 3.1225460197463972 3.5198070548821767 4.355199633604319 2.104335434214253 308.8408074845463 4.588496864845389 4.809118491876628 2.9627263807940167 4.7435859215569405 3.468193272956618 3.8337849547455054 3.877253633991944 4.903203733957092 2.068695166901932 3.6778296336609633 1.0753960479524998 3.332418922090737 3.3839411693911905 3.94038207337077 4.452241625956914 4.091340698580818 2.3140614761618497 3.0442716993761376 4.235007314462255 3.4474817309435095 4.362148075289371 2.921236518542665 3.4788079458323384 2.5168518121672285 4.809521286010275 3.3182772972819965 2.989691030097215 3.2574349630306827 1.180852263436316 4.0899135202872845 1.2555899162833106 4.864665134686524 3.508954892512388 2.2316800594077155 4.277276128578897 3.123644280393746 3.2188632722296004 1.8323978456564323 3.467396675234659 4.03180736007712 2.349856128799871 1.5919022919084096 3.1176487589761654 3.0205074909794742 3.9933702260606974 3.886919419251011 1.4886405199884107 1.4455819829786964 1.0116922239225121 4.357575081552213 1.513689567144782 1.6674898957563236 2.8235560104845616 3.311671873461346 2.3558507057819322 4.304691406489291 2.2422879576137658 3.4288159394991866 4.179567255223041 2.9473937849426934 1.4003249538735987 2.578022436193761 2.5233112508034354 1.042076755477746 3.7902600070895818 3.0475434683101508 3.9310757450138643 2.8046351732398276 4.861995337561162 2.6614505869011444 2.8324261373234103 4.197893508015914 2.0899158481888644 4.250378113918806 1.8894761131894322 2.820201733401308 1.715011442772103 1.3568671432682464 4.816718498429029 4.569010905694793 4.4705409723221186 2.622590607616225 4.088457301914552 1.3050028949678167 1.043132484506292 3.159477372659564 1.269448131963118 3.018355576829872 2.175976028974287
3.2487641597340655 4.845954564139781 1.1457820691301364 4.988753395775197 4.7179671577650435 3.9804315564702244 2.5396123433816764 3.507605157514914 1.4612852037045632 4.419964411222808 1.3244125841207741 298.0631817941989 1.887895073069242 3.188501605000502 4.194195648838713 2.5406233077146343 4.565300370989535 3.0583921405683037 1.3619391334379904 4.344443979004927 1.836772399896934 2.2366233007056375 2.074208019429995 4.664398433115387 2.328208371180808 4.114003908231525 4.069835144755457 4.436279165726921 2.904801973364106 3.7032843825384543 2.5934585291170267 1.4620123920849268 2.346775204294925 3.2326619942532173 1.4953101795934973 1.7575697387309868 4.110914750570268 1.3394854888249386 3.3673428435548103 2.4845811074094595 2.913073067578791 4.746239141015291 3.9549878237182683 3.0023199143556942 3.4823110251198734 2.994277159243569 4.03687508074135 4.136658740527127 3.410623790219826 1.2884240071357826 1.180103943327377 2.8388841058820335 3.935707211716614 4.795537288110202 2.5977779887770343 3.533135832331178 4.286699084660072 3.0977290750755135 4.4358598397778 3.4542697756531733 1.2678810253698471 1.4617563796787327 1.6881032008650387 1.1697877488548576 2.5142902624038643 3.4145016937950077 2.8452875186111792 2.6839461498786625 1.9937390931311119 2.483414338567832 2.738242017238503 3.9590100511524904 1.4144290825469588 4.292025488674241 2.584989443174475 3.8600246584697033 2.776051210688379 2.259569360052362 1.7480313618921337 1.916380019707979 4.505418939809625 4.872808757553994 4.601969479113422 2.054317536128834 4.435132795630715 3.9777893418919223 1.6464973516644839 2.4834037551104298 2.9963251857598956 1.45159082612557 1.2615297957310396 1.7695238530249413 1.560787290770954 2.7527764988563113 3.212500303224704 4.684015251229643 4.550554938497676 3.047131333217631 4.17248033988441 1.8500065741851746
4.529856809751369 4.556152331971386 2.424855457182801 2.7362648447536464 1.776228699610379 3.283681599204025 3.5663141432076153 4.5012535157987035 2.0337744128296324 3.1717518702770158 3.6807868669765313 3.093648420990507 305.7604288420409 1.681301262825719 4.878625920951676 2.760810330948481 3.62954929179665 4.907076795282615 1.6407257684414756 2.1640025328773054 4.113240822794726 1.7667148735388247 1.3216991598418764 3.5959842081938262 4.213754161916049 4.847148215904028 4.605247877464331 3.7567624514023845 4.201026439197795 1.5256653017976562 3.2927026637467836 3.200604036558276 1.9562415440835963 1.3164667355720678 3.1242112592971383 1.7792899935158077 1.6606420319673165 3.4435713855766177 4.493868020018704 2.617477319014225 4.6198318474793485 3.7410258990694434 2.1206505680454066 3.7475705959866104 4.976559893069551 1.9685265998190515 2.530348497489717 3.9658346452896183 2.153860279020291 3.800376986716477 3.5334540594129487 2.5072691954690574 4.186761624395562 3.020350738487347 2.3994724587242726 2.0121127677625097 2.388453665263363 4.286139130262989 3.7286037613392287 2.9465137601555424 2.2614476704806843 2.420311980383494 2.1335322181922662 3.6915336134681875 4.634293483836297 2.939261791115265 2.835972850529268 4.348964062174652 3.2176739611590555 1.1644474165120946 2.887376028222842 4.473818124906751 1.6300737757343011 1.777915738352549 3.860223796588535 2.737488726510881 2.7121308198554273 1.1111682435808325 2.9249080719007106 3.0469775367949166 1.9821694435010082 4.217428857358236 4.777691841907113 4.6411983616082395 3.303367384460805 1.617385744243113 1.6226476675821186 4.5339570438325385 2.748587749742733 1.7995981920204356 2.123451619341057 1.7720661476073576 3.733790435588577 3.68322821139031 2.9869492269582256 2.942959554505788 2.064979345546406 3.891453802566818 2.09532662330284 4.333402176324602
3.8185098899347767 1.291922205598964 3.0270776724101127 4.975756432887174 1.3894383659945047 1.6073982573553685 1.2811424301231296 2.810806319942487 2.4121751024086744 4.229959890837641 3.628066581542441 2.26160832757516 3.225326784141421 288.9828865722004 3.0880726452802354 2.8458620865379305 3.218303655874655 1.234716122806399 1.4138725789415356 4.804434332057335 3.579160117401734 1.3527879238710723 4.632536496436071 4.746462552197306 2.077550944772599 2.9217205158446626 3.250475840748714 1.150871982657931 4.721762797192394 3.258865599424045 4.111550677192017 1.773647205060196 4.933142964980727 1.8242443899552687 4.472667234130617 2.786098594842154 2.3719688971213593 4.010705946114264 4.744866566974174 3.089386966726033 1.7933526428893307 3.397209864836925 1.8715925357391798 1.6372427242846666 3.915814119304 1.805970093886792 4.911666174652668 1.9903735059263967 1.8492018943960158 4.055696699019241 2.263581459646309 3.7578683965904904 4.0504673195204735 1.3678203978736847 2.4224475385199242 3.1850459421557087 1.2130434039507345 2.2193371049052457 3.3071987490967976 2.9251117795023784 3.3768593928176065 3.3532057792877423 4.652514937777099 2.4407641071509483 2.1024659273427577 3.4506578469332223 1.6843780321080848 1.2549545323503843 4.695752424101051 4.949974049650382 1.698592074104953 4.907720796838319 4.775947826612715 1.3295208040790367 1.8234759642984617 3.2284419105443534 1.1064247206120568 1.9041731770555659 3.6426511264367987 2.596551537977906 2.817173243057474 3.7895917786951814 3.0916034652914264 1.960391851147008 2.6856001645842857 1.494068441950573 4.022860142478052 2.2019086326449777 2.667911200824845 2.6573282408840835 1.9385655929019427 1.3597325051482114 1.9100429463292832 2.2029045693838674 1.2049248415002825 4.486275519433576 4.007016324721743 2.1343649926492 1.7844310304896762 1.0973854513025691
1.7671479603140394 3.264133147113538 2.8321405815032072 1.8754533134412719 3.522225603939888 4.763201413488233 4.267351218235275 4.113181059367599 3.181744288844412 2.0883364704104115 1.7094663309636422 1.0620284343646942 4.2015261435062765 4.265717380138834 309.15592436142487 1.4201898610897223 3.9239474022094845 2.754403956242535 3.1331444573374188 4.1842120576259765 4.567619356270447 1.3512539358840305 3.448519726609316 1.7216159339208703 3.166528754255097 4.528997911054873 1.4432078667450141 1.026822665266963 3.099809203728809 3.3587085640043535 3.8967471522966077 2.9320408956841937 1.0278024154532397 3.899055810918806 2.753576289867535 4.690662770075082 3.089789476958789 2.847669283326217 4.673361409377804 1.090236732187904 3.818416931666471 1.7140957713240037 4.565191574587589 3.9641948947819845 3.63583773041716 2.7064916291355723 3.654330574627705 4.9114507439930435 4.891263479347658 2.644520458352363 3.4038247759824265 4.933036297921755 3.9223843200341975 1.242333566652699 1.169984352013731 2.4272540650623347 1.6785490651171866 4.043586475987851 2.992253002918586 4.52684811229118 1.861872783127657 3.466172543637683 4.201514441302981 4.273926800006942 2.94137133301163 1.9223511101692354 4.8062977721772535 2.5529121395728054 1.607161535913161 2.2967701694306633 1.5412697187362627 3.546675890312021 1.8141271194421367 2.0022746833496563 1.949838931570751 2.0877502543283226 4.237324722531403 2.130713324830221 2.0138410394294177 1.5919776503668222 1.2209851264358558 1.2694782053211573 1.7616205064225054 2.625220968819612 2.5319525522000794 4.730098811053248 3.688493403598412 3.8736108018995052 4.239785546910517 3.526093783100754 4.2117252019080045 3.320190281170789 4.170319522726895 3.6207299629920446 3.835414363652821 4.815441779157416 3.7004519056876495 1.6860827253348623 2.7969887002970317 1.5807639236400135
4.0549858132888925 4.645601881096745 3.8968424192031907 1.5225123971702796 2.5266139026215875 1.3915606297822452 3.5283821188366216 4.5085525703140865 2.2128941012708365 3.863068418500834 2.386429882553719 1.0099131896237332 2.4816356304841976 1.1296771706241233 1.4003849057220021 304.2058785997361 4.545129057675563 3.496805904525478 1.5920904807665641 2.4278435122582804 3.264024059954027 2.309083679966131 4.035590340206734 3.6920396891206004 4.881549411187031 3.8569260794786806 2.176134521751632 1.6391911297799142 3.497045613738052 1.5641275800575731 2.8553458565185768 3.076343499896938 4.866650317620365 1.7295315486136147 4.232839565434494 2.4765225071516026 4.650907009746771 1.8677165899947261 3.4887036100740967 4.394494735020771 4.087775322737358 2.7774941586648314 1.384833623903969 2.8239351145012828 2.6187494347501015 3.5884202227071578 1.1735364280860816 2.064618876719525 2.671039710908954 4.442759887519844 1.6840044404582581 1.9422621536555051 2.464413258162535 4.758326106691383 1.8075618416711388 1.3615289908243713 3.898819615564106 2.9474350314340394 2.1713010210395103 3.233548935163976 1.977509978363952 2.7834837587955 4.3448305404581795 4.204822301332676 1.1812687340156796 1.9619282440472463 4.662657543002483 3.0398934649360703 2.3339061899596056 3.895542765582433 4.720994356923088 2.250521248459168 2.5133778127683657 2.6567800743388137 4.297199031975932 1.925939390729984 3.965801136124636 2.9062811911583375 4.52987201335081 4.493515110005701 3.312366505826405 2.792797029383005 3.759682818807408 4.879081941025397 3.0826981419921733 4.764235050246531 4.3548391450202875 3.9061816111952457 2.1622120380812593 3.576625479165682 4.115438727433087 2.0119182233201545 3.4168366253909745 1.362868542711797 3.8292809756377886 3.8606880217843615 3.1173037246193642 1.2068077491671518 3.0662887145722535 4.094982808898513
2.0969482123118297 3.3353360148435733 2.0597401977771774 2.1743401787656347 3.5116390724383812 4.373005453419087 2.445273083664907 2.364271091422804 2.4305986592725906 1.6406425451480202 3.147149722006582 1.5974645133700918 2.5890477334840374 2.3878644495688115 3.3556852174670104 3.7630432853012916 280.56428215863815 2.2578108716038017 2.6309770425184684 2.4285423537031168 1.9867419899005445 1.7779401059960729 1.5933776261865034 1.7754558399385925 3.2342925042589887 4.981357232775 3.4967192390701736 2.240309898617093 3.4234379281623477 1.6461602039478032 3.066858598169632 1.0221984760926146 4.981191721240979 4.859376912629383 3.439112809188675 4.983939270351686 4.312067477220859 1.5530769623182556 1.3545805805611093 1.8030602264953428 2.68402773490991 2.836609167495402 4.457686681726759 3.401448635401607 3.599814384494149 1.6686879628061941 3.4377568065755484 2.513857437648014 1.808535580682606 2.4154233213158 1.1413949334521316 2.2327314342263915 2.6838211194024297 1.7493672379645 1.0507316505712563 4.58593285681471 2.7870848184028274 1.5824883505599776 2.2915659185116346 4.691029682974701 2.435231866471062 4.225361691588256 2.016386990308356 2.329997550011867 1.24148632691162 3.7425157239213167 4.288831845173018 3.556994378915567 1.5651565108829177 1.7838291018088306 2.604449923742068 4.5714939552457015 2.2585502691183 4.135075180358861 2.126712882843365 2.7912251342286107 4.393558397163513 3.3066946476882673 3.368184583187667 2.74412357361203 2.0291779658292777 2.3507607091780445 3.175505853707044 4.106999963163259 3.79045381640724 4.805495205601668 4.433470259645075 4.8559019182623375 2.3074755068277457 2.4356075782015747 1.736012554170904 4.647778892846027 2.370627087625052 1.726273147083178 1.3379674025143529 1.7025104887159377 1.2763211587255041 3.823064261070778 1.8602739984373766 1.325854684332568
3.629584241799347 1.8386197685781323 4.338646145848752 2.48308566633464 1.3609829736744543 1.7439577494396912 2.5456327544924173 2.053792729177276 1.7971272176025748 4.9042397823649555 2.8267907131439935 2.5665519105350465 1.8571959655246464 2.166735925230564 2.5587967331124917 3.5933389163473133 4.604158272750398 312.99013106710265 3.4396548741809236 2.986395884773324 3.019207603126709 1.6312064386193592 4.3138063716558275 4.8537200308978825 4.950344029708374 1.987749373264085 3.066002273526914 3.474712544626671 2.1666252057615614 4.555572551577336 2.2140324142976793 2.6454284110743584 1.339455132541664 1.0287157630404846 3.6610041744083643 4.415996510103116 4.8591310060721735 4.497849825336668 3.5253254432790544 1.4774102523060724 3.451413286996658 4.712054752386173 3.168211897328614 3.389283228545181 2.4970639204780127 3.776356994956783 4.886433614809464 2.7988976223130084 3.2892512826777565 4.838107717343966 2.743116782519294 4.795517504559946 2.8877806549980582 2.645571488897465 1.5621281431708076 4.141063344726533 2.9575563847063537 1.837885724227105 2.422804225894272 3.050047480196751 3.4527958218199775 3.725067078478596 1.6578727024299762 4.903706009265784 2.244427912222204 2.899608562352079 4.380795906290238 2.8273742623482163 4.317887107127152 2.0869663698310785 2.2588060027301036 3.5075299249596323 3.24013457190551 3.7874578422244696 1.3663303978580266 1.792658230626318 3.020657430769128 4.0199240669249185 4.344594195875558 2.987847847109891 2.6730054340027127 4.890572485133401 3.8170067602386464 3.6313706930566303 2.125337482077956 3.928103415060369 2.4374493112877333 2.94653618521824 1.1444401244121134 1.547185754903138 1.853348980819665 4.62742716088529 2.972454877877854 3.070626914576534 3.199313625545538 4.146854966355252 2.090398338163343 2.220579528828948 1.6027665409804257 4.6690946064503365
2.1609415949663675 1.5524303035327538 4.547274005038597 2.6341363714701522 3.2521024734057207 3.7901041027381024 2.896471072374451 2.4591022224699066 2.8268540746643858 1.781878010321185 3.870284771808236 2.096796401437782 3.0650861443291286 1.5167047384551133 2.227349723140784 3.3865014154413515 4.129117309255697 3.004772873299969 310.4948277275492 3.4998762678882347 1.6564761399308714 4.203785926280293 3.549606314877118 4.221445792457476 3.9650800729666793 2.9983241985290006 3.5026415496665244 2.417286973029098 4.418555270296107 3.508630102786336 3.3781206437405373 3.100930898942249 4.238371842521294 3.461333133230715 1.9694817671515152 1.1408171990937288 2.6789901131250926 2.2222169355700707 3.7659140380876415 2.1002997420809537 1.9514307171822938 3.583707542834568 3.5210365144185762 4.3580427327866795 2.4960203350651757 2.4696704655811055 4.128126258039504 2.772554919993271 3.215652672552582 3.241302834055475 2.6034497975721647 3.4118541503886566 2.206624747058039 3.654377506367348 4.8744787105036105 3.5681822643474113 3.4408709491046894 1.5748966963548572 1.1408154102226167 3.894236980656641 3.9622859764700147 3.468323496180626 2.877386999101289 3.6440114078737618 2.8310998575170983 3.637295990610855 3.517576910430371 3.0945921907954963 2.046727927467189 3.1540350481613735 4.036288033765706 1.8519927178093307 3.309080956612463 3.878687329268713 1.3848878102007878 2.85116285342686 3.1235629298131746 4.342885008237529 3.2596684831976197 1.2593818899299731 4.594639869940722 4.6097142168023915 3.8439789674487024 1.6856228805586482 2.1022268870722005 4.128728300040843 2.068155190412791 1.321765243252583 1.1058528431224741 4.808241920449751 4.96536962019397 1.1344922718995267 4.327571463121398 3.8092501638771767 4.860142562306195 1.649157717601887 3.14332299595262 1.451779873640835 4.623140522998263 1.1490873653011233
2.9498100394617666 2.736479982088542 3.6827320132067003 1.3252452672829076 2.5217608001153606 2.8786166766924826 1.9460527534928835 3.7267243352363804 2.466239918460565 2.438083389584358 1.694517590119479 3.2437516346912796 2.0759117222279913 4.378348197537195 3.1202029526856156 4.932103478760245 3.0411892389077564 1.4590794431466945 1.467348442809549 291.6974391027519 1.7549847335161317 2.04963039095571 1.0411792105186617 2.261487994609618 3.9015187107388374 2.8681351650619327 2.456068765077435 1.1648277889806011 4.89912105013995 1.38205410504689 2.1443169871897054 1.4443056892281771 1.477930803335481 2.7427654599942444 2.2959949876700416 4.069314382696942 2.713001394492996 2.1690094386925995 2.9454877032938005 3.286917832848799 1.1512130848697688 2.0612419121013086 1.2639373860478855 1.234544443301119 1.751272684437121 4.216707583829342 4.129952738992095 2.7812489728739953 2.4745576665782387 2.453322630315776 1.107942822577301 4.821637876691588 2.450365909578071 4.687903777886854 3.013710805647253 3.749675361629308 3.5285965357215625 3.264574175172201 2.3285670635140074 2.857247984362139 4.540243191410706 4.0708513011037475 3.1481196058383274 4.836427372712611 2.6436672385792397 3.7950092963853197 4.0023143411199165 2.3269485183478404 4.381383626311864 3.373206969584609 3.919724561782639 1.7988677885493467 4.448344900116307 2.1769942733345378 2.066028749340579 3.8052625519993186 2.764020972155183 2.996274276346553 4.528118625912047 2.3995116297975536 2.7063693976777263 3.3608314097488927 3.603524853627777 1.2467058641039488 4.337735722609795 4.200697772473649 4.8219109280839465 4.411997682823575 2.3529010818274245 1.403315561545185 4.478121210495683 1.4843118927041719 2.691619420626507 2.4492635708411816 1.7041909813543739 4.702807287098393 2.460976624501301 3.902076575946071 2.2363305461240977 4.37836795416304
1.3933213127441668 4.901477882321464 2.6599584320702947 4.493732551649858 3.611267705223041 2.970632049457362 3.988881122462138 4.353305157785229 4.330948959034513 3.433023719267183 3.712918467800313 4.502925935485228 4.495538505781884 2.3624067617257483 1.5159124285372285 4.579950504193997 4.749998924206033 2.133120228737958 1.2712397684087677 2.094620176714797 320.88885380875763 4.8406373160291665 4.060207244483623 2.0443696769915305 1.6835214286120883 2.024139999913833 3.33375312148734 3.380553756281254 1.3028262420267134 4.671820224844772 3.0649334519222706 4.855611354051968 2.3750121641302804 4.236548483348465 2.1703571903373673 2.4564242248495294 2.5338692674243135 2.2268140690944453 2.8376922101666286 4.125637029770091 4.64007935941618 1.4578949628892959 4.759856175382621 2.0781527572280423 1.4366571765215457 2.8584476363483438 4.157213176250968 2.7351973080666734 4.237428156533916 2.613843404943267 1.8829846634338865 4.86676691544716 4.664975950991245 4.101335253712006 2.5936826223668206 2.7510592434616483 3.7407988355836346 4.37272853209502 1.5958518149526273 4.701583246712833 4.878488727633124 3.677536751006964 1.0016307895301702 4.519382766388725 3.0676281368547946 4.717543045307631 3.965406524069849 3.1181302721207906 3.5158827657344256 4.2011595380207165 1.8664600226602186 3.1150049103992026 1.0730069831390647 3.6930775314163893 3.1197726788352496 1.2548323714886829 2.6535174532186083 2.2294417090687815 1.4313907197750755 2.784885209784003 2.0635148923678943 2.1263487419863933 3.7221178539006687 2.94809757455644 3.1533681122468504 4.75365435416661 4.55481774891992 3.638888887302845 2.4026698666384947 3.5942316036486006 2.9479773903862387 1.6845869303326682 4.736690975668684 3.206520436389958 1.9262410496961762 4.436971106848609 1.1872606404269423 3.3325687993812556 1.9697994210803667 1.4726261579840472
3.430758938908262 3.5325830446023843 2.0312564007153386 4.4957913291385925 2.257563729142937 2.6482552562563777 4.6320028557826625 2.6859788289210553 3.5991946955991705 4.381643043426699 1.6484022168922685 1.9387550205251558 4.267271680012719 4.41022845509455 1.6726485542216696 4.865941196414869 2.8264818852786573 3.368151870768178 1.744190052193352 3.220577629970809 3.5679448905736533 304.84453996444387 3.3343936168245962 4.429998831554982 4.1710133607213 4.631070325534591 3.9061990225111134 2.0216018287662862 3.784870313599274 2.7881669115592245 2.390305686844937 2.076819459386137 3.679780942614146 4.110450247559024 1.6269704246393872 1.3478552880527284 2.21543429943054 1.295019299860122 2.9276275755569254 3.4112720919341974 3.44689927859786 4.903861968903501 2.4247205060348787 2.0708784132241003 4.829647304756039 2.922183878291988 3.871583821186113 1.1194137878418355 4.438000054321831 2.450918108489671 4.249862479588711 2.247873965570946 2.8410161382723707 2.6374116893316564 2.774482970984355 2.015703373989973 3.0350076349894826 1.3555802125185838 4.400704284629219 1.792815791095562 3.1693382663845435 2.8610465803382756 1.8800236131116272 4.513501436251051 1.9535839821436243 3.4769118837604784 4.795242844440528 2.501973209419157 2.267490807138104 1.6613192348273764 1.1727858025875433 3.3401780545365267 2.558865128237396 2.2783280762432994 1.572629975674412 2.5790874574958167 1.7697705497623408 2.815452305545503 2.7960996386170596 4.170560158397505 3.762141134791265 3.8960298648917293 2.9217278862179303 2.1553520549257414 3.49892532996664 3.838129476462235 2.2482028630588173 1.331547020056881 3.963501129210296 3.796184529344377 3.3599235943469274 1.791152347315836 3.333436688244608 4.662131600472078 4.177030496502781 4.789507164452132 4.516750242108939 2.6397482424125327 2.097569410757461 1.141355277135859
4.07536914890461 2.5084277349519146 2.0179740996575304 1.8613793554165854 4.510138802541116 4.056045866043085 1.1330825582466346 1.7644812149890923 1.6951742985874345 2.3964019414263076 4.970644917167732 2.989176325571579 4.517271334939686 1.924380773054938 2.5062631962612296 2.6562637320695197 1.7516165409933486 2.381461254351844 2.8065841175034274 4.93368488323366 4.022478290769577 4.321262535485118 328.5028630149229 4.35077553051531 4.803699243250929 4.225147956848698 2.9842076409848697 3.2607265450751344 3.2683630089578157 3.8248081531876292 3.0632205466899354 4.0071104683732806 2.3006954527248573 3.363228485611094 4.803206752579923 4.257550109297789 2.2919115421237874 3.4355481978854705 2.4105971155880637 2.9402201796379166 1.6332288678883842 3.565560972048446 1.9922669774939084 1.8140808305870442 3.5528309960315756 1.8820104189537692 2.9552684156759343 1.6751705390578917 4.133389955052655 4.670423138577748 4.146927612481592 2.9506923149025583 4.224792854396355 4.554256382412525 4.2321515604189734 3.5448609638111046 3.163060418999583 3.3916499812772187 2.981388078535597 4.792463095901708 3.5804250264311674 4.652837221010802 4.945369984158295 3.284332969286442 4.964079211768208 4.564005949632259 3.5185955657074 1.7114647663813756 3.5162001527387132 4.204695851795064 1.5013531720486628 3.845189106198513 3.1248565636201833 2.3039131568444446 3.8758135815660104 4.368438567034675 2.567387536771257 3.741022077993978 3.628431636731901 4.7376310271515205 2.6056329862716767 1.650479171126738 1.0846494930871629 2.844877931877075 3.5700430519190305 2.350366730916864 4.436159015490443 1.863508157624529 3.998825698126646 3.5818550035225054 1.9388040689832802 2.189428101302366 4.761745101135052 3.068383179256889 2.2112489344505977 4.992033575475682 3.3398600385210617 2.379379370388134 2.262116121536273 4.795019880507521
2.212613101860276 4.851644303687004 3.684213605858527 1.1986034717901206 1.8527714723075484 4.4919741878198955 4.512779352165529 4.519693158007893 2.1720177088845047 3.3032423622153884 4.147589839849344 1.1440749596454016 4.813961310275857 3.115194149171088 4.986211422101421 4.765221333858564 1.5637832709214434 1.967403666386267 3.3726367965869004 4.859053186505593 4.03304696137341 3.291049767897301 4.9447914600812695 304.8882503021717 4.714978632342614 4.401813917040206 1.3963711672384695 1.0686639255260468 2.7342464670048052 4.381471217556469 3.050872991843818 1.712156904034507 1.5736294980327448 3.0831091008934894 3.1194261633853 4.626828265172246 1.297992891291384 3.1662963993269173 3.456051037611646 4.429123120506515 2.0939953517136556 1.9597875405414409 3.7647260863304277 4.677157864796117 4.560221907764648 1.459735319229495 3.7803751997207424 3.3680500676165175 1.433277856529584 1.5259723206313427 1.1572179887763818 4.59997720604807 3.4447400963958676 2.628444440912863 4.234496333569297 1.4691935088105028 1.98896984621246 1.540964299244401 2.413219554502393 4.46219399760008 1.4943898623857432 1.6868980375483815 1.1575421229405811 1.5035911174971446 2.7689228722476833 4.428988227350455 2.582162042330189 4.814504236127551 3.9865201220722932 1.6889243132766438 2.503470079520997 1.1727940485800215 1.075130520335907 1.0342979227789875 1.5891485212090264 1.989706266799426 3.8989049217449896 1.514785731592653 1.8270228350159514 3.7362347287385864 4.555176051868321 2.4794301692132032 2.5634445818374725 3.819747361414482 4.742413624600918 2.3075989193237207 4.231751299150887 4.3655555471896 1.0529447200468334 1.8660688226388458 4.3446998783553665 3.961681329029885 4.803895445936608 3.4801696994836373 3.776959272863938 1.6782909052802037 1.8276294767565293 1.9637679308432108 4.255723070864127 4.2335423835784205
3.772693268476034 3.22231973769751 4.819694515148258 3.9069442869124256 4.865979864021771 3.92321003369273 1.4179095941501703 4.2497431852156655 1.2615492051456414 4.834348142478056 1.3872225022628437 2.2076658323348135 3.496851018533528 2.882252100625307 1.002862360039213 3.537366900696293 2.5911444997068354 2.2204106997612953 2.689146553724009 4.792040714060267 3.2210627316959504 3.8952248427330005 3.565481876478695 2.4829677837503175 316.0054329222994 2.4355456796446178 1.0610703443863652 2.0213582450433947 3.030650496903838 2.0193826471005667 2.7046599217674254 3.515305294924945 4.061143928226775 3.3720356682104953 2.189099746663695 3.189334907717969 1.2485419998581961 3.6463611844122337 1.6800809627537197 4.827996072128137 4.5722466069578935 3.360832901819648 3.2450367669503435 3.9564761964984574 4.677814646965952 1.502469429550088 4.061928045119327 2.8865699381011796 3.164259159534495 4.629518309317314 3.766808796027659 4.529960812302321 2.5984295872422707 4.6404827857548 4.413348960818275 3.8211410588237675 3.5477681598697215 3.62981967895543 1.048600351723393 1.356136451094038 2.407058370665194 2.8220954406778294 3.143030739394967 2.7849368248915365 4.527456048268357 1.6698173958140115 3.6289350535153324 3.9089697602262756 3.9668856358928513 2.251928928214684 1.7854985218389787 3.4725378695857674 3.6322817162367356 2.1061354335319757 3.531676079042964 2.0968064998041216 1.9021832180889024 3.2525982984772175 3.996277249439453 2.1292517107540707 4.4120476199987655 4.071216195141222 3.6377769797012243 3.5238050139933983 1.4861273577356697 3.4016524975778983 4.045451974373745 4.236900234340367 3.1599640820868897 2.2238125774580957 4.575846603511012 1.9824017181277522 3.228623965976758 3.2038793408219264 2.1324144966997363 2.813275344518285 3.094875378213318 4.151353630061963 4.483429881609512 3.4481431441029122
4.067616828939951 4.557987845945024 3.7309789314885395 1.7579932826132052 1.3578578216076447 3.3648837653238344 4.46324762606082 2.043305901525336 2.0088031642213746 4.557400401571414 1.255162069413895 1.7324930197530697 3.7729214485936264 4.999521654656341 4.95481335089674 2.7386052485237005 4.4410235527898045 4.597430728059959 1.7371458094987262 4.133907624223088 4.919129134986374 1.7002083565433237 4.497808222931278 3.692317353878647 3.694394088188217 319.9918507722966 1.820517953857522 4.1091233852167495 4.406923963998001 3.653834994387935 4.7156975099163265 4.0991731010803285 3.06662946531726 4.597689201287775 4.121139977746717 4.347263062883519 1.5374980597980143 4.002310309577654 3.771062735027533 1.0463044375741664 2.528552936948262 1.9331308974763535 4.398957310427802 1.9645174625458846 3.858875349240444 1.5292822457574267 4.664223253876099 4.031853736956281 3.0112084907257386 2.690939822598401 1.457089107424376 4.305137779522702 3.752101356903268 2.0489950247734505 2.4760631330967704 1.1964531029334196 4.277956162381162 1.8780720093870444 2.2898135110887354 1.9003585661034168 4.645245850660791 3.5777638421541 2.1497317258634276 3.8910516289724466 4.079147564123568 3.532800594984968 2.5496256394658405 2.100661529630745 4.528988367636552 4.377356395351432 2.9143292647506582 4.631192792048163 2.300115295835776 2.319391364194253 4.788533829461188 1.7223476500517165 4.114932355831263 1.805828464564025 4.41051922980295 1.8592087720872144 1.8537328656193535 1.7191959294149246 2.7892986224938148 1.4042572057082898 3.5814601455506594 2.2564308018717636 3.6316293425516983 3.781482125638349 4.493138874529601 2.927597813007579 1.6244927302347851 3.144673332893466 4.525582481097757 1.8552467087773188 3.030739703229995 1.1250445103361946 3.832107570794694 3.9277563321506492 1.1140300882686809 3.8256657191530974
3.5611840663606844 4.264564504095915 1.0665422108140024 2.84599328967648 4.605053719692729 2.5440163100702726 4.947064473332535 1.771615581946608 3.7091392330210087 3.0796410169199553 4.616417091809414 1.519270689612295 1.3786678409716067 4.577005590743017 3.859978733760213 2.9773084731673705 4.472104842096862 1.980937918484733 4.859729711762397 1.234610009497846 3.9498236495408356 3.4340659411435914 2.920552914387419 1.095620833511291 4.995804035850819 2.1851202945586707 313.6682385238719 3.271521509046318 1.9575916320338043 3.5847092090273223 2.985165574253048 3.0690450270629426 4.3886229478653505 1.879212020237845 1.0968208936356225 2.309908251287568 3.675266075639204 2.9685489781306855 1.0239766958836318 2.443206007947183 3.700633540090578 4.4993262742441065 1.8444108930480785 4.448383077693649 1.0813896015991649 1.4213661162799052 4.605355055670044 4.6122022612340245 1.6992721045205088 3.486879595139698 1.9598560595457215 2.7489383144702138 3.6884063412392316 1.758219994499016 2.9038677226220115 4.383431635402741 3.4108632260752616 3.354146478502188 3.945349079770436 3.6106844784820216 3.0320523782036606 1.9124304660609988 4.8866308127776 2.5242381259838687 3.502343457223905 4.590217013674597 4.261575872092415 1.6131351299981875 4.896014814830714 3.3990971306087787 4.753822499081987 2.5657147625690704 1.2309502345806296 2.71012242224168 3.2537812779216098 1.2840499889884391 3.562456162557821 2.888222898138136 1.3472496243700722 3.5930247998095557 1.0592934609962779 2.12764869846731 3.8870234602026823 2.7156888416572977 2.0827286060176293 4.248189243096609 3.80629870785297 4.802265221015864 1.0786834701690977 4.820825020704354 4.014865949331229 3.3946127101079258 3.054963498319354 4.932886712846127 1.7556116116380593 4.784493000371908 1.3979554836419945 3.3149099275342437 3.369712295498726 3.49491100635761
1.5573538976659727 3.867698164107511 1.1635402379852495 1.9643546296627754 1.7263762713752002 4.860155527224965 2.7050538771422477 2.2142612416188996 2.9110928063035497 2.868280750413898 4.451567772781637 3.198486919059025 1.9069906922859272 4.947757600727693 4.826466790256262 4.5032603877178055 3.516305741426886 3.293842151895196 2.557245222222147 1.9317141217125768 2.6900542707602577 1.9144592069370958 3.0728711421648818 4.19586321990126 1.7661922973477235 2.2734785368639066 2.8893026549647667 309.1072094665061 4.720080701741326 2.7543698797830065 2.6221759609046136 1.408231336833341 1.7692740173289225 4.462295754584395 4.80823221070616 4.751110527524083 4.601738612930012 2.258132607466585 3.9347986415236824 3.576695546531323 1.2585442683455712 1.4867181532847198 1.5660090339584598 4.855449118991181 3.5821623762113433 1.3970041175153542 3.992059071697681 3.7240834314483964 3.784211057540578 4.6641296059090624 4.362753600546627 1.042197870260376 3.7500665589091815 2.995829968974235 2.6744026011053688 1.065404706241797 1.836344722426852 2.7260032510210226 3.5010693183454222 3.950670073266469 4.679242295420478 1.9713563383906774 1.3079009497352283 2.964609811255825 1.8723338019918545 4.694102399808461 4.835394707502203 2.2773987864532956 3.8436308827498364 2.7045575014570824 1.2147940683855127 3.5071161872279575 1.2588650594145174 1.424340461449197 3.080119736165257 4.106133352026054 3.2407649278032813 4.5419009077792705 4.1849616570035 4.90001047665856 3.7755363761286036 1.4210075089099128 2.02504935175418 3.976185258874265 4.748742928791999 4.971278697818988 2.822122125930221 3.128729798115498 2.7404786178459872 3.479404615978282 1.0164643199203516 3.569545677734373 4.859630590550397 1.553646066788514 4.317571641755858 2.359621203549322 3.408576749181799 1.033462421675837 2.95111058611018 2.0145713385634325
1.7897572795754662 3.019660165881026 4.45239948964377 3.568888564446374 3.564936583093464 2.241756431264646 3.4478128049847814 1.11016038542056 3.6853254258292836 2.7304650802051076 4.943247110002524 3.5335346886775842 1.552702511211173 1.8022824738652803 1.1332691091419442 1.8627724677164212 1.1624950861137364 2.238310585821277 3.551561521421816 2.603260685020745 2.3362822274409534 2.459740249772817 4.742400422149784 3.814708258288723 1.1461124216257215 1.5263430556724313 3.9524543191122796 4.5643555486655725 284.97226159840966 4.924841920883607 2.248481742040914 1.0511320547292926 1.1855937241824317 2.530540242611104 4.778895694620118 2.200917945337821 2.000606631272435 3.4861373475533792 2.1651561354925106 4.196044375886797 2.8146941645371126 1.453265214974048 4.743979452113086 3.3582874219359358 2.1883441661595384 3.580856223527577 4.941968473136907 2.123763084866255 3.0108802634257796 1.0438910836255597 2.618765608179467 3.679590909158919 1.9181609623948557 3.6986498684729576 3.0062417474109737 2.64515998774282 1.1442483962748997 1.458381264252099 3.428794844103498 1.032073565019465 2.1308655990812175 1.5658612339305957 4.4666622387715185 1.9905742462260752 3.234392291628496 2.645387995271384 1.3552127279216153 4.420353003447603 1.8741990380656146 3.9046422504810705 2.847493367302398 4.882849764553254 2.2466679950166126 3.2017302073924117 4.5210768557841785 2.3506202137071193 3.8580305757604263 3.955557516918146 4.898114503157332 1.70732738717175 2.231507386563377 1.9695543698539568 4.588599739214747 3.5334913173194957 3.7132460874256528 1.0472788621784312 1.2807564085642413 4.162673283208667 2.489603638819517 3.1276701235071074 3.103306802660088 1.1466230749507837 4.954359837124731 1.386360168106643 3.979814398035117 2.232168992587674 1.820076621217896 1.9776336536955124 3.248693976501229 2.270246292821818
3.592815912096945 2.13989877428606 3.9088787631948483 1.3847198806345395 3.2000451444163622 2.4010109719444377 2.22778233123142 3.3989802802574918 2.5246239561620945 2.6103838751448416 4.882099962461339 3.364296015060104 4.606285033935537 4.634394221522638 3.6328228188356073 2.7884200361561713 1.339892695724537 4.691699570200836 4.342440636049528 3.2458508444612333 1.8421453502782086 1.5838956548179626 1.0297529067923512 4.2315357047577 2.251650468044835 4.755271119341163 3.5194849793709895 1.3966851337495267 2.6969041306504944 299.2441201808879 3.35916112577916 1.1016932131673642 2.9817323744728452 1.9016790878011451 4.115334079370604 4.832828772902102 4.837833069709437 1.2680884150453902 4.046739212571685 3.5007337960472986 4.915873204081034 4.637733453851533 1.2244214254820385 2.7199267615503246 4.74178340980685 4.831788878923195 2.3138076235277807 1.5608868246854013 2.033119399293364 1.9664800261499291 3.6864887987643944 2.731151292644858 3.7697633172765976 3.4805339114744314 1.6458112768546709 1.5858273742672129 2.1366869099978163 2.595322032885522 2.688754119542039 2.703538777062783 1.7296924622810583 2.057944298955944 4.059682607074114 3.010036621379041 2.7649347379731504 1.6606018612567865 4.839048151724196 3.8889406224006464 1.0383840709138545 1.838031647331205 1.449890484302152 2.6020941989069772 2.6914001832370285 3.90774654307179 2.3417889214745213 1.732851423528401 3.55488913410109 4.5931643706932554 2.5403807119100748 2.1706017846295182 4.5756286478883545 3.4931041783941796 4.0711110878547325 2.3425387778072517 4.540948604944795 2.246941293039079 2.945485280815701 3.7391159944581727 4.816155088293622 1.431223268451534 2.4931371040017485 1.3244942559536041 2.1752945185070423 1.1484071264960245 4.700654060978787 1.2051156010408302 1.679308625779218 1.8335920421383558 4.2759930810799585 4.846190960139563
4.840197189017136 2.9322036303764 4.301966653575409 4.4799598045285265 4.342372656922911 2.9323500156091935 3.3832048607994856 1.288296130023061 2.690929538561545 4.428546334869894 2.2754198123721094 3.763441875440153 4.773822819736042 3.2079127379035595 3.9086028658913503 2.697224868769793 1.6607308379771113 2.4263098053553347 1.2358406205354422 1.8908831133533788 2.8333388363043315 4.5088590465993 4.015806592944567 4.134624975256209 4.367255451717698 4.872420611607002 3.381795061474875 4.703817995597546 1.1425843621419145 4.094546857345614 302.2569457214599 3.4956457906839637 3.1031300090114895 1.1666781615283797 1.3148418760625233 1.7859036452366754 1.8039738948474269 4.7561844395047155 3.26865793965545 3.7836165779617734 1.7516854590901345 1.830203320035635 1.5458843677260807 1.9339527799866603 3.1140140820864115 2.9696537657128625 2.9379860081277283 4.4578764809163545 4.968993931775612 3.137502526779572 3.860157801360086 3.775880352432819 4.760406734046178 1.3662975183329933 2.7911455753348986 2.427232172117698 1.198775917115984 3.6433240294707736 1.789987330951647 3.0175768770249025 1.5195702570506944 1.4603948686283248 1.914382669090052 3.17865772882286 4.444512846850077 1.6080393727228484 4.095993932655002 1.4423311107038908 4.3524739910325785 2.8501335318465464 1.801902881912664 2.4790533630894696 3.056333632485919 4.90183537612746 2.9110733048319366 2.484256580854876 4.725418759894088 3.5988423730108354 1.5468383094622031 1.1809110293200122 2.6587953055501963 2.464093198167843 1.2311396253928497 1.090759501208833 4.110762113096976 2.40593854121935 2.1389126814451296 2.698635151490395 1.0048568816178092 2.633767357895581 2.7777505959919635 1.1888368738340365 4.6248341581155685 3.807602315267984 4.190142064240309 4.173347119566873 2.6050999994335484 2.640390931003977 2.6826097585291 4.497610229020374
2.4377833917945373 3.2068816978735355 4.331671302153319 4.983450058087287 3.9008120094733707 3.565994050477477 4.913874426585558 3.9237264881303977 3.363260064407281 3.0841145109838664 1.2502471172697516 3.2091822326249066 3.2563354980535206 1.7205819852900839 2.405572088436981 1.5684080330081325 1.3913442210460376 1.2842354940408387 1.2454302256385983 4.551754556130701 1.974009063939385 3.3982653921152806 1.9990451965053748 3.128960322638306 4.171994419479063 1.5431804794958977 1.5479032206199985 3.502999039785653 4.157607007192064 4.7924916892980995 4.860261957586397 311.190594366148 2.8288995026061086 4.4236570057579305 3.15368044053574 3.1675244936060833 2.954927956807626 2.763296070197205 4.16523515735299 3.4308404017452228 2.323810511020433 3.055153586415371 2.654953459531636 3.199630391158313 4.021702669679096 4.1639286160013445 1.6106300671869076 4.312281671778806 4.391312357140276 2.3371511480005194 1.9717648603438591 2.606602141596817 3.19708500108649 2.2676085341428087 1.7230978181989878 2.5296428236736435 3.6575595978453985 2.824216076453004 2.6811992517256753 2.143547966292984 2.6211636752871055 4.536432801784469 2.9801541230352813 3.9723307151587783 4.87408098598305 4.7333937587036345 3.6469377635052314 3.0053140191731167 2.443453970800605 1.8988713373361286 1.0416969332439536 3.236087218123449 3.917469465794947 4.193947226693739 1.561356966166033 4.803596226823056 2.720178270400228 3.457688569051891 2.0053021822456687 3.2259893045884835 2.4759176059665564 2.5512183627133957 2.923563966326053 3.0933219584910234 3.8306108317514003 1.7897051159246296 4.594561168562839 2.8171620357583826 2.9452214428440926 2.055585290535297 3.653939400344205 4.049252616983859 1.5540739170476963 3.0881632707679225 3.6872814082020904 4.3259943366964055 3.230165291139629 3.750319786072461 4.509429563440741 4.506180780056773
3.089080728109905 2.689985193959467 3.3086474957308587 2.1167945545796494 4.128260105352927 4.147677688923428 1.181838980249625 3.3864564008517006 2.2555646287735573 3.8874613941329144 3.562497922962598 2.809594734656935 1.8036545417300647 1.9587648170152612 2.4631836144158257 2.1573809879148786 4.681735915231242 4.649069390976559 2.665127325355443 4.566124523083312 4.620965844971577 2.6788713695227977 4.32049604174885 2.565613193338557 4.729416099622441 4.8094975776233175 1.2965817859831885 4.691656811123012 3.8075436595445504 3.578797056410241 1.9280761860750246 1.1838331173643564 332.7018895356014 4.983656083243891 2.1213547317226347 1.3673036771687834 1.3659823362885435 2.6797046911600644 1.6698205578641803 3.452675743044895 4.722463859968226 4.865782675967834 2.4842024294046934 4.139662313843235 3.3413233263269575 4.846967778274216 2.083878228000411 3.8656664642908822 3.290552234152266 4.336375528265494 3.6933355878471095 4.422134653721104 2.656060957546203 2.8459680419395554 3.2016461605708613 3.8455646930591056 4.422105199893686 4.8034110666787875 1.4483309440154088 1.4040201531892729 1.6023027891636934 4.704272813512077 2.694869051474153 1.2139927659819265 2.2698868609790206 2.7835338420947844 1.3266998917764568 4.821953843913272 4.641681865530405 3.934093780520616 4.4310669583744495 4.310161408123793 2.842882129635472 4.662023989690237 4.565016652659432 4.0082891439681845 4.818418706882065 2.461173256746539 3.4289286088349065 4.7108757192455375 4.044251038409572 2.90039625168588 4.356667959867495 2.165672961063459 1.2451238381821623 1.490835887444668 4.789303040603862 2.5995136937687064 2.228747684178981 4.077758690192905 2.9647450747316286 4.912408814654389 3.309409329987148 4.51908477027418 4.51069500317872 4.832221952527177 2.282587824970281 1.6240759145186252 3.0409241638492404 2.8883584746058815
2.0247142689761968 3.0791579350538565 2.541000896565031 4.694094359380355 1.0812683684684865 1.9237830768054174 4.5836396899895595 4.842856935242541 4.9856722273500775 1.9173693974617065 3.5892180028384417 1.6277328449751471 1.9536232236239286 2.8649022813813367 1.4350687905019432 4.675357395188574 1.3010331629944512 1.7330018769540407 4.478627277253725 3.2651531468198765 1.021908784675491 1.8798485734151344 1.0003420529231342 2.086090826890959 4.834993503841938 1.077861939191421 1.5410010482092638 3.9623401809372343 3.932413667072063 3.3693995317742913 2.623483446238115 2.945299178706272 3.149964552959155 302.20779808572297 4.425605333160341 3.939024937745455 1.6586074275010252 3.4516334168959633 4.09637305532809 3.800434205355943 3.77820790541307 4.218942862232353 4.2822666003832115 4.190740856849173 4.895757260090564 3.438581999701678 3.196908289018178 1.941661607149983 1.71618180077766 2.5853495982388384 3.5852634989241396 2.761759306589716 1.833973473219615 3.5982065335506603 2.8398356056125844 1.4127624991237706 1.2482332069495166 3.2960865841884743 1.4016964176164821 4.596934974310569 1.2067568253696792 2.891351573323908 3.50711299584195 1.289985954527186 4.2092848128831335 1.6425978195153625 2.5264062445658055 4.460643717953289 2.0199537129544103 1.6654793921034052 1.7343165564142842 1.8200253821388732 4.624100287551539 2.5208648002028164 2.9263678341505006 2.415511061077962 3.851723544167683 2.2596424840941216 3.8687347882204626 1.2483404660210962 4.209209692301032 4.576857818204331 3.0266978845276444 3.186173666864872 2.336494261490866 1.4814605567650854 4.111624540476756 3.596791839373464 2.4113193156576145 4.209161236171617 2.820675342500005 1.259979448231566 1.3801134854048036 2.259155318379023 3.9679354244417495 3.120572937877976 4.593321015497004 4.26038776723813 4.291148731569418 4.716245748606745
2.1400105734080768 3.7030276336852794 3.1369728020845447 3.3906476262680654 1.2870088646685582 1.274420297966087 3.5929649239593755 3.843537065168121 3.4108024126804697 2.6664018266237384 3.4635288167550877 2.9126948315381105 4.027486628367828 4.208419575829516 3.4924055060900367 4.3913367225528415 3.552485845687245 1.0458595691328312 2.6133940238915097 1.6052214936683562 2.8206193908697887 4.5348358673552 1.9809444616410832 4.569355600192045 1.8419823555690757 1.6610758984400005 2.044342665995086 4.7601498779955005 4.469172155412895 3.24914651324382 4.779282531477161 2.07741345683337 3.43624421882041 1.413696094121462 309.3778077761513 2.0044707192507354 3.756729216554511 2.486487045506171 3.764200137679002 3.6300741019410725 2.2197496454633705 4.861559434664562 2.593581839874019 1.2014193893492342 4.046344279354624 4.154683032231316 1.6039802159634835 1.1007474793993137 2.3179636591968715 4.1185159330212695 1.1078234066765593 1.7257500162625399 4.8571405843070465 1.3908333834993507 2.7016937333292925 3.721859646582682 1.3062590439595518 3.359936373367072 1.839218932241426 2.183660803235197 4.830982242767989 1.1574517190913607 3.6327600089674776 3.624272809180236 2.877479330489748 4.6151114617255145 3.5376263966320116 2.1854584515357014 3.5485727640294047 3.3856577766130105 3.871466610871013 2.70944778321424 3.3434262124177354 2.632642175301289 3.311557120927774 4.302810086443594 2.7348433927065288 2.8780788891003266 2.947015721580009 2.7660479577047368 2.686725333546787 4.835710388666991 4.970746984473496 4.56762942622858 4.136964467425251 1.4095529865433605 3.3299552196336886 4.22447578740437 3.7728905653341562 4.344490872055687 2.31647467595913 4.55065120821606 1.8790287430737314 2.077588934699817 3.768389436655177 1.343988671086369 3.6309463654712917 3.4181586726905318 1.8874479468517364 1.5333069426404835
3.360683325835895 4.764847918485831 1.5404262812974192 2.5103921372988154 1.7916141787456077 1.8099403543525394 2.2693001832674744 2.261826369535778 4.112431244864342 1.0264685957987152 3.6400607253036883 2.3539819535009987 4.9457625518945285 4.190462546142122 2.279291253348484 4.285503790683363 4.713772213652219 3.8589552932069653 2.727259409847439 3.1525445832785963 2.043621812702696 2.2994824948136308 3.6521131408451093 2.413208122387159 2.1294583492643566 4.897783906702628 1.2939002129079755 3.0110104994920333 1.481370562289793 4.729467835509519 1.1048031462367027 1.686618955309806 2.7772631140727486 1.4350553067539522 4.141580142266911 321.8147936260773 3.049894181426673 4.31901266989667 3.884717613558463 3.1840039544898526 2.0282528437480796 4.714231155843056 4.19321328117879 4.434310825777127 3.8287272962161243 4.6706407761703375 2.7392360156960214 4.586463880184695 4.039907433144888 1.705984881082629 3.2501783242982096 3.7644355577855166 1.3940494240739367 3.3096115604629057 2.7794866118755746 4.309402527517632 1.3143518207030747 3.798901756346793 2.354738018679007 1.4360615430094206 3.795344035945615 2.795173555849414 3.30018114166763 4.64985793583241 1.7377083501234774 2.48971497139643 4.177282874215639 4.852577990487232 4.665555988048574 2.45764787225619 4.957668362902949 4.067177355391628 3.887121676752938 3.9087906853093246 3.7565818368452777 1.3117423722112855 1.3025562447560182 4.053559403754043 2.4455643405891414 2.833608727032624 4.788921469456502 2.1969428697388187 4.954384875457797 1.8340979704708062 4.095695192861701 4.946787500406952 4.065780585697539 3.2118145356682035 4.039587613967022 2.5258799198516986 4.259461394982399 1.018597315589572 3.7677611989937376 1.9169284590650437 1.8837215004184982 4.27448743496626 4.7133720012896045 1.3484119054192871 3.0977471612089342 1.730114840210176
3.6795192577657057 4.936909176715536 4.572912536419601 2.546741908006086 4.794906875677393 3.50920137167382 2.238788836917744 3.861450427291493 1.679499462767208 3.5940572698754685 2.83789063479441 4.4011698492576805 4.1440333625111805 4.02970296497526 1.8913736959470908 2.6834327938414337 2.6202476822406076 1.7728458517277708 2.960764253967277 1.716886709293648 3.8441689858973183 2.590649148132439 4.198959550474303 2.4953242125708206 1.11684191510368 1.0452024543361942 1.3419177584006383 1.9314215615937478 1.156276321543844 2.5601815318696324 1.9498588420306242 4.793606387694998 1.0720880006792957 4.996122899217098 2.193265885754978 1.8499846696940856 311.83568280519415 3.397661507032833 1.3633743987342113 2.8066182686435464 3.958914229468289 1.7156013677423956 3.9236137140519296 1.9328063240230198 4.723508328585086 2.9953413617472973 4.305722332552173 3.8885185954274237 3.9546010702604306 3.949886017164676 4.968221902858922 3.1909158208618917 4.111016490043992 2.2266041627318214 4.399590335466058 4.705491187544923 3.797449455857973 4.641252936361983 4.000588377192754 3.398253638561017 4.983084880192666 3.8746086256315966 1.182333075466235 4.471359188623704 4.6892537710838536 4.768815722694763 1.025374524494699 3.8944152992150842 2.806169762189519 1.9858724229552975 2.0583800500291294 2.5025516854577616 1.370580997265193 1.8664492225663638 2.500801786611296 1.117914427707492 4.518559427572919 4.711345460697704 4.688871578958336 1.2252921334478382 1.9217216254687113 2.202733754613945 3.248007615569962 3.925124743054021 3.7281940456897225 1.7355232757970724 3.9947323278897158 3.1301563021785594 4.528412384501685 1.1425742601885287 3.857165759343013 2.5071538648658156 4.52205095177604 2.6396372823671923 1.171172634310813 2.125795092290953 4.446619423548405 4.366382968937451 1.3649960691757959 2.217960108301778
3.9227772653342887 3.307358645375473 4.636468714944291 3.670942331164708 2.421357917190293 3.714796371961461 4.254005412588723 1.869441209530022 2.1837827285350286 3.42001430239451 1.4661368805984414 1.5011351943114453 4.351338704261362 2.9373319659769104 2.4954423317247088 2.724587262692412 3.814410227777054 3.6598352946037878 4.1257061911091135 3.274003231312244 1.5821001013066813 2.2550360112920464 4.9352211306761005 3.6471285447798953 2.209247131468845 4.4258636828159315 2.5464536320754867 4.718039400731028 2.5710111671496167 1.9131878081957763 2.437778954863093 1.3481715689028446 2.206039672361315 1.158871768382637 1.1319288025141332 3.776970011903237 1.643791985024433 310.40249313550083 1.6430668627508407 4.461329413639335 2.132493528835779 4.823717346967001 3.4927700932331365 2.8383951393065896 2.479323924475919 2.6386073043106464 4.996789911674778 3.080486615910823 1.732939230019749 4.866217474781791 2.6186587638303833 4.645277813816298 2.664165812208367 1.6243829374560903 1.0607330764718985 2.9680713644768204 4.705602558698789 3.327795435582452 1.7373311259415378 3.2939142795524834 1.3274386307656258 3.418191318220961 3.7345576582825313 1.8448946979063456 3.1599174271958597 1.6878166317110495 4.883179430409507 4.756422823577161 1.1558934059162245 4.170135259244802 4.879835736563448 3.7761743830582155 3.1531606554877527 1.727552317046924 2.8534245039685384 2.948693337457085 4.97943012047468 4.724983990269934 3.662286229357702 4.315514839073595 1.3145426592032177 4.699800549180208 3.866159841551273 1.896366664889268 1.3829463201086099 4.695071747529107 2.647620391857412 2.3510549310196724 1.5344967797271298 2.87175339174434 1.726057872113902 3.0546947604938803 3.044739208392546 3.8385991740932535 4.86884539699843 4.85727501294299 3.976905551878522 1.9019819072519515 2.7211945056396356 3.68284959222801
4.540319890450396 4.299514633468098 3.739230324947196 4.401332414894249 3.2390756145398396 1.4564587237290532 4.938360487829909 2.970212145724425 3.387352150099292 2.8772432811127624 2.8097144051250718 2.857930853742521 1.047205555133794 1.9405583268657511 2.513311354661482 2.548142220254233 2.1192073227427684 3.4450896878282427 2.6624376128239815 3.293866070928732 1.6179152685287672 4.793479517626549 2.4698948545971353 3.1373368401758377 1.7647765111023888 3.7025783298210455 1.9306650189889707 4.960321764497937 4.594384076741779 3.9001823052986313 4.4227356800402085 2.2446856580188634 1.9874812588558641 3.8322452202837667 2.4455353108152207 3.3450834896163095 3.450121684954317 2.4719078671515353 310.8583986948057 4.3755288099482 4.744548085408807 2.107501532258385 1.4866791876171797 3.0380234375296165 2.8425106492862424 1.777736108576803 4.978304437695064 2.6052456026488757 1.3258991742267239 1.5766988136780573 2.674434561990409 3.0732178634065273 1.2966966999884897 4.188012866594003 1.0179209145115182 4.353617398119789 3.714492625238093 4.988711821919651 3.579012707582737 2.003329562634091 2.059039430116527 3.507157182658185 4.3711696539412355 4.981542207689665 1.104845812794224 3.3785855605730584 2.5271265405393204 2.821190151875789 1.9725065500490113 2.6061295765527794 3.9401327775651933 2.2653068215199887 2.911435086910793 4.647634904219096 1.1341248439168816 2.4519927316712584 1.8035932554382983 2.869552645028574 4.073627174960753 4.251182297096447 4.692703490965555 3.440914135135824 2.4733968694583552 1.4181846162469962 2.7319092737608233 4.829566632226623 1.6736518711190436 1.8397850366509552 1.195095797838042 1.0272151222023918 4.7402057735473395 3.550149191966186 1.9933880320875872 2.422337868437035 3.9839719209812703 4.865894357563084 3.6725381894750164 3.346378934051177 4.43521327404349 3.2755751936246615
4.948120032406479 4.379896536974753 3.077769641889291 1.624141452714111 3.4078644515468106 2.1519146207816906 1.220759246503543 3.8246646640037225 3.390366533782203 1.2966971215637777 3.6132607712310967 4.682636567056917 1.403331064074028 3.605572027495796 3.5016507570022846 1.0467935773754857 2.1276578968401587 2.0708402554593213 3.5536500341790953 4.927500206009913 2.715860725389647 3.092067493336274 4.935305969414699 2.42677059948215 3.6586571068190175 4.937185385707141 3.8849149532568696 1.5623322742727508 4.437838695499518 2.158343735705919 4.381784095271405 4.150904008795333 3.461394389584037 3.0151292948332755 1.7037052902371483 3.140134862556644 4.747739518714017 4.417343683656823 1.7680099057973777 301.27019684043387 3.3723110345442464 4.338383511029928 1.5450737581466458 3.646632607780338 3.693632624191843 4.277142098574686 1.419421932701943 1.9103745790759956 1.4613001423376537 1.2252449741474072 4.084562303460969 2.817166821247019 4.737079995778331 3.1678729598622266 1.0403652739561724 2.609889101002351 2.899158991522523 2.9246689635856367 3.9129745275001775 1.557427929786381 1.6507471890728653 4.305087278498333 3.6984670895244283 3.267474292817918 2.485398983625819 2.5272814120981555 4.125807959248726 2.4494213757062817 1.1688765446714364 4.164537080822544 4.689864885372241 4.163786023718593 2.817667358561618 4.287236936940094 1.3374008774545425 4.300994358986656 2.772134536228581 1.6657213952331098 4.271351991833346 1.8196255503589094 2.012753830190958 3.0237258476441395 3.3454205295188255 4.4969151735035435 4.742094556315892 1.3834422708484544 4.082820641468661 1.7811856709527478 2.560593242790653 3.859955472157005 1.9614585092150705 2.0048099405566244 3.1756955133392446 2.106346710354882 3.5149498783605715 3.8623816850324006 1.1193188696350416 2.1541428102907387 4.2646175969713065 1.348078629596798
1.927080046379397 1.7856511230617178 3.0726413346182837 1.339246769805864 3.228370814579224 1.6510956539224564 3.1724034218810364 4.233861150404561 2.2591066166295257 4.588108532890374 2.5209305012240177 2.7172186460237877 4.735497129327348 1.3988878934589954 2.074134805616481 1.110554473051486 2.669007161070805 2.7651062708126943 4.226552251213998 2.1456762163444707 1.5100092375081524 2.0269679694873446 1.626787206052609 1.7249978002998527 2.9765941666816453 2.2038643700446 4.523581427631028 1.4990233560696464 1.9138672356203879 2.394083138545349 4.611986487288852 2.886798876911534 1.9610770663295964 3.7093859265220543 4.701426394872486 1.0897230713405306 1.658973884783404 3.854710818390217 2.9230186597455243 3.4363977244276382 303.23568773663874 3.28528328771081 4.403749590698068 3.8373800470213446 3.579492477894265 3.5301750683179822 3.7467908099951805 4.577228560808153 2.1875589356907947 1.4763717967132992 4.384149962147689 1.4440257422372582 3.291433841546957 4.833683167194412 1.020161035175744 2.0359376152398343 3.3840873674486964 4.496851603048947 3.726655545125962 4.001834837883983 1.605613513180875 4.932640573218769 2.8558034608850136 4.959018610268789 4.180144426593266 4.136030659148776 4.800108355274556 2.181829404069881 4.758568328455657 4.04117095657225 3.616046187275004 3.23966641851966 2.3920663264227824 1.7256623832153783 4.334173134238053 3.315347678319323 1.46394175815277 3.0864818160204566 4.691785726797712 2.07172734775712 2.5461899952074463 4.331271440909201 1.5123034919669438 1.6565820104210962 2.4551002139844558 1.1052969627371416 1.688571561995662 3.5622256481690235 1.4898388485151863 3.8037973809903938 1.0826170467623921 4.378317696938537 2.8823691301991894 2.3359802589963774 2.5699198931290628 3.954897388795484 4.331404234012553 3.724917765922297 4.389307052710818 2.9122811644987663
2.13726261574678 1.884821341580806 3.2237068063356276 2.855229414007038 1.581743501518858 1.7431676248038248 4.295887383048823 4.280125635892309 1.2178551350651445 3.453515257074994 2.7118318454274766 2.323778107211013 1.6389440504930697 1.676810357807475 1.9861418015027814 1.6468482284815287 1.5523223248270344 4.339434258850973 4.063679533254714 3.254885648412914 1.530417583102675 4.062290973124685 1.7999302803972794 2.2037001605783137 3.8875503435350898 2.147459135634486 3.4220959990982833 1.7774902923729536 4.0524832075446 4.093590514820583 1.2214535986597324 3.944424116597279 4.431363816704154 2.4120095949130036 2.0195385547149014 2.518673128826248 2.5131169139946152 4.961798540574158 3.2978190940721657 3.43043634365878 1.2609889126125875 301.5501455453383 4.885104891742892 4.213594325829444 3.921294621280934 1.2150561530780362 2.3191855526994694 4.18133694884569 3.9558345761266045 1.5530518980194539 4.380555671134778 4.391434748836751 4.97518297149778 4.203917747334125 1.9022039854048316 3.4858517846590935 4.773226137926928 3.5069770990951494 2.97191569823379 4.059600608778457 3.106771343723854 1.3999357162872346 4.117969146256575 3.60374501589988 3.0701999836256055 3.5432302169966916 3.7391791804344776 1.4855299840412055 1.4693062118829228 3.7812478622597707 2.8765984668442113 4.3585092876290235 4.679003597350469 2.2046908387884985 4.267794888682488 2.308041034450808 4.387323344957624 3.0448149133587266 4.663833650288495 4.6277629835705465 2.036932512354032 2.6920539926365605 3.5606430094537096 4.398318231013713 3.7318212827565027 1.4397600910730661 2.2131919469882777 2.0571288527793787 4.446508646766045 4.3559015495722715 3.6120694477769684 1.9247776025391867 1.6840613633716037 2.752446977379589 2.431892545003787 3.270192986769219 1.386219193026979 3.4526532671783574 1.6287930973341012 1.0810638190230377
3.702585220666008 4.9577392250803065 3.931798945544094 4.998458750052899 4.260739720862196 4.1988955071068865 2.2281100716378437 2.285038441798701 1.8294415585724284 2.9671952687172594 3.7214800902227307 4.343924959150435 1.737567173187177 1.419421674028838 4.682168997701659 3.4513261301659774 1.1053023709395036 4.417146738465731 1.0024442320573081 1.7266720854520772 1.456367533713661 2.5245566557732277 2.3152905930752175 4.162461785208164 2.0582838215187773 1.8551866247773097 4.168709615383463 3.178497683397833 3.14853195373723 2.2357496730848263 2.7861172659641 3.939727799522111 4.233759369088665 4.811457599370868 4.05938656343376 4.300744260812402 3.359734592433637 3.258138053186669 2.4294360597315627 2.6977264295956083 3.516314233289428 1.245715400071874 302.8518533535553 1.0114239242022585 1.0106080213802398 1.8845527723086013 3.743784103030814 2.0079897615150606 1.8102397930593037 2.917552406298558 3.6774138130464764 2.8258276926974157 2.4840862231297254 4.767308273339369 3.7047626649977046 1.8301589026014273 2.8991085610864844 1.712534979571442 3.0087275534765623 1.296770640953775 3.337438835178518 2.9169906812656508 2.808788104227152 4.79165084599444 2.3714680031395243 2.8081940777237135 4.0849569638023375 2.0420824098193773 2.3685342593425585 3.049510530647109 4.777358600657802 3.8032792878987793 2.5078101573363503 2.34254528243731 3.8525539179474775 1.4787799895539075 4.892482345246422 1.9544922333769037 1.2476236724483636 2.10470566276842 1.698909130022523 3.104437408239111 2.29354833680496 3.591537913250519 2.486201254268215 1.6570371668135953 1.6067863337445458 4.389026451691839 1.851308946405955 3.6853918622233355 3.6929521797259928 1.9564088264547803 2.5173459815075336 4.480844186191932 2.1833180289891523 1.4932708393571978 4.095574962807219 4.282813318759852 4.921224317704258 4.567655419583216
4.666113398309072 4.223439685265587 4.5628910817433965 4.1940198237304065 4.52397361885267 2.540824009634801 4.562674460143683 1.450525804316197 2.2319510933402635 3.837723541506715 4.80986272106029 3.173087705745285 1.7287516696117704 4.343491955316956 4.419028228094806 1.6643406198467163 4.31646814105159 1.313360356404048 3.11792244333813 1.2640196855353079 3.5626760197596834 1.7038767526087573 3.8658968046648665 1.6039117315243643 1.9101907406997731 3.7502757141136756 4.645952162728339 2.1431310535327954 4.090075426499293 4.993271804567312 4.6814317553070985 1.7486594262511215 2.8190125205152667 2.5552936156048895 2.572008911782298 1.9821230316140226 4.071022276501825 4.287051578289391 1.4563375642125056 3.7141935257463503 2.4654792643869787 1.9743986813151464 1.7387624025500266 302.66220633108276 1.8705652384599798 1.4096712464214534 2.016272012939597 4.262841189819305 1.7033641212549435 3.77614935858871 1.983504751943988 1.9895878968804932 4.08096004118429 1.1528935119004817 2.7257618618053234 1.9926242095645175 4.513601609983041 4.180359337974842 2.6882771136559467 2.709834499215763 4.164298496062543 1.1466889534297864 3.7285186651070488 3.857085389525232 3.017634953153127 3.2224939198340437 2.0941555329075294 4.780469046921085 4.947980342849455 2.975752677048819 1.1208971210450085 3.717497832671673 2.2835382188520184 3.267361690522224 1.2090584255640024 2.43725163698384 4.010937148867301 2.9257591866989188 1.9990742666879893 2.0979116883414135 2.1629304502355406 2.0055968587024626 4.197189150115564 2.526417471116319 4.522807656851866 3.3795514541842158 1.2800527733090203 3.3374810069490466 4.107327170670996 3.959535466457726 3.1163350793123623 2.8890699011202425 4.694645362799909 1.8361838912946764 2.8796608908899115 4.579753888622627 2.3617282076982575 3.4512005418607137 4.734366359330783 2.248236688861022
4.8704578593989964 1.6293697262554598 4.99257492088338 4.726789786576299 1.5255726313410403 1.317896330385246 2.350095752439546 3.575450720075808 1.1361264129018283 3.8260480813878366 4.080149826662793 1.1623998198117462 4.899510329341194 2.659379855726675 4.475756845542195 3.808918091090655 2.34535835001101 4.865095805502049 2.335998218834341 2.675461624674777 4.351437674501019 4.232015013683876 2.883718242066503 3.3603822697844277 4.328815041279752 3.333309009703489 4.444141492770646 3.468208521911257 4.3202641615160635 3.4818013425213215 4.450882248668944 1.0413535296824041 2.1935843112076676 2.5891578424330217 3.90171373752192 4.392971673760851 4.898430303863136 3.162108800662405 4.509536593957236 1.7342713103110237 2.299567040619287 2.094500450108272 1.0796581875580538 4.202805397600859 317.1778329832675 4.066991221206699 3.323724161638533 1.591318110395839 2.771896557017101 2.9262177207650324 1.1829593326019232 3.0650098531724663 2.5802051936322696 1.6473890455225138 1.5212437304441302 2.9764631738882463 1.50728638387104 3.442745888219938 3.953684385703742 1.530269801875066 1.0185514310631545 3.6381430968748023 4.852652802827418 3.914705113923974 2.5783782008439604 4.1691115752801995 4.470786021053998 3.4462699021056493 4.904936943454732 3.695607081897487 4.3540681950811235 3.4271874422279622 2.790232931407529 2.6647615283182424 2.7955652115865885 3.0832256196970578 1.3600271547554352 1.9003395879416343 4.176626679863317 1.056462894408304 3.0551986693705895 2.156727276505297 3.882650726693963 4.80201883415117 4.412571366542891 4.661951539079389 3.4274297891216845 2.0092343580356498 4.102594694729536 1.1666252737300873 2.018895880326036 4.144649643854136 4.966763969507262 2.8456023109460524 3.3643471690916007 2.6193330176328424 2.5662461751242254 3.840518912432389 3.5276306342556443 4.646135627096841
4.740359433086789 4.29395649587579 2.9065404177764047 2.1291974266943896 4.006388639405892 2.6992045340802773 4.732512055826995 1.3949645321119974 1.1825117813930373 3.089819421018029 4.132543378969698 4.134706324062309 2.3041413453393136 3.9172075841557814 2.968432368396361 2.6421153006421236 1.7452222305849707 1.6707097880881063 4.478928434407441 2.234010313622254 2.7537878303451495 2.311098777952145 2.1691818372298646 4.16572618800843 4.345246811877115 1.8050660517774122 4.641830756919068 4.9848499815089795 1.5714172051881157 3.479680796177978 1.8440938425690008 2.757846423029037 4.347618408643864 1.3875317792056454 1.3570039282095925 4.906212304061439 1.61742185149371 4.084218944695834 4.21664347171998 2.717541385803027 3.149123608697413 1.090952046933582 4.31542219753689 1.8450832682544571 4.690839554297206 306.2813053260187 3.8936489940631978 2.055715274610439 4.745623659397866 3.2057557152940075 3.7531001050416983 2.4150202729662853 3.2089124511029268 4.09189555858573 2.0155975632963643 3.6025305474078766 1.0981356864571619 4.381392651318427 3.100789753073636 2.1607974060304396 1.4784887748587638 2.887789659794996 3.897764144335418 1.1676171884489261 3.369021825705693 1.6643365358964197 2.137429764302752 3.7433993106539023 3.633945628996088 4.019469881209226 1.3776866732941313 2.229271115644942 2.657258438968074 2.844227317804736 3.3347877002317037 1.3014366044238992 3.781916571823535 3.984138138568225 4.571765499471375 2.0819979797733534 1.5379483925248794 2.3629742462493177 2.4234535431100706 3.785591671463022 4.015059069402426 3.526363792828478 4.31354290631265 4.510922494808584 3.928884461637212 2.8333727309902397 3.3236537696717647 4.420917005735431 4.89817546973871 1.1411033250332716 2.0656014088586865 4.586186235900785 4.5185458390266895 2.2135107477106284 3.9086146083255353 3.068171482710892
1.1036868971052725 3.314254440966021 2.6861575177182124 2.2568496767395394 1.2413082147193935 4.15386500422677 1.0274615746649949 2.608319114112852 3.1208524761880314 2.450849327646584 3.623078627801968 3.535392566481588 2.16916541934011 4.998696255522468 2.624210235256566 4.583023740834664 1.8473615928485647 2.4120406364646434 4.466734735881744 2.210181211644125 1.485555062744674 4.542321587159608 2.9382125868262503 2.0364694220148425 3.7955157297723843 1.30938077424209 1.7906345250744242 1.0585832556109134 1.8633675973256052 4.509704241456703 3.1047233687454696 1.0008653608441809 1.007951215083796 2.0405913863513843 2.2047512681774903 4.575814701278116 3.853452769856552 4.51442217268295 3.519036464947036 3.978947404875239 1.6067045141136225 1.5750345206043015 1.9820415977987986 1.1101177290383206 3.0345001440580988 1.1093703960093273 269.6890129178775 2.618100045736745 2.4546020379491664 1.699112631639231 2.538760901346406 3.618328088461871 1.316283095026951 2.3997089315379085 1.028967369977146 1.8306620257870776 3.3854963820887205 2.3506709786481625 3.535230434989713 4.691099294126637 1.9678298073813614 3.8299026308761834 3.1898358115445955 4.053806154865981 4.532007865704392 1.527273975816259 3.7255402397653663 1.156636072084209 3.562330955674462 1.2914778525784256 2.9715689121055457 1.6641242150880329 3.5879030456022143 4.120439814872988 3.9007220200082484 1.0393652494828096 3.3150825271252184 2.592001313865748 3.754204817927024 2.749035422108755 3.788521501031288 4.690445865105204 1.2740193376439897 2.4017303687677902 3.451425019592648 1.6097264978568102 1.7467815207988027 1.163612410205202 4.9921073290487445 2.6964917193573905 1.2037468362528339 2.2908904226351576 1.6713236450452094 2.1637661014510465 3.0111748682258197 1.374035260272224 4.44490210349404 2.9605034361022287 1.4763974664098618 2.910734687168556
4.280333485721897 2.8475263434232683 4.3493393421549476 4.067838382079124 4.524322100710572 1.9451934512584863 1.1319448450167116 3.7006452334420827 2.8315766964085984 4.240841326827148 2.632234872282844 4.170848590997702 3.2015156743279425 4.561140372939153 1.9203553423719812 1.4679547995924662 2.509008487794218 4.605903130499325 4.799324468347445 2.240034501297148 2.8916043188982363 1.8896049604337115 2.5036674873149436 2.674446012325379 4.562452870462916 1.6697391860468245 1.9945614930994067 2.0137748096270833 4.984359380966855 3.146900399906937 1.7291393936389827 3.5652304304095828 2.698889494259673 3.7278946243014515 1.441887161912549 4.510262247322457 3.4429745611890916 4.496931552155107 4.526452124352528 1.4743875189399813 2.291438367050946 2.8130809043264886 4.907798316832537 2.6862452418589773 2.151282219183149 3.266131345657786 4.692545864671425 307.43798742719076 3.106037922145916 1.941090469547142 4.154696959735098 1.0969133289270836 2.0313831032443885 4.249099973170706 3.8617438669111026 1.5738262473409739 4.921051989161803 3.5495832349345706 3.1314771427377233 4.431139303174222 4.199155890840469 4.0546182291385495 2.1834290517676234 1.4002540218473873 3.1216717427104963 4.414846254992954 1.6391665107002216 2.702364629161111 2.447751232312872 3.9471814011259285 2.5194431276002085 2.913000979100622 4.560899837498435 1.0178185464046248 1.1727649975523637 4.398579675232743 1.753864938345298 1.9210992061489716 4.548279731901426 1.4340978429187756 3.4440314344879623 2.126662321586874 1.2519674191455032 1.3131715738277547 4.934500153118757 3.8254037179879687 4.090657650494612 3.512663218133537 1.8551991623458735 2.653240826503463 3.939406511970868 2.935821244438332 3.94308253480102 1.6672955841394788 3.0118524537867084 3.890820376723246 1.2036367951777631 1.8451797481645058 1.8115734042561726 3.8481777604919576
4.754651378973984 2.7096121073173256 4.912494527668393 1.0087042184133668 4.434383975531134 4.448558696352458 2.922065960296509 3.440278816215042 1.8813005167651653 3.086322479119056 2.7082598085487106 2.162606249687635 3.915478521071824 3.813281635433386 1.6907756188852758 2.9239510781342526 1.9682415184111859 3.193815339015295 1.4289464122635813 4.72413902074753 2.162325398451392 4.876889397941342 1.2898556053887544 3.436144393191753 3.83802433709414 1.5371844508416812 2.655862067572467 2.2619628520429984 4.723546915184041 2.410728274012467 2.2825149250627956 2.5150387469259776 2.5603261876254093 3.6685620537291665 2.4660823920972863 2.0807578325589486 3.108352455569938 3.2190088304440194 1.272202095454532 4.006754461172032 3.9024831702239826 3.5870612528442343 1.26213740467872 3.3910073330094974 4.225585291688259 4.909657793603815 3.1753729771118047 2.0823604767081685 310.05230633574666 4.77921236996532 3.8509377003475573 2.3327146433313914 4.18903427490806 3.7897839288560524 4.130267119337885 4.663342268897857 4.500796149201932 1.459902365016276 2.3596626624020716 1.3739463928469107 4.459678755637159 2.531357866424509 4.107744862640809 3.630320544748605 3.295681623133182 4.551056330177712 1.0404440545154068 1.7980852008001618 1.5440471558266666 3.6954474480896655 4.397731062556629 1.6555967435701264 2.4876360380636697 1.80546256347781 2.2311241641980164 3.080891333628327 1.4512885264046602 2.403879963393775 3.655591040144577 2.1021935451665565 2.1739252137358345 3.5211102291205814 1.8767296243836515 1.5069252462479263 1.964636865587161 1.5912527375179382 4.348859382083118 4.724457243714035 2.2455431749585038 4.986596049627249 3.368335079864044 3.171737256949432 1.8025684616110982 3.6832492979315714 4.764315080638577 4.413135888228942 4.480373326293125 3.3904152228559856 2.2095237336035014 4.116618604780192
3.811238666574803 1.6611084099664946 1.7146600231852989 4.102765463050219 4.638562630520685 3.439343657254396 2.4246106498040665 3.701360195882034 3.0441216350502485 1.2511678487611024 1.6398846777638734 1.0809408535873573 2.4479897459493416 4.576958706413045 1.8025739066010145 4.422264474077473 2.8047524995304793 4.532859581795045 3.1941005685092425 1.7295429418951804 2.722370857659857 4.006690261374518 4.028079102505718 3.3176689576301333 3.1949739064417737 1.359208920138657 1.9106211206924422 2.987999172392149 2.927610920067711 2.8113313370141486 3.1297238490780743 3.570457785347415 4.116754961319048 4.788517765512002 1.747500997769937 4.617347369145189 2.553829375602198 2.679465372703949 2.9784678689974236 1.115012161723031 2.0161594857738248 1.5072784629834728 4.464547406008409 2.79940677429925 4.809652872927838 3.5114911352230043 1.0194627020447458 1.66693955404449 1.4349300300235894 303.3532055221886 4.802487240624287 3.1993452396099817 4.294525988388562 1.1323292165751129 2.422586894033148 2.4984583228809396 2.114109634283032 2.6658216416109553 2.9278417675201647 4.537936183678344 4.524341054753565 3.3967383085622793 3.0889736895261137 4.082089823818578 1.710827819835857 4.834811565640464 2.7582687706891407 1.9107775823071678 4.474098327516074 2.3959110105710986 4.598802858135113 2.667017723678984 1.6916160261916455 3.137122266654987 4.205755492407848 2.7915127305867244 4.995695425631674 3.8673633471083497 4.110146767050646 4.47155682695479 3.3820505070247293 2.044469444622065 3.3204704059302115 4.60608999736268 3.7128018350954743 1.8760500654286605 2.953473709113166 3.617911972506004 3.7569618657384733 3.4151051354099735 1.5914369232516012 1.1765095242896026 2.3482893267899314 4.605347275192644 1.164536634138889 3.7325762221410415 2.582789314700707 3.3545684590119973 3.2450930752908644 1.5332466975755872
3.8291270379057627 1.6213194156827484 4.286136008315809 4.474971844287152 3.8785769498899243 3.3552543116874944 4.359531236821251 4.5239218067119 4.281827909607527 3.1402656251289107 3.3400685194064184 4.02304750186834 3.86200759591455 2.010615345624207 1.9420580278450394 3.8168125513680664 1.1835625843223405 2.0228437469307927 2.5082460559476005 4.471961949553833 4.067142069308904 1.6666519404238933 4.819928820176062 2.545658837669078 1.388336466952146 2.8439532819199616 2.486426603751223 2.2863896504229766 4.825376756366492 4.278378313327 2.1466585821893904 4.639534795517392 4.601428627985619 3.209645630134405 3.2785024596913908 4.897642784752561 1.3627893914751552 3.1774085111842987 1.69877409600352 2.365972270592935 2.122547965762904 4.413100186987489 4.2299660230764 1.7558622576712617 1.1290345279560063 4.211203843699904 2.8673576162631953 2.740729732198319 1.44675644889351 4.303383417503246 315.2726614471154 2.67172978082492 4.600293236482597 2.9267853337193963 1.6422786817121557 2.4265805257240727 3.52934799067443 4.623578979509601 2.529143283848335 4.02944577985434 3.6205039381149784 1.5524950823517245 3.05026538847861 2.72041485379037 3.9941555490501996 2.771533008834045 1.9562036704096433 1.0770426369244066 1.4731068657750996 2.970349155394204 1.1231796118487996 4.958116780862446 1.8567648456443222 3.7852870719771103 2.529991501950208 4.862621000552435 3.543105431871934 1.3806268130091528 4.70370851198464 4.914075344106532 3.785364066164569 3.7156387766794876 4.6130400647372625 2.7662831012161493 2.694521666778404 2.4201966503624637 2.9282898372746566 2.740056345921285 2.958249628133467 4.8191087137259245 1.0319751100955301 1.6033085457800715 1.0893109586265601 4.610585678991317 4.767257204883429 1.8366833761135068 2.8600619698031897 4.475083854496885 2.4334200473925924 3.0513407358150024
4.627371462952734 3.757698447060612 1.6288708027773207 2.0544870050224726 4.163949169700816 1.0538230196813387 4.825997780648691 3.6625866423399835 1.0222002498583032 2.5549332553058473 2.5192565034087666 2.0413163662069933 1.9363510046032628 3.009003459535608 3.1949104923956346 3.122971055675521 4.201028805697425 2.6328829243325345 4.348641527706349 4.7782072466102035 1.6547177364039385 2.009436338099418 1.5858605460310984 1.1067818170697294 3.200441097521682 3.2502195483765206 1.3895695559246937 3.3807332220966027 1.0588829327477418 3.8043254337095442 4.120223420403164 1.7645489205833553 4.86611029959473 4.120231014901273 4.967672162896298 3.9108275508424044 1.5765850646727304 3.7345197975730824 3.321380649894279 1.4990495874816596 1.4494914647671053 3.352800143713439 3.736412802413105 1.3754473580557929 1.7266644552947024 3.5441204008248017 3.5316586742838236 2.67750028733611 3.3475541552366135 3.548629607093519 4.450792671532846 302.7589851553458 3.6727289808318884 4.5922270505253024 3.1183002676755365 2.02432116282114 3.7857784234150524 2.4826058229783623 1.4476834732055917 1.5184424332607533 3.7922440675734035 3.06303304654432 4.939516753552371 2.866638111906788 4.311412691701095 3.8827814673692362 3.5063704602949515 2.782866112811891 4.9765759077208465 3.0461153515238393 3.0103563420936523 1.0566638308707952 3.125003703569502 1.7812840814373523 4.918421673881209 3.1891598338596014 3.4055551704506613 3.9147227543882583 2.3916939385860743 4.0798275178839525 4.7795789969901445 1.0752649267981376 2.8058793572869263 4.169895918425601 4.620641341275435 1.8066861148388451 2.6735373781316647 3.718338904630253 1.0845047345342889 1.0674432317011395 1.5544374357299224 1.7961779221446124 1.917758502958431 4.529926994892163 4.371033702134637 2.5348609504643917 2.7015830035449073 2.826164257803043 1.626913108329834 1.0199011691257036
3.370047419567896 2.6076562329097324 2.26049584902252 3.2961151448851504 4.845924098305771 4.543931264614789 1.369619015752935 1.9055193819566232 4.797231320933531 4.210801243036016 2.3856012870650023 2.3022022204336676 2.3754892094983178 3.3393642565112547 1.519940743411929 4.033806727990809 2.1498144254582137 2.129271981999557 4.392158311957571 1.137480957035221 3.89275226438415 1.9778675820646092 4.463022520473487 1.5433115400126671 3.1164593449135163 4.314714659472676 4.972474816110146 3.27475148415204 3.1379779165648376 3.973018142548002 3.9687079719706495 1.7107776816738474 2.15829307332213 2.573828923057065 2.3115812916381793 2.710780412095278 1.005329092761614 2.496954673992768 3.316452952609521 4.5932614867362815 3.534129263527776 4.513516226827752 2.2315049174339125 3.326325085068152 4.977844026578026 3.1393440073868666 1.4092024097162943 2.013064071406219 1.9188252276003106 4.264053689455233 4.158178737354083 1.0677714076594165 308.2249473491621 3.8894268944977752 3.227039775110082 3.45357923048788 3.699614635681062 1.3078133752491774 1.90143527189099 4.814787934657327 4.999273541019971 3.899555038842304 2.77264423520458 1.7819445966222238 2.209793590267387 3.491194931731738 2.009921547427766 4.286262876895442 1.0119753259122386 4.4753773697185135 2.423927534328681 2.6204539462024514 3.284031907396367 3.398908375146444 2.987409285808977 1.2223244569885932 3.739810416907869 1.1434526223551855 4.7945627769123735 3.2316619829731446 3.7497915372220896 2.683600222329313 1.752755690349196 2.7791751033096466 3.974907328481531 1.961449402095405 4.810826019462247 3.078828721526038 1.115319280064571 1.9490951255411977 4.219953093616143 4.867577722638577 2.758130503252093 1.321638848521879 3.0850792267779172 4.71020990515213 3.2494422473572646 1.408368492576669 4.845808056570531 2.0054884981255636
3.7154021670092483 2.835836251074303 3.2755229618382775 4.926324653047221 2.1895524249524834 1.6936359058025272 4.434394611781133 2.9116579528144833 1.795554932491406 3.437244199861261 3.5165762649801797 4.633672183308953 1.6082665361207038 2.8625244094780107 4.557266802803344 1.914401721003165 3.37332825588793 3.4543783815411095 3.8933376641636666 4.424620099708697 2.4661300461931073 4.39523271176432 2.223321057493745 4.661667726052123 1.1005435267616481 3.0964327302347576 4.4095536627492 3.025408626906216 3.1445137965764043 1.3918665662163199 1.7044673377407 2.5736789705958825 4.2963636528349305 4.9310487329918855 2.9301560496392534 4.121944735867541 3.327975305354202 2.065407900252453 2.29379592430907 3.9366437352402226 3.411535951697115 1.4069591702665272 2.3240402055045606 2.2016150162572155 1.9524211366127733 1.4936070455972628 1.565706178841534 1.9663648635999622 4.484354675179218 4.443217400850884 3.9027130380198365 3.43560553728013 4.888270153027651 301.71013432624136 2.1823678146977086 4.093275841789891 2.2855872557714347 3.8993438898066217 2.6665809566975507 4.109783717554395 2.036701692238437 1.6951988267498628 4.523144587134816 2.367670340264607 3.708324410661688 2.4921866698830417 2.9200669849969847 2.20906430695393 2.321861743209018 3.4035807143976107 3.567914967965011 3.4829105975279244 3.7812763121498625 1.44524825069941 3.623091644411827 2.7628880285377084 2.12048364471073 2.507340907861007 2.17907326605244 1.1444813028968945 1.8372432137462855 2.937503857857534 1.636344174986581 2.8579961108290513 1.3707819109634145 4.005308224097753 1.7755595734154448 1.369056322225246 4.1575052800668875 4.898025539755613 2.024399091138067 3.8920016350321887 4.84952107064344 2.2811472445924315 2.4862439327983528 2.061046974797432 1.3473387266529864 4.2840796916880315 4.50784373402754 1.8381119052638581
1.6606046771344616 4.770257393857783 4.499097375748347 1.720161896499019 1.3234494142722815 3.937004432059089 2.3993381369891837 4.865188308740802 2.5394249790158248 3.8705112673991873 3.753024250822439 2.0923070444460254 1.2983268949917166 1.3572784005972873 1.1705266520809028 1.4632773214585497 3.369976830521918 3.21146343618112 4.144206698942112 2.9353223855687465 4.486421370384761 1.4816626871190786 2.0769880376391625 1.8071838438832404 4.969882130760991 4.889412932725772 4.06689506748349 4.082397184028815 3.767864329694221 4.321872038924186 1.065756679437035 1.1824421966941459 4.184758339540953 1.935655716527609 2.661256080111013 2.1312810009537952 1.587846173501951 3.9022753372125503 2.617462215343898 3.3782656481728397 2.835532544294446 2.15159635552287 4.993143367553538 2.259794290198835 4.126781285759481 3.102293466755556 3.225326441266254 2.037931350790997 4.02832700690267 3.4979008794567643 3.0453374671102886 1.4295374538667356 1.6908535731235554 3.9815159068244084 308.67508966727036 4.3910150915438635 2.7563862887923367 1.342035629046196 4.979785171949228 3.5228312755910927 3.457132507328967 2.7353242015816788 3.9862791632180206 1.0918121969396202 3.976037939780322 1.5884557984688952 1.5111142429863822 4.565312471072705 2.1618631479052843 1.0885155716474477 4.669651029874542 4.2852429178617975 3.615578579991444 2.5638104095598955 1.6961885344209437 2.2463399814947937 4.86274537558703 4.23015017735076 4.1910201647041525 4.805345072384691 3.9559044012511846 2.5148520135353145 3.9902709510620227 3.898862961785255 1.2102079037309919 3.521590863894523 1.3747147322676083 4.3956035066613985 3.127605295110609 2.364448727146548 4.097009468437211 3.2976447259352937 4.245359613287924 4.165570369286778 4.599709740369949 4.67702434572539 1.626774396581772 4.370859090470921 1.0247074885258898 2.9645741846799036
2.980487813713876 4.317692851323505 1.562928584204219 4.1731340571220095 2.140255151068393 1.2140187596838925 4.490802871095477 1.215306874407538 4.340389655925135 3.8902251024718284 4.157855183075659 2.928553466052961 4.878420057349976 4.891962133554698 4.576378623149126 3.627274557196613 4.457627919110857 3.5580203347875807 1.2342453238287119 1.7337882906312814 3.5468100306519155 1.4693545355065418 2.053198725813857 3.729404534890905 2.4488374815390577 1.0265934364233251 2.868591434580127 1.2337347714193352 1.7980547683624004 1.5688402981261294 4.51838445277537 3.3062736108381263 3.7463335107450915 1.1422147232412643 2.387868045188965 2.921259354858456 3.4930044413865122 3.9669385443820935 2.7613647853433276 3.1668548367296943 1.2199881695028525 4.752220086574296 2.395810497525863 2.926265388993944 3.039149142044282 4.160809550058089 3.224824057320531 3.061157038322652 1.2650645923602273 2.869736075051705 4.122762448872404 1.2351814496901778 2.4161480451349844 2.574983130153037 1.4442534546324404 298.7122086447662 1.3564981574948378 1.0114870570989463 4.21268924637347 2.7455607770763395 2.8870190025623383 2.634427682513751 3.2008333289166417 1.6449175107027654 2.8867599914277524 4.861738287524928 2.5796726894679787 4.772888984350944 4.250715139335975 3.5422722571335306 2.813191110577537 2.750916868211823 4.363369382414815 4.016388814065925 3.588427054419507 1.7540122408994945 2.9600588603629525 2.2194435328090116 2.420387335421652 1.8698703642585621 3.7308741352493344 1.9134557146635864 1.3269120595216393 4.85479819032782 1.885172947022728 3.674627356817329 1.4469987944519858 1.2601638406594553 4.2980739052189545 4.278268583270588 2.4030999159678292 1.8229345593349775 3.387983674602451 3.7704142880283387 3.049222436946004 2.9100609825269403 2.645865230503604 3.141446204988213 4.1695714981395735 3.3670154391876457
1.681824175053647 1.243587043967997 3.0461723711167457 4.963307062076944 1.1486912912739595 3.4764380932181442 4.711017728919982 4.768066078823151 2.320696936180575 1.9341992181733043 4.72483269007488 1.6866265034705012 1.87427502047851 1.7129405023906874 4.849430690360807 3.5082586741725557 4.8278564935181585 2.95312152866839 3.7882172659334152 3.830889797388022 1.5386532161669795 4.639930077722315 3.522564605088923 1.995718733711377 4.549966515168145 3.896107838030293 3.555537874197759 4.023565382969225 3.345730487706989 2.3111554806481465 3.0348356223877957 3.232438623704821 4.18475030223555 2.7907648102360336 1.6202213096402938 3.813753447369097 1.9982265993195356 2.3361859088089725 2.081337052491183 4.427773785603135 3.815909135129987 3.388061786173151 2.1088553222648017 2.586858337114583 1.2832416300551088 4.138952556566311 4.395442076199807 3.9456902869052564 1.6897504150867637 2.7479072251804357 3.173283686069461 3.7886335721349216 4.689790171071545 4.948788310724948 2.291994009745228 2.9415860821746898 301.36087729306894 2.306023463059224 2.8977419975309573 3.2063225544689944 3.0753066075297957 3.4853418244902605 2.420891676924165 2.645198893555646 1.2622096712841713 1.4932025072288426 2.967436630828761 1.9773910804098587 3.6617821415968583 2.4393141933459987 3.39270774742993 4.606079466388128 3.051139634920843 2.8789807857796346 1.1510052905157733 3.7835269452834233 1.1898466013711917 4.229172056850274 2.8634356135485373 1.1532297272524445 1.7215837545349095 2.6011453105705704 1.1171168688849216 3.858661237402219 2.511117085925958 3.9152764431218507 1.7067199299598674 1.2031109593941594 3.6501784034208917 4.265007972682769 4.199211943332463 4.638439376057406 2.224611049254507 4.646690769445927 2.982757998049593 2.065642320337612 2.9199504142659065 2.426339867349289 4.062143000216164 1.8198292999433585
1.5932463007084277 3.4390463547807344 3.818919918197734 1.9620870432836033 2.06356363130656 3.658272420682923 3.435970495499002 2.3559956971950022 2.6275939556220016 3.3785138887943225 3.9373275921001323 1.9398951206508799 1.80415617907581 4.016789416771685 2.5230132598673882 2.9891267921712803 4.613615376762775 4.177357302375743 4.424749607372178 3.9319706368013123 3.3898940724254554 2.996007228337334 3.545139076106265 1.6785243194048882 2.1361142487194744 4.532118163531211 1.6731054976771103 4.3993198551214965 1.1248681911170424 3.2675615715511146 1.298415499671556 3.9444112240345226 4.079272801536896 2.885872676249191 1.4102465293454274 2.9380505591237442 3.2587290281376116 4.31647257562155 1.2514058228309914 1.3089665316682586 1.600605699611668 2.7642089998817325 3.7529154938609945 3.743705964188488 2.8946723749930583 3.1240680558346234 1.6924498062364086 1.8776149519090617 1.605211148786415 4.052994490683528 2.573752717373398 1.318581639882273 1.4196773537622969 3.4361472703712415 1.196076112131721 1.9627744096126123 3.4175242631939904 288.88694259207375 2.334928862443412 4.163362221957424 4.177931931342265 3.8418164828686403 2.8858178553638494 1.8468936713772752 3.9653849363002154 2.844704349464312 2.850927548240574 3.4804733307020688 2.0799312660533733 1.7926345676886606 3.8920305595304034 1.524253654507556 1.7930684803520949 2.5898180663935144 2.98924983208176 1.4997645604660428 2.462923300859468 2.9381195332926193 2.748059733372047 4.763918441377836 1.2321535646916608 4.451627391305449 2.085126181209771 2.574560840636536 3.385465291049004 3.81835679198613 1.8121176790048028 4.188278362488743 3.2769336403307614 4.333947482797991 1.4189613843547377 1.7620335750191671 3.704133167226058 1.8855696764976715 4.594760955997442 3.1574067407836535 4.592525648865951 1.546421636776135 2.0414187635531373 3.033283702573523
1.2136847928077437 1.814898444507842 2.3301460898276356 4.54465370168895 4.53466434583047 1.547000535441192 3.805297077987666 3.283282998043348 1.2928584832873722 3.7822620851711806 2.754392217830739 4.943582171349498 2.1571395198734913 3.3689715300610663 3.0134013811994373 4.367972487044371 2.945452951178172 2.959316422962043 1.1511921629686888 4.530945601496779 4.874472218741282 3.725567284027631 4.179200217192997 1.521985454399276 3.79770081718649 4.712045052044221 2.8951051372047614 1.1338456350310873 1.4593967760682194 3.286365043921791 4.670899264696752 1.086519488262125 4.044990529750346 1.1644352154874724 3.927726771589095 1.5203310962456484 1.677772873779253 1.9621668575710212 2.0082284933606895 2.6998369749924853 2.5133490866609223 4.286411740044139 4.365527630196663 3.2598365712168746 2.583966591978608 1.8396206543073443 1.5283689975237444 3.1296365807448905 1.0183793389507536 3.8383412649302615 4.1400503586249116 3.005466807105789 2.68559709268829 3.5211871794115814 2.1407304048671607 3.468240928112134 1.1826020313507257 4.0585082733456135 304.42771166246786 4.053295017426564 3.688191174904135 4.785093652171046 3.6079498599900357 4.852173231844934 2.5464355670131478 4.583749960045304 4.314011312732865 2.5864788375147283 2.640556624686781 1.4304042828006645 1.8846149579437887 3.1549751895574945 3.8276279477684105 3.8606892545075127 4.914578454728854 1.5580377952161903 2.1819284415007 3.7138811470757447 4.224975103245758 3.2315106963488813 3.1636132383306954 2.1501512420934894 2.828575217025742 1.6870741660461 1.4251827733857274 1.5420422425677582 3.053981339857035 1.7554771551411834 4.325905583215514 3.1993553106797026 3.4029551797990685 2.311508333026182 1.1116485904790236 4.5131470737193 4.551105207388392 3.6967476196892863 2.6912147507231925 2.01628711387644 2.832552947587132 4.46776375641392
2.0988146629755615 1.9077180115815286 4.165785259801373 2.218159767342368 4.750142896735442 1.01361815972946 1.070561967629584 3.6214871025722806 1.9511653662781638 4.128235114229565 1.1740304096785947 1.3376447243664882 1.8664182682876986 1.2434235432915002 1.6800590056788836 4.546313059341544 4.197379354869495 2.4666287394206403 3.627527272160481 4.69415451176539 2.337857732944948 4.256171559211648 4.251889591297362 3.0534834967703275 1.2025586902541496 3.3770077212128022 3.6659556985850728 3.637038557842234 4.034865064313672 1.102373586031979 3.4575263519830726 4.297152366571847 4.591361348250355 3.086568270026255 1.4084449781377777 4.901624120347759 1.7155328966418435 2.0914975769093602 1.3562504356419463 2.1127002676439224 4.160747233263917 3.30532237414952 3.8606011966186826 2.750536383471844 1.6658607732682253 4.312097699561702 1.836647184640865 3.8699519758013845 2.7065703241868797 1.3580109067950703 1.544689917581659 2.7202228306870726 3.5784576568390816 1.098716525515322 2.879889599107437 2.5214625168401783 2.9744441145963694 3.676876792365795 3.2929725241333108 289.8598447156989 4.505915438543839 1.5837778344050157 1.6057096539252624 1.3501603714524735 3.832498264326812 3.362820137116761 3.4801771559905346 2.4287134185086043 2.449008059065302 4.461071057249104 4.5230114774392955 4.76077527443755 1.8455298559565514 2.806357728910015 3.9071660875781657 4.8696282841005 4.661005990754653 2.4203143024651865 2.9917234749649895 3.7003327365905054 2.310717983782433 3.919456953980298 3.523469357300918 1.797018809667764 1.610341175890245 2.2036552868007613 1.6560414474784309 2.614171190948496 3.8536370841017735 3.5659542990911577 1.6253707641906914 1.2922484646697021 2.180751761080555 4.2661946850008245 2.9687607702232217 3.5222419135422514 1.1334924555934127 3.879530764185446 2.40448035589578 3.6060518750311465
1.8349522682732915 2.0991469643770877 3.2815587877717216 2.423405117443976 3.7958120970483478 3.2722116748598657 4.0211399119448314 3.33054299779761 3.6311523646298665 2.4330015231180506 4.91519752805206 2.585493773781123 3.972426508915643 2.6447476834520627 4.733775278334849 3.7087658557428287 4.666099791327303 2.6813596559646333 1.845927274806796 4.441055285180624 1.283077595753484 2.2496524063724017 4.12706709632778 1.9633709446927052 3.980194860946581 1.3620810866396753 2.259031691409682 1.0796256868062755 4.150977309718252 1.4920793345006667 2.4119195108912153 1.783981299150759 3.7174149957311777 3.9747621959214006 2.1929312493635034 3.1805062624030604 2.014969519229423 3.504710574991272 3.8868228480363634 3.5448950024611237 3.8816756083205677 4.628978131430271 3.4246893580157267 2.8650193794046364 2.734686074811665 1.4886763877495954 1.0653141223680032 3.235575366143285 4.649423035014038 1.9060046618820907 3.232383983149946 4.184371875648329 2.9218729251306894 3.8495549402954237 4.148260750881777 4.757167897578407 2.2471844185185086 2.5973964505540943 3.7495739045123666 3.280385984159458 303.64904249630996 3.4906210084706246 2.576872031313529 2.4665031425133406 3.8838448661744756 2.1940445633419006 4.798237641166972 1.9240515550359572 2.3689743784673998 3.3616160416254997 3.454858962628482 4.7227801062065335 1.6165098356237824 1.7687020444068455 1.765348911307468 2.8351900983458433 2.0467573868302407 1.189082993780235 4.133499743810453 2.6873619950268877 1.1920741014444292 2.5085937255279207 4.1861216636706615 4.1309705606678175 1.0005521887869793 3.3914373709520063 1.6868149663024212 3.8055292622486414 4.656029200192592 4.271178335731188 2.4811389891553306 2.6934896694966612 2.817984222203725 4.165185389071906 3.787579353218547 2.9673686353089446 2.2579929579018136 4.639078097346083 3.3508062743433253 2.1321380196125523
3.4677680819441283 1.5364167244322964 4.210414101638542 4.898126801953779 4.3668631744987385 4.737445203620874 1.8723312512722368 1.8265136097796453 4.73482213138508 2.7436488308205114 3.6260076525541223 1.0489409444389954 3.8702346143996245 1.9554936690171716 2.65290988526515 1.7487779561447745 2.7196141414243105 4.200834163328516 3.8748303862922584 3.3160203351921966 2.895403311828423 4.135876784909247 2.8274260047391695 1.7805524041695526 1.7297864844311093 4.7748539388324165 2.4043779124670173 2.294541881202382 2.9391511650253856 1.6435854683367084 1.1283524006051158 1.4193006218981492 2.903829080771287 4.219844603017046 2.517035729998074 4.631516648669896 2.981310947007874 3.667796979750455 3.9073834671638004 2.4140963556568344 4.077170634861588 2.4067028498665857 4.016391192680309 1.8561579304724511 2.252521985858467 2.7406569590494554 2.029897394386328 4.534834718873743 3.4154343605708855 2.7242144814977074 1.5222474170336624 4.75583027079171 1.6456419528760704 2.6797918195103496 1.7423957908940664 1.4174450576106912 4.995908681693429 1.0734732807051661 2.87237698634686 1.3869017981453995 2.9538659134461467 308.83632345958114 2.3329118921454763 4.918760382782667 4.476421778661146 1.5511555629783498 3.528045331119418 2.8790960672727994 4.25664051368236 3.3273276825988414 2.9196436997191353 2.8401389681753932 2.035927354560515 3.6890743203739147 4.651966760191329 3.2166310358985233 4.697504410171532 3.652778735477927 3.338976087513437 1.7262970459817502 2.7333749511132726 2.2108118966500383 4.945195664198529 1.6049301866203844 2.8238240572144178 3.9211606791159124 2.0477824102158815 1.4888139548596224 2.169901516756114 2.4571773583562293 4.6641224585806285 3.8518566197042947 4.887742921026071 4.96906516818091 1.9922823762131951 4.072349953167688 4.9207466727348965 2.936909925196174 2.7897992510682244 3.2645833614441275
2.748735207601652 4.860575657268586 1.237085094680991 1.3265179785284822 3.5281137370572613 2.082881412261713 1.7674858392717034 4.62094252822972 4.9571474376428 3.942959772466547 3.801254859946577 3.493870687368784 4.278963858824883 3.425698643021543 4.875335882756672 2.6612675932078482 1.962000795083775 4.616738036066099 4.5514256798225174 1.9735722149067199 2.35385943922817 4.517202453789695 4.2996492454670125 1.0452505363759874 4.503359998731614 1.550632938982364 2.00187971301101 3.0338075261964033 4.389629562901077 3.017488683285298 3.4185209235170575 1.0394564669314215 2.054580627883995 2.198505671586881 1.8814456721466724 4.194511372690307 1.8274823810761536 2.1006440658149863 2.292982470727599 3.9199836770293413 2.8884862004622187 4.145354310615087 4.739087574347396 3.2457733015127745 1.2590801608944964 3.783126822569336 3.0584891523161537 3.6016196511591794 1.1916788178400157 4.979795078469078 2.3985780834118295 3.1593933254590754 2.769575178198685 2.4805462448040734 3.1088996141741547 2.27885713521942 1.1254032801829457 1.0752565049260854 3.217069634266746 3.6851114311249455 1.6356303225005986 2.0765851703323306 303.8117309439506 2.0610503371172393 2.6500141886122877 2.7370210151635317 1.9894073015059148 3.3889863938267863 4.4415051775344185 3.7484099202100394 3.8262381468633353 3.635810155073515 1.8561100131771369 2.62859083324452 4.536168000087048 1.7519342656519106 4.387369158884709 2.615573920569938 2.448555274413036 1.7671235460318906 4.449990540195101 1.0697504897644854 3.881511748463012 4.045598366906706 4.1222225301294175 4.936744736040598 1.7143616129878776 2.5826816244925435 2.635043232786665 1.5346934518647535 2.434465956024048 4.236649503023755 4.800746929342138 4.347595744819775 3.9855816957154646 1.3587770223336202 2.1415123159636975 2.7219739009026065 3.186707639158485 2.16607238140289
3.2732658405958777 1.888047292486494 2.936491949235729 1.860190338343776 2.8893856448508046 1.308096203136718 4.581788154314525 1.382716970185529 3.951662492134913 2.043759330398341 2.9337777053449106 4.6687336176050565 4.583505686234506 1.4778686280025326 4.00711148891397 2.5725905335528174 1.0143318924581166 2.629933129581899 2.639097077133527 2.5417700542771624 1.2028352025434552 4.604320088392619 1.4899354764462647 1.6974968558900123 1.003119395770793 4.193198283434873 1.6993483443618014 4.751325743937144 4.289159121180143 3.8800857324394156 1.4658755715178566 2.1773695261903345 2.027900387098422 4.955055272158651 2.189668032001608 2.2222529073072614 4.493378121903899 3.688143681670796 2.061549715621044 3.749382136807993 3.6104443326764195 4.517555835995416 1.883893228416424 3.717531178041332 1.5448685015847081 3.822639263777067 3.9114287117963755 4.242624790902076 4.866528682865379 2.0238520401610938 3.4767864477773003 3.1339313153725787 3.256995318872617 4.451487431471467 4.01568113977822 4.719760382346104 2.160497945430192 1.4022960699335196 3.40647751542876 3.6267496583791985 1.6231854813521993 2.4383313541542853 2.528593692808126 287.6510005258519 1.8527366506222505 1.6142627502940572 2.0374529488531055 3.7280320961332434 2.8875957852882044 3.403281311995054 1.1766198141375548 1.9713885426443878 4.722798306073459 4.337033395098382 4.251468668944057 1.430688684714779 2.154003251867627 3.4797551329232355 2.2355031367296854 1.8995864066258714 2.394357715221141 3.349488259780226 1.1304968401267557 1.9189649342335118 4.913665387976431 2.2683149539216854 4.535505663918147 4.192809795870041 2.961353839210741 2.1187616379110232 1.1510640916298716 2.147901160258494 3.9068859890176 3.4591606114599496 2.326889957522235 1.1230081771463634 1.9705746337918448 2.1962470465595545 3.332848785445687 1.8263004301059875
1.1780044051806997 4.774507547854154 1.12780180922929 4.339330994616356 2.0310583966462032 3.022488495830238 3.6170039032348447 4.227046226764496 4.926386052628946 1.1253529320224875 4.602582815443467 4.5934590219208955 4.0240023342409525 3.031372034862585 3.250840885114674 3.664101301632394 2.960199779003042 3.0548266967203133 4.365386848977703 3.2809562040918503 2.7219081333575286 2.2485624055924207 4.657454451356152 3.163059604310684 2.9811415277982936 2.1155005481280993 2.063882471781678 3.9290651154115266 1.5786465830072616 2.443086799702134 4.853736052602864 3.88277271636221 3.9694362039243463 3.8186581653111293 2.3269231800161707 3.4691993176829197 1.9815558046767698 1.358036083102074 1.29731955506867 3.0221778934699834 4.182235053646495 4.351227668880769 1.451944170105699 1.4672807208883007 3.764192675831891 2.3110634643289436 1.4680827066412814 1.0150318503797044 3.6266070386524665 4.313884805337171 1.3478557074663984 1.8628408038483433 4.7352936607003455 1.876761742900002 3.903749291139614 1.0136442250497155 4.8141490554397866 1.9623334758089706 1.8137326172699964 2.285173030365972 2.9064543074640676 4.916112697526971 1.1819134755270633 1.898185437548109 296.76480589946175 3.1117215705067673 4.645234083795385 2.433856783284535 2.037769905161565 4.6478131664378 1.5273572921328316 1.4521217065854537 4.995437257215711 1.5389737748126402 1.1361659842865324 3.5202715273024787 3.213328104812081 1.073922760620301 4.529935283836659 1.5729566489066658 4.825364335696284 3.45789082416349 1.3790960821614076 3.4799180968488037 2.355544506027833 3.1233401348687546 4.0331461510681175 1.0007785736916452 1.7592187793030365 3.0585278968221 2.6009230675626727 2.7053647621895163 1.514916878636991 1.213139209099495 3.129484544965489 3.478100039010977 2.194725781465338 3.6876423829087837 3.2751767946469577 4.397768203319936
2.852758523613539 1.7902135142170819 1.744334994985505 4.160888975991751 2.971959158133205 2.1583358377886093 3.3230833792829486 4.3455295277032615 1.4072503972397867 3.929853660277856 4.461043503982318 1.5506239834412607 3.534035870315518 3.4094024393038804 2.8917591331907797 1.2750460130154915 4.800798098528373 2.2702085400883276 2.0983777703776045 2.100385022166763 4.557855584872185 3.7212612861476035 2.782752147167578 3.141360759600385 4.431939221805772 3.0126214576131827 2.3529899691936063 4.894327439684867 4.341871047720482 2.4362917300229565 2.0617110654330566 1.925207004211638 4.627760954087971 2.6589302959114924 2.553579136505992 4.525545136730287 1.2295481937789874 3.197152072377958 2.5822498836973415 3.7982034871785784 3.675338859776872 4.237673568584524 3.3042433009447003 3.349866847869649 3.9841996417051653 3.1312378819596343 2.1000396758916127 4.555364625232107 4.891846566851202 1.3868118200601405 1.2221442120476316 3.140849127616816 2.466745881343281 4.511212361196206 4.21174711534111 2.9810202001826687 1.9859395722806323 1.9443373573408866 2.5129000889223705 1.544895122598092 1.1850445473558149 4.327824498375278 2.677305968077388 2.73017068924083 2.11518456151698 304.68716581784975 1.4277727282509964 3.9153974901906516 1.3299479068140196 3.3449694332051183 3.4385556785369045 3.0434898200811498 1.1909337563966576 3.275169179659031 4.990152987516976 3.931408442680522 1.5965435169760367 1.2477449611694267 3.6746636255468776 1.1731346433388734 4.264381374642716 3.130153890052259 3.2405267036423946 2.078956966407755 3.6028240068801316 2.6000501201188686 3.8699020421947146 3.753774462877367 1.5114658624221518 1.0878139978150752 2.878577962060824 3.808174793548376 3.156916241861595 4.486457647265668 2.5324558721384967 4.912074303699912 2.1729205277860952 2.636561622377006 2.840123572272355 3.9271845216191203
1.2329269283567856 1.9740377349139218 3.530585431371831 1.9841970082253089 2.4851967534716084 2.4336140087345375 1.8000988684408337 4.961284083850163 1.0034359384184688 3.124329987720041 1.6721450392020305 1.5643585917938192 1.4245890320916885 4.538645680809432 1.9269305315157852 2.362400958060924 3.4375427983010765 2.495136904818614 1.3798180415503567 4.232874794448212 2.3166661952104866 2.9001071792701127 2.0416710591485843 1.0619885423461408 3.6124521331841564 1.1279801258418285 1.667711310934203 2.415805212080143 3.5229450906966053 2.9396166542739213 3.304452968345311 3.0805972981437955 3.3605780307363684 2.4704077602613888 1.8262769147291378 4.159874237513852 4.8483781080221515 2.3544170122430943 4.527386063833514 3.8020521541293824 4.005202331874205 1.266773216781727 1.296346031781185 4.70893764751526 2.649672826318239 3.266347200012128 4.466682116443723 3.2255511364224043 1.2111132859062819 3.9857240831751883 3.635293515863086 3.071781371236914 2.698399614107995 3.601483870664274 1.3024621731805177 2.244509005219347 2.480649977624469 4.826211999387857 3.8842484331185636 1.4611209487574768 1.1336716876264163 4.470980187037143 2.088379266115566 1.068213621257105 4.816401597968338 1.9562276588980945 287.28371783489547 4.978392659009018 4.660758389220369 3.4590761609163447 2.0323690033663375 4.022953245011925 4.083199189044947 2.802767855621754 4.7788757593144755 2.0131105895942794 4.188992835533858 2.0593569592404113 3.067288739858729 1.595326656405371 2.666563965252982 2.0487512709757256 3.7675190322070726 1.7901075165584421 4.698286839304738 2.8466146689278125 1.214039580625391 1.6342129194414121 4.3024755866251585 2.634260254377246 4.529040490403855 3.6840471921527604 4.208773298019784 2.218960823672661 1.478394554379638 1.7412050711520797 2.5584105050749497 2.7076194403354052 2.522089748973997 3.2519833975564354
4.573520617032338 4.1214765384635985 3.637302555896846 3.6337629582171247 1.6619294867743548 2.7400879342444466 3.318621339518171 1.7272941529654449 2.6819558869143214 1.4505443112975178 4.812064092966583 1.241144141550433 2.3014387258103564 1.2732924999891848 4.533198495155629 1.10951026456065 3.2927230073745344 3.840414674935858 3.4819258821581354 3.9560318667154672 1.111905637478551 4.172212133160777 3.3766798299846865 4.681358747342201 2.529923025632387 2.657166329411367 4.676482298937827 1.1168325213569923 2.3823440100145654 3.419730230948856 3.7376644467464106 3.6485891220887883 4.415949319573874 3.849184961946663 2.0683365531540443 1.5248118827640011 1.1211796349665617 4.347773193496953 2.1120623483654017 4.9243895601478975 4.530068645655334 3.9790726687123144 2.05636404569317 4.036319873744054 3.532068733933188 1.5264566101511292 1.530720224471127 1.197046005401559 2.6285301940165855 3.492780920089783 4.483075952175382 3.621367916668948 1.1409188288478465 4.740412754683615 1.4014826323336353 2.290697950720215 1.8643403645168286 3.714487119748588 1.2366603935273877 1.9604152173634066 2.5491905798019556 3.7927433070905177 4.5063404484217084 3.068376905052884 1.8806165933405596 3.6173110738530987 3.1537982957662667 299.404497077085 4.823463893041936 2.0441379370427666 3.9166454292623514 2.5340484787348037 1.3597655562968978 2.2963206694958984 4.540397706102092 1.2292630471359658 2.355905274389458 1.7366242087834878 2.435888188356533 3.420668771701939 1.612409297129282 3.865683005318262 4.364352132991033 1.7097134976527615 3.4695317423862297 2.7246269680721333 2.403425800893862 2.4487238521083126 4.066504947623871 4.715796112614944 1.6128391200716505 3.7346141620631417 1.6063709866635203 4.041341467414206 2.4130133120635273 1.3412135537594074 4.170919075024277 4.784326552191226 3.1769432845731997 1.0721268763815544
1.9647510383128717 4.004716820509441 3.0209354454976665 2.4594408861959733 3.8768054223291224 2.3680951969589428 3.0447760575933445 1.1899726930641208 1.8554105127613 1.5897289042742675 1.5352668225618125 4.065433528818341 4.587912642321814 3.3318027227069393 3.6005027524175426 1.6425623190028666 4.979645921913463 1.6298306264464086 2.9260783625782003 2.4952635937328607 3.6077923610208225 3.5317942279786743 1.954801953627773 1.0271451826925495 3.0520752922993832 2.8916626574765822 1.0277823979375507 4.706940796097468 2.078143616358196 3.3866330544817242 3.9826843911610865 4.446760323036753 3.6476383504055283 3.2567777963917455 2.8856337428704957 2.25338095604967 3.3928640443800338 1.3632816232374205 2.1967304430686148 4.342760693243195 3.2560909370332354 1.581997600508144 2.659687890156766 1.3160856384944708 2.234450282981934 1.0893338193665167 1.6484995714187436 4.448026710849922 2.288294887308668 2.4092467705229432 2.248091937483468 1.2692351980902994 3.7007513284043436 1.0902890482079601 4.946317056194791 1.7808563325991642 4.963777008973352 4.8301135826001715 2.9295547758946863 2.031879497578382 1.1617631579353338 3.283481163465512 3.0148088956154457 2.858936667970856 1.3596076991383268 2.8592124386270896 3.3643890566422323 3.728871942111094 299.3802649007715 1.5444525968460403 3.5050063136012497 4.38001090410813 3.323471058795394 4.393952842137491 1.7862645673895754 2.14635284174289 2.6016189812570953 4.813872216017107 1.0448776823897994 4.336794428888898 4.0898109454743 4.5464278169765375 4.470385395699811 3.7023650423721324 2.371162864718617 4.995775406552032 3.471200430798464 4.518362342077822 3.537922394727619 3.154323247325494 3.7576993805923107 2.9611303488276373 3.732963107075564 2.132337565514566 2.8651297766358144 2.8343076806486036 1.4098428009911363 3.726078492275162 2.2935238462664707 2.912241203878246
1.1610967314537475 4.7207868808701505 1.267894440774299 4.200828405503387 3.4760326857081574 2.8745243202350133 2.631644079409429 3.957123763281734 1.065217349788253 1.9776696856534093 1.5691975947409018 4.129563032190754 1.9634187670537417 1.3147463624162743 2.97052853811368 1.5687368916741757 3.454962893219296 1.728212674664702 4.248881867885414 3.6928090086735925 4.50452498117045 4.442789429174316 3.3140386385430722 2.300230733252379 3.2162267272727925 2.2013374661441483 3.622784331063367 4.686736136371101 3.8807961414130627 1.962720653676047 2.2570934135439593 4.223019196697123 2.0595040361083634 4.605287767874433 2.7546458261331104 1.7898664864760727 4.312516789473399 1.9928932311427618 3.5672635164532154 3.0182231231255363 2.4918335817206207 4.493793481330348 4.900988982074915 4.631529227979373 2.5312140978234514 4.2798785529281655 4.015701358703708 4.899984306422143 3.949986786909155 3.4673358678877175 4.644750802441037 2.198470019061188 4.407726310675213 4.674516271503238 1.6761400530870523 2.1062077717738497 3.095321650210216 4.7899330410893075 1.9864988460282613 1.832545248904486 1.4936744866182168 1.8818334498579286 1.5351703488957802 3.753185009324367 4.280902442377781 4.439932276461988 4.499679184830912 1.495075610862063 4.0337774987853905 309.3899193090604 3.8790633008684066 3.0673911212737566 4.6142972282884145 4.670486704729033 2.7565702108281687 1.2060832230871945 2.5370382959734803 2.1625052654684596 2.3432394138259243 2.531045200224793 2.5312246070837126 2.6077437575086355 3.5536072792152944 2.6654223258719085 2.2858842497506036 4.067022746736946 1.0527511234419267 2.7018676637990993 2.0687979085110606 3.8227750161463625 2.385248977888311 3.28234262708636 2.4623199277258156 4.658195954572479 2.542875832304463 2.9602541433274667 4.788356008176294 2.2940786125747987 1.766028323851013 3.9703843386247093
2.198112572165926 2.3725333738877907 1.2455945830800728 1.6218068094594482 4.607282525917923 4.053812536301253 1.1219520485733505 3.0000058140242745 3.6058060053498817 4.443191164598549 3.4422409933221356 4.776321077063375 4.530869747512501 1.9549075710707653 1.4171564698592887 2.43566352346767 4.357003571790524 2.3456386816043207 2.7352817702060097 4.362796441049094 2.649609213868762 4.839134628967123 2.4326441720824676 1.4912219381268792 4.6302694572070004 2.929489422250933 3.858514404018106 4.964368264865578 2.1423184787127822 3.1264580980974195 1.0227405674520753 3.085356180090654 3.5747247974322303 1.5434172945407907 3.1155322473057585 3.447948675774643 2.009180587402623 4.422993367490136 1.175680911922587 1.8044192288567689 3.1758927625496964 1.4330823312523284 4.328769205857778 4.724757127793524 3.494585357111505 1.039436829812403 2.340244467269511 4.085529231216617 3.456414078100178 1.4683406647319894 1.4797724032268098 2.6460875892211195 2.1305341316967477 1.1297216787789592 3.3779158921571466 1.6372235839804872 4.3494853285646276 4.358542054828069 1.2658084199465796 1.0753733050513055 2.264250608293323 3.5388529702799434 1.8316024080327513 3.2888690896728803 3.3995851287053176 3.465967818914139 4.0118391053712905 3.6838521305217267 3.292070403300502 2.807285624046071 293.83502407427443 3.609992594806969 2.154943687511764 1.6838388320164883 3.152042556307659 4.421160769626383 2.854568119632993 1.6835306894029896 1.510917304948761 4.729284562839246 2.20382483895464 1.4903474783573034 1.9228266080128127 1.5360187610480627 2.3630710893291456 3.4073722253758967 1.081932997465131 1.615102845167486 4.183415734861311 4.92545002085658 1.5638758336569696 3.8445310322403987 1.6024866409483414 4.720241498137202 4.689508246564797 4.3280693324388295 3.9795143780822313 2.4559093159042042 2.320228961457521 2.9279095422255645
4.196600939435512 4.679677574438599 3.024728362650668 3.2845537827593954 3.0225770671510674 2.1545450474657524 4.151558069074302 4.8105162094063765 2.86051440302138 1.6615551319979747 2.4135164990905214 1.1488475727121434 3.2140597525686805 2.590005191649609 1.5797624722310983 4.195360692888785 1.5407166101855077 3.5949514090896506 1.963393695393358 4.297974954979793 1.5617799072148624 2.6817369655836476 1.991522932542198 3.3867260790749363 3.255825873422051 3.501659280533972 2.0482475785932954 1.5019587431255408 3.044068897086586 2.873500889659805 3.4159442753226728 2.7641598558688965 3.594662544728453 1.8931504470418585 1.931191789723619 4.457096840577087 4.448848251793404 4.0636579551644765 1.6433856564085834 3.3075426538659443 4.473947575021759 4.754541284143801 4.4999954575352135 1.8721371041475425 4.307853926933659 4.704170061518279 2.846589774841949 1.5001781402124341 3.3169460653556797 4.473493945233165 2.159607574367284 4.012236425823635 2.8294158114029635 2.3056703149770916 2.735060537974626 3.0384506733825436 2.463188010253026 4.152229397085662 2.307295378921779 2.7184041612540284 3.4223228941099193 3.8158602782943953 3.0074145081330164 4.494961178254667 4.383602774586443 3.407234723546666 3.8523763664909563 3.7903316396898137 2.300927210749838 2.7514460943910635 1.7840009399562082 319.4456820469623 4.4232477941384385 3.846479150688403 4.671765024946071 2.510783968102042 4.389782081729214 3.042817807264575 2.916315363299895 3.498478853550244 3.3918819087177217 2.9257759703424595 3.2364116808461767 1.7074838550553242 4.752033369566087 4.615942648245163 3.6092842010643733 4.65037250702795 4.129299961920652 2.388461166480011 3.425344224597361 4.727430299997149 3.9102280238611384 1.1404640791885021 4.118352194259072 4.871869361405458 4.362206827838685 1.212006437172327 1.249271693836561 1.2801752221645062
1.3683712627530182 1.955207348995176 1.985490359146961 1.8758478175307465 3.7390924331044944 3.868447231072423 3.36431214884557 4.059196105598447 2.0968333060773188 1.936273063064967 2.4830460381407264 2.8120285460030634 4.983620240091367 4.4712245221009965 3.36798142505271 2.5080627965670237 3.7470885836284427 2.884481820561092 2.8920302941302305 1.7602031445433455 4.26281155849744 2.9977033310531502 1.381254826958095 4.6779591221790895 4.478392982718958 3.6563230307535304 2.5521979882479684 4.3429744275502955 3.546809330597747 2.9988073531019754 4.263456251704133 4.8176100474099135 2.6025562240182025 4.639585353179761 2.766902628688432 2.039867225023511 3.4262791330324887 3.9171217891948715 4.6497836918321145 4.02709921442229 4.355700314420715 3.0923713308113414 4.829425612962085 2.478550064076107 4.735738146639039 4.6148880063814355 4.048042438374894 3.9325460905132883 1.3850224992040454 4.016642235235773 1.8444729549379142 2.7924813503960713 3.5483751846964995 3.3195299738515724 3.577029204897981 3.5704298100372798 3.2317433732074945 1.602288504993004 2.137101583554448 3.9805128715683082 4.961978812060442 4.892763336825805 2.3204464803599687 4.406331838904357 3.262338660043948 3.2140634555552916 3.2107474687740454 1.3092950170330457 2.907600428278636 3.478012101773018 2.9518047185492216 1.4382667886247384 315.65587636547315 4.983374427171787 2.255366115629398 1.6845482979936488 4.3604499032637065 4.847967779087523 3.8827115134997108 1.824789403320454 3.3504527406755904 3.6217454605066854 2.569418255533101 4.382900557601054 2.1406600051658318 1.0944397474567231 1.5331591083696776 3.726862766973618 1.413775344491694 2.406274250295327 1.7178512588031278 1.7551746964979902 3.029787976546258 4.743665815158719 3.9024026620010974 2.182567355932446 1.9687647287826695 3.6655137664604007 2.5848847490299662 2.53815242124941
4.221635152145673 4.9268245073567645 4.770715734127734 4.1139769209670884 2.887789528075016 4.842006133711964 3.346316885557389 2.1615665123258316 2.530040508375721 1.994881024954081 3.297909025591483 1.6047746723759628 4.048530134240459 3.995586743879317 4.502303002284579 1.5883367252032974 1.2756929072156522 2.703893944552181 2.7830542307977204 3.4364004503101233 2.629607108472541 2.4485604652388724 3.8829810363329464 1.7842171625104042 3.6567335087172763 1.9893679708941816 1.9405601831444184 4.244969280696495 2.2763881188813837 4.6856349148188094 1.6908668290793063 2.5411724999287455 4.7059686038824635 2.316003878571532 2.345640989168283 1.2673059655054275 1.3516292402940686 1.6570553175398581 3.983343885618096 4.8674963297098515 2.845531628806848 2.3665600077490248 1.621250892894528 1.5244182571872753 2.125084239123884 2.680591313766007 4.728380154626395 1.4432519765819012 3.6303237293450947 3.0055317745680155 4.003634573217441 1.9417154474456186 3.0849979730978614 1.3348288415087826 2.883612027899462 4.618281348308727 4.240957334234482 1.580966929895447 2.874940770046075 2.4528355197081213 4.792644746139691 2.2399901909512923 2.5398035064064555 3.5597746510637855 3.6192559691023085 3.482976174179975 2.1518328209401996 4.077692591660643 3.5679399748916207 3.749003228249982 3.081139403539488 4.305333085437107 2.496022716623727 298.5794544036672 3.2269044379639484 4.606228127237134 4.488180513239431 3.16568442969438 3.6022081851909875 4.8359998476586785 1.4970731466025113 3.6429341597278833 3.549680663850576 1.8767390429098447 1.0132059687066826 1.7654120891533456 3.8053720964987825 3.9624370296274045 4.342536331965522 1.4708835517493895 3.511443187233757 1.2521002661561522 4.582148274485084 1.0538426792184294 1.8171116248614498 2.7761006401690147 2.2484901533260597 1.567442222835024 2.4414013735268547 3.454387209573155
4.303958522928287 2.4956629566133843 3.9891425054455962 4.687598668539312 1.9062026929801297 3.7308437569110438 1.9444438049485573 1.5102747925735263 4.284805879145432 1.6505760207867284 3.3490423752538945 1.7743556220947663 1.5230771467417332 1.962207569061813 1.4905842849559194 4.263999652118029 4.9424887928537515 4.856364629598316 1.831702477841466 2.639271937242623 3.042843262460757 2.581434955946319 2.421166606029969 1.7804297747122466 2.844075948696574 2.45461017160585 4.638308647595494 4.267741981154046 4.482824761291486 2.441004569056287 2.685564089189072 1.277352916763439 2.617646267804519 1.8655783745249526 4.084401252793782 2.5790310694009735 1.4498550345977832 1.5458391777562248 2.2950365804942523 4.8592256671863865 4.79725789461255 3.8951555481785167 2.5450314339925106 1.507138511627713 1.5075470843844898 2.039032252382007 3.9020655106301563 4.673871605062074 4.624129933081097 2.5992571445918538 3.5687177193203965 2.066589915825347 1.467416591746911 3.53918920534094 1.8831681577323334 3.1500457486760136 3.312018733771485 2.661274414556228 1.1700200372669527 3.503880775301339 3.9961965120874345 2.337032033510458 3.886686393575443 2.30004700708814 1.2079592365458596 2.4911589126417337 1.3117767416608554 4.074775509940308 3.465822682692291 4.76019370432445 2.7824263895207157 3.0397872005003297 3.2467830009325547 1.3320154221365024 291.12005879069164 1.4042341320730536 1.2306591798813895 2.0286778400079353 1.1196538307089652 3.83674001541819 4.582816112676197 2.102770973252338 3.962202379872502 2.3695838560220697 4.5751138748230655 2.6465843165096308 2.865931556497431 4.7217683150148915 2.602370727598256 1.9443963629239311 2.0633748650944406 2.146617536872942 4.166897779551873 1.2288843457858203 4.991656469182571 4.227828206972518 2.0433659623767295 2.500754800000673 3.7482512205964027 4.5653378745367625
1.9310889245925629 3.269394978390988 2.478754226436081 4.075901399557387 2.1427505893273966 3.2563586886856917 3.3042478924469094 4.431142530731172 2.1668670567203736 3.4440270800708275 2.5257962590136387 1.582828419550177 3.252730270533439 4.450478148218497 1.6081740741924855 4.927893628749744 1.4891906455733102 2.1469793676494433 4.816982077720624 1.791282515903367 4.817467858565679 2.5363360967092006 1.4567391826135547 3.6649665686564448 3.1181702089566823 2.8028876305000368 1.816045717713357 3.875111180040298 1.3689538258011202 2.9645648210789344 1.9903713689807234 2.3540606843680996 4.366981922088192 2.678071121626067 4.366077416605499 3.313533077956592 2.5538195145514737 2.228443271805756 1.5475427521092078 2.428418339089848 1.272936830448249 3.1212019619043416 4.901004360451816 4.16869105344842 1.0073385696488004 1.058228085322272 4.94029914242692 3.103436881405665 4.907969693491169 4.159392025380045 4.074736769144671 2.6949391193170555 1.463746564210744 1.470299523681756 4.879178998800051 3.5893431946184156 4.741497926026587 3.8850891676493773 3.197400841138209 3.2908326661144494 4.456871387921749 1.5631849789516408 3.6644607268529747 1.7664345233335497 1.8297817331432995 3.6021703941701864 3.709894196095634 4.487308689496235 2.6897634762074083 3.2911911764237365 3.161678208199285 3.745862756041364 2.9401357330234656 1.5696174791857174 3.027599778306394 306.48282194606116 3.3692458013449786 1.301178418124881 4.168205363117906 2.8623110438670643 3.5698788944652105 3.504245764539312 1.8149896075234064 3.2805517422209047 4.156772882664371 2.2560913770703594 3.4754144933235027 4.9481939687774705 3.578561107706299 2.445054630336037 2.240263039559702 4.741968047028557 4.968716737198221 3.2053934297820295 3.3038271866143942 3.1709345671523583 4.273768288375882 2.2414807936213457 1.5139311765614778 1.8663909174863105
4.140601254901963 4.984475905939666 2.4245604599933954 3.112923068909378 4.187872687812813 4.025061138055931 3.717093501810601 3.659760248434124 2.555855618187149 2.5570884596979857 2.8335722695877905 2.455308020059902 2.7735648701215236 3.8329204261491725 2.743274131541763 1.660071229502441 4.031856055376011 2.0980598983358765 4.381053333566429 2.8625036903087566 4.835821819368107 4.162140031485677 2.965154750042936 4.195594581404334 1.9672574894524422 2.4823019894679788 4.125322925024667 3.023598328191621 4.467815362324828 4.6014272002800976 4.140783477928465 2.3684155040563115 2.4593407757426213 2.894270476984341 4.433938591221478 4.776042728660153 4.057444503982731 2.3295744771425992 2.848174813071342 2.263354621781838 2.5004551849301815 1.110306541833081 4.202963288129244 3.9026729746702635 3.8161413727201685 2.294087111799344 1.878908325026424 4.258371995922181 4.094570813149869 4.016948925120548 1.7279735825412157 3.983966635519125 1.6756565625971036 1.022239030701086 2.689368133607159 3.8484806469622628 3.8259595387737844 3.978533807395273 4.420917846872754 2.433548408281799 1.9055128521793905 2.5534610454464786 1.3060440122147434 3.2017498429186118 4.966329575988214 2.415334454200117 1.5646474955873133 3.1268161725201082 2.0796254174677093 4.939026796872516 3.2863168776925873 3.7729745730958 2.589664123199315 2.165389390488859 2.9451972772675403 4.152957720502162 323.5297690847701 1.142141820038594 3.554577725709003 1.860465837022255 4.1789167669559175 2.8535054252035543 4.998030694730856 4.156544653886716 3.986411486765566 4.745806626590513 2.9180923700198322 2.38320789791574 3.6669196723385276 3.7991867062517533 2.227582170826393 4.211809893567551 3.9725031659225167 1.1870596928359163 1.2654354466738647 3.163142575642883 1.7072586422459484 2.3332417487043187 3.0392365154527523 4.060700989181022
4.349618293085707 4.807524395124222 1.2747108467940795 2.118627665684094 3.4592791500966373 3.0636572244434004 4.493101516013228 4.357937330953338 4.377637749333692 3.140083553223781 1.4534144647493807 4.968286260960568 3.9879857938723986 1.8378675874432355 1.1919851636363759 2.9675381377024452 2.0794332005109157 4.219071105332782 3.024796264176642 3.92100102466327 4.385413996618663 1.0457638891578545 2.8474539172634894 3.8671983236350016 3.8472457124528088 3.445682409201355 2.482410683153825 3.6787985174343487 2.1275017551589497 2.3059818196045385 1.9956046845037902 1.2339437476486568 1.5426767098027803 3.9903261482844727 3.9802811964476303 3.135609858311787 3.1928313986697954 2.6777673590966167 3.1192330325083844 3.5170528306765703 3.742509788085998 4.349558839329983 3.940406018172785 4.609818405892806 2.0181219116841507 3.486693745811976 2.0786322432701945 2.8390730962960062 4.33078849163782 4.873477677216492 3.9075214579491515 3.261052765978008 2.1570794173022243 4.760941421656245 3.591993182085961 2.90033218625998 3.688436172105299 2.675552469940649 4.873169602780228 1.1352950799097945 2.76474957595325 3.21178001446042 3.648748550961736 3.536905347714352 3.880916279717839 3.832713385228848 3.239277839125511 1.381648065353989 4.505789203187211 3.9840978599395376 4.394347883879512 1.6471750573866588 2.650596994845216 3.30012826676626 1.9102805411039516 1.3353424319511795 4.497736476827484 320.45024285247416 3.441207620925364 1.7351063751434834 1.0848825472761847 1.5734508934246874 2.063302613467529 1.7971377368562278 4.448778758287202 2.6798769041813566 3.8272252790821715 4.533936610925167 3.79147724609057 2.6304317907862376 4.062293969202665 4.910803912361441 3.394657652731315 4.192990531338619 2.2183611740126787 1.8723010850665793 1.0792520328344213 1.2371406048456857 4.5800210253391835 2.9517036360063345
4.614311069172748 3.879368816850786 1.8145059071775838 2.971997705550035 2.770565454879999 3.6650047934096532 3.999322824588386 4.770242972650339 1.668566715996504 4.47927899167772 1.133945816511884 4.591205705685476 2.7891059942538172 3.8142421114747296 3.626691240363742 2.0793935063670643 3.2780079422394635 2.5916062077497166 3.2868413460001693 1.197221023497415 2.129708027387212 2.8965967148314418 2.1398741427889734 1.2475757492942416 4.16442006612821 3.321305252474078 4.868159563639599 4.809895067841048 4.836875430956288 4.490263074342124 2.858590215112695 4.695372066347023 4.64632593936545 3.377538512239696 2.3097070856679496 3.1750631554326345 3.2284906475217805 3.9305771579763276 3.372053687505329 3.8156069483852044 4.09288729308094 3.1995536726087925 2.0364400646985366 2.572811520396258 4.275170646818848 1.5699219328494425 1.8366525513460545 1.4065778779152565 3.2977770901178918 3.9464676902207834 3.1130548820370687 1.4170784502506297 4.953133242247196 4.9945863830028445 2.0409495115598615 2.8585535247832037 2.9998958046729545 3.7398676258206223 4.827342729378191 1.065877033666458 4.224780306211951 2.7144819726512424 2.0529139240984695 2.283962320744327 1.3044709094421703 4.294434590450273 1.5286497093266216 2.7411427041468737 4.6246905368021025 3.982086221351699 1.623223634551409 1.196000912505295 4.900590205580113 4.461960913487545 2.7285828852364347 2.244762516487867 1.4570795256843376 3.70166802359022 307.56390745169205 2.9373825319875095 4.528748881033847 2.5201176262075404 1.404895676657584 1.243542653587295 2.1972039612645253 2.869913803086195 2.6574464807056994 3.4898270990534224 2.7081105507252348 3.3606381447411717 1.1445629602328093 1.154491998860519 3.4541671989733036 1.8722466027563707 2.6752082160571806 1.1754528684578989 2.381183013295853 3.7058067003791586 4.107957414106012 2.0036911571719394
4.767352621476352 3.9473228933811817 4.4430767022990345 3.5954874343953747 1.0310504619003158 2.817037195325756 1.5245714128919698 2.983537053306697 4.587123478817269 3.6367781452246306 3.714720293548179 2.6182940134645 1.3054802980007407 4.917569905741685 1.7260013160523044 1.8358434848182674 3.721456867123234 1.9005748257635955 4.668292739289418 2.6588638334702015 2.412398800101509 1.9895963766982567 3.5441399601700456 2.348976700976714 1.2264268741228985 4.257437054964002 4.092276636106684 1.300104758173413 3.5128764469970335 4.139290201956176 2.6045400390298745 1.8049465945300533 4.359936347561903 1.2690580780022693 2.2889816663061517 1.5365762093695285 2.709579412632719 1.519733868021496 2.419985516127708 1.891859296527667 3.489858256773068 2.50807751625821 2.009373267004737 3.7360410894091687 2.2944162882595722 2.052904509549331 4.03900758789054 2.635884877508986 4.317734235045564 3.9234349454187987 4.508701741155482 3.6981700544758422 4.906056233048082 1.0772917933883663 2.1143452971728536 3.419899421968682 1.2576836506240343 2.7684227690048657 3.046903770857545 2.6934333928918464 3.088821587914337 2.9809949208610194 4.281524971826695 3.542816778869018 2.3990913338288724 3.2592595859940166 3.9386262210244314 4.802267423169446 3.357566209348073 4.578410397768021 1.8838309961832955 1.8155335017849148 2.1072227546202353 4.776281561002339 1.6631199139614647 1.7742753886033755 1.1035231024826215 2.9143318179580397 3.77233840606656 298.45935953330206 1.0182875029369733 4.062418777365423 1.9020434880438115 3.6654177585533105 4.113789421315712 4.205463115606164 3.1060529590720565 1.9564537972142415 3.4636274333781865 2.3104723558018394 4.209937305299748 4.554939951318868 1.5896393284742705 3.1537990734661316 3.95942296709998 3.216990316534685 1.8506413154080184 4.440741859034845 3.0067254095527693 2.2195583077799355
1.370321720605261 1.3325635514590006 4.159541543552374 2.5477061111932335 3.4541485174340063 4.17609080647969 1.462234122017498 4.938587597490969 1.773795125249071 1.929943320663086 2.496727868629172 3.946661617540949 4.133565592429285 2.272016853603315 3.154194508790377 1.7196104890374269 4.441289199108828 3.8383152244863967 1.1122797181272537 2.9365018600871715 3.916644966761991 3.0066503868027663 3.3647669513595644 3.135640477692017 1.2097607410083455 4.432667210579467 4.0119873530954795 2.8226549813508557 4.497775572778782 3.7750601799030385 1.575269723899146 3.2589575014597227 1.6377739547926344 1.5631858473061202 1.416831203790196 2.4932411138939434 3.643852398107205 2.8634472650395995 4.026663349846773 4.184354965269008 4.470610341260159 3.308244629675128 4.586305240346263 4.039069057452318 3.0589167500523544 2.9966220553963874 2.199318016005641 2.115289403289772 1.191834250811643 1.410552712198566 1.5665372600087277 2.3334536602067013 1.0819229425807069 2.441881329436266 2.171900832765857 3.7424398931065737 1.0026667413360442 4.116693855142458 3.2546873999256705 1.2658896246598674 3.667561928288393 1.800695654702611 3.4650760539689034 1.047939771544542 2.0454348397143742 2.8705119273220396 3.2820324171725725 4.019859902702308 4.4848972211913285 4.867885944961243 2.098969454490309 1.6268442531306353 1.441212091668147 4.494409159559739 4.295941168467908 1.7065663601943895 4.6203907836820575 3.268455902974729 4.487763727767666 4.91430262575143 297.0625756816059 4.957716188885625 2.0450735871913315 4.1800254014581615 4.092718813543096 1.7081965889966457 4.73496023024971 2.7745948425779416 1.2067283447712729 3.779975144529585 2.0048334150330973 2.118541295976889 1.2665533164119451 3.1341151970156194 3.91694272564477 1.8096213415442106 2.082460434377298 3.454334206547412 1.2909667367114435 2.359005273205313
1.5787060235853088 3.266750842186812 4.573138433032197 1.252069545422902 3.3353015184283015 2.7199228086972354 1.6418375770740843 1.0002346093766148 4.213581700080494 4.336470180514772 4.1509110978699315 3.412219641212902 4.544459057973231 3.572476925746366 3.6338544390183483 2.8945119771888037 3.7188214055391584 2.8699516941684844 4.28512268371846 2.858160804980391 2.3094298744842705 1.2348384006923872 4.82131334801009 4.452731056817829 4.478580923934825 3.51236802617324 3.6434783668540613 4.881647705071039 1.7489929585848385 4.321087385583457 4.809896525062816 1.2404539997792958 1.3582439971991245 2.7878053135075986 2.8625560779827355 1.2130860599823983 2.0636072979374966 2.149097241547521 1.6855373298041658 1.2798172968850765 1.4740908348672708 4.025143676235658 4.767872190483662 1.5162022498762804 2.3361725291640854 2.8506467954962047 1.1657256485404988 3.633761755531102 1.4245591986721888 2.0119658187438128 1.8087946384884295 4.123343548658874 2.718411134481094 1.2148870032634362 4.476684274200931 1.315761619201394 1.398101117948546 3.757464412360833 3.012321544623586 1.788189509445362 4.315689041176709 3.318418033021905 2.5537138013888834 1.3115259820994178 1.3544713474247434 2.3420331184013627 1.353655101462163 2.6598309779883125 2.5788635972757383 1.5142204780874189 4.873422951346503 2.750423220224556 3.283963482264074 1.150584533170957 1.5266808228723314 1.8123246570397562 1.2164129875606977 1.2516601719187586 1.5883502754982155 1.4536484896666684 2.171206443559409 285.7353048481924 4.37399030978845 4.517260155497088 1.6223660219734466 4.025046084951047 4.319201351092488 3.3060809604237087 2.3735798201095752 3.825497343105245 4.109041349874213 2.768152394735537 1.4400576948352306 1.745709007332585 3.5609456213715913 1.7909198390617003 4.2274690302140865 4.039764722504907 4.165319872990774 4.182045088667474
4.1075732483141305 3.5592250464715094 4.418859841564194 2.7768062500983044 3.7523117962593022 1.5499202730704718 3.6015107856361332 3.4271278449518334 1.514981168681941 3.111708822830679 4.374276195380077 1.240760891727477 2.7313916161965865 2.935164299991071 3.8506721199021254 4.347993617845322 4.52482116933671 2.375612207765007 4.08023347060826 2.2612437925748745 4.1811527772570365 2.241732288651271 3.3206652617025276 2.7228269757085473 2.5311798152783402 3.6501197733071025 1.362923753992789 4.994506768644996 3.055232853115735 3.06209358877756 4.102835882596746 1.323470631401217 4.342348992980856 2.0620811641896393 1.1579196157969127 1.8856260821556141 3.278237159363099 3.041090403730507 2.5581432056150155 4.383675782835537 2.3363191003162265 4.753959027298885 4.5081633093979985 2.2829583634723476 3.4332015019822433 4.8276335243954165 2.8587037407371594 4.278270141292907 1.9736964532302217 3.5308241637695947 1.0892823770707514 1.622101706332908 2.1369671003803177 1.3424813654557797 4.954241766353437 3.153574444483036 3.389692132598745 4.629790133327745 3.393767860619953 2.6177259550255143 4.777889229694486 2.4391847303455583 1.3133021811934484 3.412529308058615 4.469885429774877 3.4747166744830214 1.2412776943961923 2.010955667117439 4.61452471868169 4.223605685045355 1.7413781939852235 4.4582891281326 2.170890049532027 2.4232743886208685 3.07957480006864 4.367911435064684 4.552538904006948 3.908274979943898 1.4290089258495962 2.1080082669420355 1.0861555020210871 2.011030399708578 316.5785841986909 3.574104685995826 1.1379952753603324 4.861801164704991 2.4795116813934253 3.5209050553776193 2.5480189159167206 3.7642547073839006 2.7531038302890285 4.074645228368749 3.5552405370911555 4.169342549235662 4.559996242976195 4.857930359680904 4.008230639288155 2.2218177395031464 4.852451002346635 1.8949119611881748
2.3339229461261364 1.9725349657637015 2.482792787985912 2.6046456281316073 1.6207571344854865 3.2845111281091137 3.7920570744660065 3.2649135903482724 4.223647434856104 4.864853235588207 4.19421780588921 4.03111074600646 1.910841350331164 2.6745921871716174 2.8489954830338267 2.428544536796955 3.0237567085049095 1.613909478146982 1.172307742607177 2.2212864949135525 4.603622025463647 1.8393388752681634 4.599141377375243 4.246055893223025 3.3135544765953835 3.383041284487325 4.945982605679241 3.1835367036616757 1.775022608590299 3.871180227932407 1.948831939976447 1.9865414464929758 1.0315068330992747 3.270344260889099 1.9517583184006972 1.1811781724799562 3.5189545379403975 4.796346190151677 3.9000571057551943 2.203941312599648 4.602256838913796 2.2357139682261966 4.321762006382881 1.8627263954336892 1.765975699713517 4.2337681730231145 4.459624331798098 3.077866817656381 3.7573972540644927 1.014813337471964 3.4221965483847385 1.2131359813461455 1.3841591074048525 1.2795235524641422 4.556015916470862 2.8715239817380254 1.1371139352980624 2.134722462207629 4.08511882218772 3.295737375275444 3.0620977613722213 3.2829340554862294 4.16949923674248 1.0842217705581798 3.1664813601151844 4.150518518571519 4.125178818964856 4.79365661236028 2.142698039019646 1.1420371556805429 2.904586106474614 3.3322044997341327 4.905875637748337 4.631177035897339 1.1433808834138097 1.5402992929715453 2.6466404286875997 2.456029923939892 1.6190015226359158 3.4728417201760053 2.11552357668953 2.7524769794551007 4.08170326800068 303.97109264345744 4.475383323755583 4.790218436107745 4.371102496259776 2.76578742062743 4.756863826086525 4.765022410023803 1.7960620417654845 3.7015628039059805 2.563727799768654 4.499041432230333 3.0856698037133574 1.191517549543772 4.514496357237684 2.638753313268986 2.3188097807582064 1.783502921913089
3.6480697605703476 3.6369570051070372 1.6534941379627979 3.7494505625926684 4.225938681973359 1.9915532686325914 2.9978692142372494 3.0478282195646087 2.868010534777406 3.683633700944599 2.314678878587259 2.5942471149114534 4.361567254133117 1.586247369727361 3.8937185440205297 2.1018366041992884 3.4066085379168074 2.0756099797345526 3.31165327176297 2.4747258787760376 4.632784200805255 4.0676887396707375 1.8348916417384475 4.934660882753073 1.7431247483330337 1.2901977929957344 1.2128477379879543 4.445756726517944 2.246822165252582 2.5276970400791923 1.0626571942181564 1.9062908965092937 3.181773409599564 1.2071320022283998 1.6531767646722417 2.7657964837589626 4.517169605121433 1.7860184897755786 4.17251240661155 4.583883784419212 1.3928698295635273 2.879481774035238 3.4936133325615573 1.6271978753191862 1.3383885405222697 2.682700483645344 2.1875543447940156 3.3555379883229053 1.2435198676531711 2.4165989433735233 4.578610963894812 3.5144772167143454 4.822867923499631 4.872010398299866 3.3737704034565263 3.963682688787069 1.9847623369726488 3.6129000884080837 4.902502074268634 4.610131736435795 1.6849428862697726 3.4327300227680317 4.460573089054558 2.1134144325365947 1.569251319043655 1.1210512726658277 1.6927931503893938 2.0608540936353665 3.7464576546303014 1.8063319398844868 1.6939802862332551 4.933176713042602 4.881873101253632 1.5292088320655695 3.84066573453964 1.9596436897052767 2.2225576677045535 2.1393847759587867 3.7930503510989313 4.045419881487394 4.980845631172729 3.596931016703711 2.4838449116959427 2.398145051998551 296.17274523873465 4.809190891738195 3.074883681351183 2.226280205483774 3.018460860808029 4.510763106213873 4.107597036334569 3.7285757356645983 1.9452567240569065 2.8946166354825253 2.807701762224387 4.8956069609063615 2.097262200282116 2.6203995694288125 3.446798091047021 2.4206934114278447
2.335157369726163 2.6785787742595564 3.7312322693853006 1.3936152220386808 4.818590715020979 3.8112156843947753 1.1534312051687738 4.315100789390131 2.6906195239341293 1.9370831362172973 4.152551385776869 2.7409558775603506 1.9684325764331185 2.7495546043202173 1.9277461349433653 4.961035211997183 4.477031599444615 3.6082215488010276 4.743180864714526 3.3009033599891726 2.8914659209026587 3.559910922081663 2.456908919283103 4.07150652703357 4.73097664213603 4.4113990711870095 2.0900044514783525 1.6777398080973636 3.003155117031744 1.208174566129145 4.7578372616151965 2.596036221424305 2.935084871277108 1.7542466171596702 3.153443598068885 1.7185335970797952 1.5548248190125613 1.0143454366306615 1.6713302646768469 4.117816495226458 4.458477582503029 3.6738004946856573 2.1380735791091423 1.917510460401855 1.8257738811673834 1.8193063754791283 4.120137481815551 1.2163011845334282 2.8351908576769524 4.664380952373369 3.6198782327902426 4.826730185914595 2.5370037190844643 4.6892157943541175 1.6387926173078489 3.390812303075846 4.52370644663973 1.8439705189202935 4.194508465530545 3.7017489996173856 4.195636796370318 2.85715267462839 1.7134543081496223 2.501059028421128 2.956066430304826 3.7314716063549147 4.938898870838979 4.571247327975058 2.299270707502875 1.9285330447737317 4.432790762744788 3.7894124698274756 1.1506255910475764 3.098422777163323 3.2460557692398755 4.836807884731128 3.4207517860025427 1.2333344238926527 4.270848217002159 2.4936051887159305 1.1608023253240112 1.1229205078341011 3.8334628141582074 4.482742801883422 4.244877703451975 316.60739237746463 3.9649753164941326 3.658356691610233 4.648801568003862 3.8295475940005925 1.6842769316225286 3.4727917592023045 3.0669228495869305 4.097706219502497 2.2965443031372237 1.3851999295793704 4.893476024665931 3.702372164999921 3.551995015181406 1.5691501680589641
1.2023021987841447 4.454400706251363 1.7079956460254762 1.1454717279862834 2.982892043406686 2.708326782604414 4.7375986749456604 4.3739019396568874 3.427669663359818 2.8332146875162083 1.0064171912265683 3.4415989406154064 3.2428466569123704 2.4765094539743395 2.440011937173699 3.9581455691522174 3.548325633255232 1.9471243900540878 4.307707400412285 1.2418211514122257 1.8146495010113255 2.371092055570213 2.0344278736864347 2.801523247935754 2.8064366181244527 2.989674213521644 4.777202268122397 4.487980673359969 4.916975715622351 4.214518661632392 2.2207270808600255 4.569623295395068 3.4277767870763927 4.719963567834746 3.1162284850098327 2.968179604624368 3.8588432292750308 2.4779036431094292 3.4983717082431016 3.3864223657840324 4.164385390032361 4.074696943325051 3.1466146959704044 2.685038967773781 3.912724669004608 2.728734542143099 4.536275834355111 1.0553504150489252 4.007012164447238 1.273575011018342 3.6332696788042944 1.3175635873135683 3.603976778671047 3.8260125328090506 2.081943413471566 2.533582618561547 1.2810982068827377 4.843855017498209 4.802478283146876 2.0020437022371573 3.686641719482797 3.0128008224030887 1.990224506107924 1.480556381679956 2.1775631094397094 4.289167860577962 3.3352251521887477 4.023432483895864 2.342307297705514 3.1737659287184883 3.2228702704600725 1.9115530717669569 3.5808832546054035 2.6437970188988467 3.3939322487460766 4.010448570066535 3.1939735397303295 2.5124737781671977 1.8200075053320006 2.2522493252304767 4.890438184322889 4.330376933755103 4.569740972659368 3.3479595143627505 1.3979212899795108 3.9612571873554545 315.08707340723066 4.361870215782308 2.2485638770667324 1.441318591597367 4.929433157645528 4.090186922494219 3.11936902909601 3.0317489812398937 2.4088657702333878 3.1447365729142227 2.303921399537595 2.6661749067832154 2.614567887312629 2.699949275557234
2.0992757101442567 2.0315349763430737 1.0790944931925561 1.6823612304438194 3.1159737235581035 4.36777086812967 3.149602875222024 4.2510917640927595 1.8423274205297502 1.5147646178738952 2.0986809899029795 1.159566706094059 3.2350374564936457 4.182733834863209 3.7441344147240327 3.4389588008434213 4.195496081846752 4.39737629730706 3.080756127489142 1.8307538192320028 1.5307334064746425 2.9326153699723188 2.171482991768997 1.9042652134514935 3.9963413453922265 1.1486318320907047 1.6820890270141184 2.471578914384479 3.570493984359076 2.768390371143502 4.689084194581584 2.3171339759101253 1.8600419106426416 1.7224539390238682 4.53762526942139 3.682564426884902 4.30779210948864 4.741923785691857 4.795843602600353 3.0930891478495006 3.379735592702051 1.1569906007547481 1.7644754044971251 4.116629502114642 2.3251801733332207 1.8685249732552864 2.891800877334292 2.4888925567839593 1.3466191179747495 1.984513079958114 3.9055762153577858 1.2400068012099803 1.073014294519555 2.7445472378642735 2.097345240341486 3.41646765669127 2.6124826071838476 3.794215504193579 4.390401294740812 4.376194790675493 4.196475634838798 1.5328729591113857 1.216361279174322 4.649590080563442 2.204629416951335 4.788850462434738 3.9747519215158964 4.502248745432091 1.4303624102549084 1.1403915591536653 2.5247194367745425 1.8163189659980064 4.595823768346718 2.204371347233114 3.2836575115202526 3.7140911146841975 2.989071829724271 1.5261299542373465 2.615561735873156 1.565772964357988 3.827949071297123 3.4265232550110274 2.441396722105184 4.072429279347313 4.935318883988954 4.84555073500885 4.80387760584005 299.89177841523036 4.133683256246954 3.776432670268361 2.1117504210490585 4.133576625641458 2.4808614629821437 2.7808563991339676 3.0562120607356063 1.8399872631699874 4.391259839269079 1.1843382612131328 2.9067284114878915 4.131394694616793
1.32676666347274 1.2249837818300646 3.167534264268511 4.449591274085413 4.868215717606708 3.248343417882528 3.751281345605336 4.179007860824578 3.8059291387915772 1.2482113979830203 1.5479028805867747 3.5876745809912363 3.055122150609921 1.3121473398581234 2.9916209166792527 3.862708013659585 1.9270967702367994 1.6173712263600577 2.3446269710851095 1.2697745900973199 4.163330041132202 1.1295407345332973 3.118400064744222 2.916828270289913 1.6272326896051599 3.205954194023713 2.866237794222369 2.325249135657563 2.0948566302921954 2.8974793430449166 3.2090980581991273 4.6847748384532615 2.5938074426829947 4.882496285792881 2.2581353845359735 4.790139691049177 3.531414407035963 3.158983891662984 4.437717044169433 3.799357366599548 4.2797920695374305 4.742517716008268 1.5314285370778222 3.6407850838536 1.9897472013701596 2.025324329494375 3.333797226613468 3.0036922723980175 2.611588779175126 2.685600112532836 3.641505648857652 4.331649670402559 1.61794014342009 3.3494314682441497 2.138525310881824 4.477182326654299 3.9843689223515044 1.6568857044234568 2.7639315036634162 4.114692400422014 4.314666659845427 4.342568726585881 1.2005255449448482 2.257763438743868 4.829613961308042 3.8636151674992956 1.9529502367662244 3.730850051089028 1.7589008756622517 4.921272512527778 3.015754176229281 1.816526598663326 2.972386788818706 4.567672380686888 4.408301555044835 1.125601836202371 1.8301863889320722 1.063404252130061 3.271261144119613 3.0081287297371575 3.7004833906904397 3.4228349718176236 2.061847016223226 1.0595547276077677 3.6100195206950603 2.757211866924624 4.948663866025435 4.134740570268399 306.92105478259265 3.1970946197914922 1.7130724711886915 4.264821816115885 4.514404510605086 1.5006742495519716 4.077148801365695 4.267706439617125 2.2182693893480105 3.998533513818203 2.354233250062463 2.835566662409222
4.920112198458083 3.163260513601658 1.9389929872952232 3.104974530710196 1.979653235613048 3.2400024214358436 2.37526229924033 4.250061341821166 4.5186205240929205 2.4850942776044764 3.083746848267832 4.382874888504405 3.2436247336131117 4.488710215989656 4.308901091099566 3.5439171686900997 3.2990916114456854 1.0873323081502413 3.757004180417235 1.7684477400123715 1.0685481921988846 4.128296930818749 4.609880925918128 2.148578124759285 1.8400584334989523 1.6992260446356622 3.301435602408617 4.497125622408616 2.8095078680436374 1.3449503609944866 1.1665856175451341 3.709992232223611 2.04086877422665 4.659242387498159 2.8121283489237436 1.0481206966931178 2.769766578945387 1.1484155293980947 2.8822191354205793 4.654863618723332 3.4812578906081084 4.679595008252697 3.3148835572532307 2.640062859622938 1.9561327995757445 4.514773744877003 4.112269700042671 1.5812090643684091 4.579832228204532 3.302267183940147 1.2934060498179805 3.8223978199703588 1.2003420575118136 1.7412536264346086 4.982109700398246 4.403591613925113 4.552916152228606 4.883316958924128 4.626937904024388 2.058138867637391 2.0910922898058133 1.4207547260259825 3.2196306528521244 4.033544153539795 3.6537349407317583 1.1892618648440436 4.252856621124174 4.29320625397521 3.62923115867555 4.076677890782612 3.201412503778854 4.147413059144908 1.5831300236692143 2.086309876056571 2.794312114199381 2.4468850151386934 3.4321056481279313 2.8507316526238102 2.012885920110157 4.559507589961579 2.455651916739075 4.046471061595556 1.8337014937595018 3.1203356423574475 4.54256274122243 4.863327129693548 2.6496809134901325 1.7835888752253979 2.0794142739364494 303.7021564875941 1.314428491890622 1.3867108492801066 3.3853914892414276 1.464483021220401 1.9254494573151537 1.7949977981396494 2.9223595912778544 4.349206789394802 1.285603120350367 3.352832700323869
4.586743603334687 2.695488015712128 4.099877239277355 1.4378235284256586 1.5459866035843306 2.7279621094921187 2.8942761126040315 4.949645301041793 4.63185234224669 1.010683364332237 2.443587723381244 4.42213744709843 1.4567868904423267 3.4659748303063864 3.115455974444907 4.523779675951863 4.156495810399723 1.546984524334881 3.3241214875499114 4.323009189720674 2.7382206134859763 4.08918012574172 4.170686752671527 1.6676712351549066 4.886596497917925 4.264176451804529 2.9159723730816443 2.4529751054825857 2.5216102601220745 1.4814162034616642 4.577864377044586 1.6018172458845723 2.3785284528140656 1.3059945658476915 1.4185638416482877 2.9534315635479054 3.5709276003014248 1.2419882870762544 4.925794327541193 3.4100285965779085 4.872856397180241 3.934742872314668 3.6312491119624313 3.158345905389047 2.559223351088286 2.939662802726095 3.023332790554538 2.3832141507368747 1.998616326467236 2.1103603385052234 4.057904810883209 4.087882392171823 1.9234065634092756 4.900840964916691 4.48375965808691 1.726651562733998 1.4178003566398747 1.1343996864864163 1.1508488097071026 4.278784348652224 4.735340567290406 2.429159754856242 2.760520077353037 2.921532328247647 3.07466441852677 3.7212437255901936 3.230829257486417 4.842642920832612 1.9722630237310086 4.865762716996691 4.865220920722628 2.3864738585465646 2.6547110705452255 3.861578925325073 2.811236060400881 1.3331583428440115 4.0087391254719105 4.672747703268311 2.7801181552935983 2.9515587734052406 1.9912912641738156 4.980897107474808 1.382602392921291 1.7271441560449343 1.1530654084644003 3.9347199399577044 4.775181572301703 4.471118531512607 1.883972552330802 3.10268818746768 316.7827133264272 4.27588202509688 3.081501874549375 4.81973831400038 2.3819604830439047 2.8462050881252297 4.664783735416567 3.941773427834182 4.602600040284918 4.00264945126141
1.407191761221426 2.531369354931233 2.9690731315412733 1.0558215568906002 1.1492356244081243 2.7882642406244087 4.200284401387328 1.6567439987918964 2.231929819747607 3.866699787425282 4.476233189408793 3.89181734769686 3.4485085773727935 3.322558020263307 1.0813822239785411 2.6303205033016623 1.0016487817374369 3.8768043412720354 3.699134903025474 4.238019097596282 1.1162384642963143 1.257412543311471 2.377981727539445 4.927339123978808 3.21452506491401 3.3472323102394146 4.561766461111247 1.6736333638818999 4.1513320990291165 3.5907741322201 3.41810809066884 1.1953357938022533 1.8140778910602897 2.433676460741102 3.2385954322001247 4.391704821832667 4.179185112376509 2.4178088943384113 4.16901651260867 3.0318291537517785 3.693335442548235 1.3989228417383996 4.601612277635608 4.6551039108965835 1.4038942872025597 3.1916615987078005 1.859990269791743 1.02330630776108 1.2295368211623283 3.1816250732470484 1.7735752107143874 1.068367678274731 2.1783537676426983 4.111037121726627 3.1727414657343034 2.99036529521248 1.9744433164181152 2.0953876183615905 2.788146749932668 1.2436689349734902 2.451125207643853 4.4211807098839895 3.0761419599724835 3.791093368602072 3.5950448177647765 4.4000788657701655 2.469938198242416 2.685196104661158 3.2426676149722766 2.5002589297892173 2.4059542072881785 1.1607756583635886 4.512549323885132 3.4734166145469874 3.3659656891974077 3.781294224746309 1.798949168424552 2.1782719942405024 3.739455124708419 1.0638526723782524 3.9609976884811893 3.9173622808916275 2.652696069890146 4.659282074306331 2.978048877505867 1.886747203421197 2.974585925932336 3.968725832769348 1.1455834225374146 4.947071856821061 2.346798610450976 287.7869705155115 3.0133162541843825 3.710614126871278 1.242640608927653 3.300668949987956 3.665494183900008 1.3447459660587726 3.380837767108151 4.227346414991124
4.741671872213006 2.085494203884904 2.0176428557966894 4.2707159945440765 1.0967911414798164 3.3637079691655516 3.657835577379262 4.912422103814886 4.492565310106775 4.2298050930412545 1.7584097254113837 3.7913484468098058 4.425874228915341 1.1106920240327125 2.574676890456506 1.1642353598486928 3.617460818379946 3.2771643761957945 2.6259959494895724 1.1419243358923095 1.7031997871993378 2.1430908505358754 3.4887798615167727 4.224816781722929 1.7444716375079214 2.4380002367212357 2.7588017641620617 4.762700567148318 1.2755870392129656 1.0370909901370364 4.844813549227075 1.0150970627986928 2.7534459333616823 3.7892087571673216 2.113039228027532 4.42173421568474 4.602030313082256 1.4050551013717882 2.6908700615138055 4.767023666304514 2.551882012214533 1.796940635296279 1.2276352592559898 2.660118979732304 4.417349383264574 1.5444863670430093 4.366452514606674 2.96558571913079 3.8191581908604166 1.1161214310347094 3.8088413464731623 1.467525521121158 1.2774529951127058 4.736190711099932 3.5048890094460714 3.750951512279892 4.171134083202697 2.751589416837677 4.565514928839776 3.8233783817066174 4.683756967904723 4.454012563684941 2.567840815351352 4.6854012294690826 1.0787220872082988 2.95164820312668 2.4696935230311494 1.8305222736918596 1.5975197657024216 3.6597216557090406 1.5365016311840844 2.887708966823862 2.012706836683194 3.0592109551148092 3.1395592966211323 3.2438856799693494 1.0435303373852203 4.213031839639426 3.8037031853451246 1.5087685853704897 3.70846926979404 1.2901861450328593 1.8751066998707917 4.635445352202918 3.767732449192825 4.211920814824042 2.7428695765691375 4.379090205465223 4.500427390158888 4.830211157596694 4.049420558836729 2.820335637714418 302.8963403419756 2.7587981082063417 2.9304677391343255 2.2442678795110265 3.433779408429266 2.1721160854518495 1.0532830919655165 2.1563764591310814
3.0740223515508363 4.282664553269246 1.8216437259156497 4.780979942639762 3.2648262994739063 1.2390324562827288 3.914939275733156 2.7434327185785574 4.541675847312272 3.4798553366682117 4.733205913652801 1.4126027112656256 3.9821202449566937 1.3574444517728796 4.55967390102146 2.3940827857586706 2.449726477562454 2.381487082359993 2.6593473505992433 2.9184093416091867 1.9466896923727615 3.9695535807663513 1.280868701571373 1.1625121209882372 2.5699076414374193 4.379539486913277 1.6072525804038253 4.970993712503452 3.116203843891647 2.213279184021228 4.253772588164908 2.2008333380876453 3.927563694353161 4.975589223233552 1.1336535369968699 1.3674975654738217 2.974768641703416 4.847648725316903 2.7662680919593865 2.8012511543848557 3.1441614219292884 2.7824771389770255 3.657137614613897 3.6481244829701547 3.670084731578286 3.9862104713616238 2.751865509140727 4.194612711323308 4.351246194160591 3.942152822088533 3.485999048434977 1.5820168713737415 1.0373777293766766 2.362252843521731 4.206621010500436 1.4583421216145611 1.2786391596837463 4.483645125698876 3.1365389869099203 1.3063000813095407 3.9195937604847844 3.1160408846579735 2.1971806591053173 3.057492798958356 3.7494667952804015 1.0190046926327407 4.867877614345183 3.6386692741448723 3.3445075250687917 1.3759110718876784 1.767447561152859 1.3765258280716681 3.260495328925825 1.1758073477587891 2.0131840015113442 2.250622589043766 4.559877098430303 4.694581741463315 3.5437686949846774 4.406045507492324 3.1405418329593098 2.91837064606207 4.180647292163071 1.4628325419648451 3.507908624599698 3.553801664750767 3.193650260268353 1.1692700679555874 1.9514031276844728 1.96046447547663 4.055733612700706 2.2405701263395983 3.6521425144034425 306.27744858000057 2.0343859414767005 4.917398671373834 4.100495849307931 2.1421317952425114 4.454156019259337 3.5387677705666514
4.165542078461787 3.323983913167467 4.571583643571389 2.2791244909472335 1.3647362966386045 2.4897133088558587 1.484854925824 2.2873743368611046 2.4925410724260515 4.640431231347225 4.848486547819176 3.1042283856956985 3.8424730868291284 3.860263912794114 4.534025680737903 3.280003389685958 2.494895430616595 3.0956814632201115 4.800282014776776 4.067595507589042 4.1322575254020455 1.483538932189683 3.205447044874934 2.9352397114521493 1.988792385161478 4.210852175186382 4.67070630209614 3.0830202863259992 4.658565936869763 1.4903975917410826 1.5680364137461593 2.1483529222192668 4.522039169357152 4.372565625629251 1.803556292716185 1.6258576452462576 3.2793661060719583 4.8258402315031805 2.7016246197829505 4.01212829295377 2.22768275085989 2.309452581445738 3.412280589557887 1.5861046156247878 1.735121008378877 1.1639509673847934 2.7310489706713277 3.0125966565529856 4.4090895359185645 2.61609490853827 2.1015599541557237 4.560203033291929 2.439269806528144 3.861265754862479 2.429104410761098 1.7865030902183263 1.487811184498685 2.6937905436742864 3.2897804519713643 4.0551704367466614 4.016006873338707 4.686407801010103 2.1469562385470753 3.882530890433825 4.493290876710759 2.1804066775377224 1.5884798195578678 1.3633303354044104 1.1239577738336086 4.842500438120606 4.423559136703757 4.186204989740522 4.843753186991597 4.921364093332269 1.1976172273674588 1.447824767532146 2.6972118020159055 3.504739482614265 3.020707441876039 3.075715516538688 4.641534601352402 2.1992160901019813 4.993838990162324 1.3601972034578873 1.862864457663267 3.9460573065467153 4.2694638693713145 4.686642924521193 1.789302929042763 4.782081668455038 2.685619233729173 1.6084700467168478 3.4504974583495063 2.6203592724988303 312.63346632986475 1.7479484785266792 1.16433709553 3.5057583065756925 3.8185368956014196 2.2048341773689777
2.7317529655369635 4.028431627700035 1.9861441031587987 3.646725166816788 2.139272858605227 2.078656368407109 2.311422293286371 3.122175710275217 3.364018417754633 2.450763819848467 4.262976698768906 4.3221404064323945 4.4133474050091 1.9686965396049594 2.8684586531907224 2.129134493074067 2.0518849461857807 2.929067955353733 2.0844869865639724 3.408551733157594 1.4270807941017947 3.3337899207939867 3.26208682176542 3.838169526001347 4.563671149287853 3.5799476726138617 1.9104253477787285 3.9783007524525535 2.18768929940851 3.8990126054168535 2.683804762079646 1.8205176307949915 1.8755011379214435 2.062416135356249 1.2682773304453652 1.4781052484500519 1.652178316591086 2.412117924788165 2.6691363952198146 3.1020062601697695 4.999528484829995 1.3047315454441715 4.528718213363689 3.887601589673501 3.152964591958553 4.826054107736736 2.0916094423240352 3.310124457857463 3.323150496600991 3.1982126059218383 1.868446934960014 1.6153092520966026 1.9904987983167053 1.2673118313615732 3.840726536068015 1.1233798262210355 4.841958122171272 4.588253256018174 3.222047627618524 3.8295636550398253 1.5708388170572616 2.1422642235659155 3.0873845010335548 4.684455788859353 2.319033641075564 2.2256224028257523 3.058180794731417 4.361244951911661 1.6929016335729243 3.370991391513539 4.992962778950169 3.600070751489793 3.3938362183811708 1.0230325578921295 2.00579496415987 1.8335201673939596 4.9952107039640925 1.5934786187052348 4.317685558429296 1.7530243282798081 2.528666627374999 2.4164167652005917 1.0510106899123377 2.957713204072825 3.6458276921235195 3.332723441457164 4.93215781322623 1.160402918407236 3.4250192798065036 3.8420471089659665 3.2951672449591394 4.916826078470667 2.467641239035117 4.035164377628733 1.6082950199617718 298.2291656174378 3.6761508546886965 3.487972611906203 1.411780386738367 3.5649270640318074
1.75466851063638 3.0835565604161075 2.433948064375158 2.6935352540861057 2.152234184445024 2.1487684317888385 4.5612257361257456 1.4964517719308588 1.119794068599266 4.212569533283133 3.5679890401621885 4.01059695921872 1.747955771620573 3.402918463782015 3.9446270756892394 3.519218458308167 2.3228380322505267 1.712107381097458 3.3698412535368534 1.955726853332882 4.2292335125177445 2.0624196584034507 2.8783362223852293 1.7470339903813104 2.9555100344549388 2.5274271871419702 2.9384511502639707 2.137503580985542 1.6596459599692346 4.836389100328635 1.3804632786014017 2.2736543433401994 3.004870482085919 4.8926119637191965 1.529592304011104 1.3314173591346372 1.8285272665071108 2.3955607220865485 2.8276491933116494 4.082935578534043 2.1372244758096355 1.9979445016634911 4.2141725408292245 2.6211601190770124 3.5323886767899455 4.926554632326537 2.184860956446515 3.579788514474002 2.3622955893834123 1.9758390799519132 3.045713216869499 3.820856196029035 1.8862198832556354 2.4952912526328515 3.4354202626647723 1.0034430305192346 4.077408744967152 4.9851358412532765 1.4967835633295956 1.315962985727054 1.7035378394549134 1.920677537660631 3.4552652265112953 4.230637464836039 3.5845566043523127 1.0609820331606241 2.8768813166978218 4.722990349187812 2.6884520179681957 4.457892938625367 2.078127090251865 4.5924755376681965 3.861786535417005 4.813758728888951 2.3580911966655305 4.106421801024787 1.476798538624334 3.1431057052328204 2.876198903325979 2.5508843960524397 2.8649927953950627 2.566886727339078 2.3022738774887426 1.2634404287674963 4.891488361724439 1.9848411045263132 4.87734561529267 3.55675042897493 4.442654314892865 3.4990176032450604 2.1843993859357567 3.1544896774721494 3.8035777055159112 3.3854203428641862 1.1729393881939134 2.9221372227695244 287.89374182600255 3.5305980138695348 2.0832170394183382 2.0275536336517934
2.6954197406606997 1.0257172314120346 4.946765161966388 2.0468474789426505 4.194222523150458 3.6823810314017202 4.3146813871550265 2.6627597832732675 2.345270308204142 3.2268941837788123 3.6986789834764884 4.70486710488919 2.883535499213009 2.1814097446112464 4.408061485282657 3.1155597698845074 4.882845744391135 1.7113161996646014 3.1425330972825476 3.92794853527464 2.669306450616548 4.033702142855002 4.803604916958768 3.5933564514734084 3.7915772900716833 1.0444074165129522 3.2361940313431594 4.911447428620637 1.6416990069811472 1.5707545701814802 4.348383506193352 1.8624845004969517 2.5680226508891493 4.336184091766084 3.7618275551805374 3.0320324421134752 3.803138010066631 1.5148242316934155 4.884702133531864 4.647828728161107 3.3848030257299584 1.3399047229894747 3.244957183350985 3.59356211452441 3.3187038361795738 3.574855226359777 2.3066677021178625 2.4329911620364664 4.854935334398684 2.581824326465525 3.7255348897233103 4.241162906718065 4.527699197859905 2.7174923081393376 4.4725296819321 2.5471897037324687 3.6257431628296484 2.016854732719148 3.5788943246159097 3.253578961031878 2.786602879097921 2.9389312601797286 1.6179878674246164 3.2569466916663155 1.5796516668474578 3.404520830185936 3.1330887044567812 4.148032905376313 2.6172144394674746 4.8823864334144815 1.069786798607662 4.427842896460688 1.165031411431039 4.982392824263256 4.112703948879654 3.012673086973418 1.1276054362301804 3.6228082543838056 2.95011799950839 1.3087191912449625 2.894685469245788 1.841652577092689 2.3555261227168867 4.358179991148565 4.197176515863067 1.0552124059375982 3.9274669304254077 2.5909188703395705 2.8762494136951426 1.6836414917976126 4.342411993371197 2.710840379871408 4.786233830734016 2.9829909986374648 3.1529628517465365 3.493090293870028 4.323492003186349 323.93814188515853 2.6169893533715327 4.2467177330843295
3.7616311907149034 4.002919883184282 1.4264009648332565 3.5778756496786435 3.6732001016199183 3.9100860613817034 2.42112156509639 4.250568783387795 1.545503262358002 2.4618517919784626 2.522263580652164 1.2438847095251209 3.6409894678419694 1.1882411862420659 1.2242878420292778 1.5844996658488628 1.8023721379534092 2.90023160039726 3.405158928656081 1.0650230281542257 2.789309832099018 1.2641580358465103 3.93433270467769 1.0433235559403937 4.701097444931646 2.713869225452728 1.245925296398346 4.7585578086464215 2.120984227725318 2.780053572811608 4.726350852913637 1.9135230348529007 3.660163323617631 1.4456248424892069 3.6971836385999413 3.9510451001104263 3.9268721970925586 4.397800016456057 3.519652586611294 1.3214146481966145 4.695797607130179 1.3412319468695597 4.40131706692828 1.1429576058519033 2.2166737445929683 1.2622682402948215 1.9383011563177872 1.1438262233615841 4.013581874917515 1.4050703975874708 4.640022035427827 4.180200501590955 3.5884449596693653 3.6459277151512715 3.833220591748204 3.5017460087732997 2.6650249620285513 2.564593436237834 2.1039731311121024 3.469597227924355 2.3891262027787814 2.0603072472061448 4.409314492919965 2.4634105512127458 4.870696101194632 3.4025392082214636 4.854525583036094 2.1844419414592173 1.9306306037266765 1.2490450965982598 3.8411057437922573 1.2818925865039308 2.1333257927123848 1.7113110345314326 1.5032371877606208 2.0631487597693723 3.704022721523321 3.5581504256259806 1.5642076032990913 1.199074762788059 4.009194267969232 1.1903913432865627 2.4758836739469405 1.2166298500625214 2.0033549248623155 4.448828588984639 2.5982887549365943 4.870653578418176 3.9744096814400085 1.536843896236884 1.4934475607015925 1.5937492987121376 2.3906443564030053 4.47291443027173 2.4236983971657735 1.9459251190809939 4.981145451486475 2.3405252658940414 283.40150133769885 1.7990092230094703
4.953648008473584 4.028618070773092 3.266843625369754 2.8186785764801963 1.5698609888106274 1.479036728243409 1.4065395878513156 2.0039906758593666 1.221924218321666 1.8557390379803453 2.140821785542318 4.843789895977052 1.2296415214938197 4.097369224561726 4.755604291720073 2.6332516161036565 3.626189904665078 1.3348734768308215 2.661121793922993 2.632762908098139 3.1089794109826063 4.8224121711119015 2.488347897339693 3.7425382764374358 3.768632728496108 2.9041455755126018 3.5369705325813507 1.5542685383682415 1.0122451124796448 3.5246010277232487 4.070693235886509 3.1928765566409165 2.4439386729342534 2.9304637043651103 2.550148054066871 4.369918975499104 4.45391685475029 4.6899449636035 4.4428065260582175 1.9084840772359515 4.096225252815653 4.8139809805766784 1.164393346314759 1.4919342942483054 2.0221637629052447 3.7755395676121473 2.040499857732871 2.757735759063967 1.0880194867712993 1.4264364182806704 4.029672071563782 3.6884792120488403 3.6274815022399687 3.398402988472866 2.5322176216376397 3.0928776517484504 4.2611134716384615 2.797545874665866 2.6334051756477255 1.002644785475236 2.9438692994315523 3.294427899836821 3.5601143614710398 3.7501523244301778 3.090577854550088 4.059589502893189 3.1272107013558887 2.879915482545888 1.6451502167586427 4.138521625405897 3.2368013971293217 3.1502435319625066 4.883265012820358 4.053175101069585 1.3060508940963618 1.3319656216557614 2.075531348458484 4.030770197359738 3.6256097764165416 4.226216651537193 1.2789417159422283 1.8146535805940935 2.5810330539232855 2.4621882676110975 4.061740641968195 4.466399216994862 1.953744732820215 1.046918107713474 3.1787879118722957 2.521232134589635 2.4834042631194784 3.872994075579936 2.4733055295048376 1.3652855185720911 1.010485113089005 2.1735417384090545 4.812837943275506 4.1544502404805 4.013313141631242 294.706576237096
